pct_unique,pct_missing,pct_numeric,n_unique,n_unique_capped,avg_str_len,pct_dateish,is_boolean_like,is_integer,is_monotonic,is_id_like,row_count,mean,std,skew,example_values,dataset,column_name,guessed_label,final_label
1.0,0.0,1.0,151,50,0.0,0.0,0,1,1,0,151,75.0,43.734,0.0,0; 1; 2; 3; 4; 5; 6; 7; 8; 9,Private_data.csv,,line,histogram
0.9603,0.0,0.0,145,50,12.52,0.0,0,0,0,1,151,0.0,0.0,0.0,Camila Wood; Alexander Thompson; Liam Taylor; Evelyn Jenkins; Michael Jackson; Chloe Moore; Nicholas Clark; Olivia Richardson; Aiden Rivera; Harper Turner,Private_data.csv,NAME OF THE STUDENT,none,none
0.0464,0.0,0.0,7,7,25.32,0.0,0,0,0,0,151,0.0,0.0,0.0,"Stanford University, USA; Harvard University, USA; University of Oxford, UK; University of Cambridge, UK; Massachusetts Institute of Technology (MIT), USA; California Institute of Technology (Caltech), USA; Imperial College London, UK",Private_data.csv,UNIVERSITY,bar,bar
0.0265,0.0,0.0,4,4,4.35,0.0,0,0,0,0,151,0.0,0.0,0.0,B.Com; MBA; BBA; Intg. BBA+MBA,Private_data.csv,PROGRAM NAME,bar,bar
0.0927,0.0,0.0,14,14,25.36,0.0,0,0,0,0,151,0.0,0.0,0.0,Honours; Financial Services; Accounting Analytics; International Business; Business Analytics; Information Technology with Accounting Analytics; Innovation Entrepreneurship and Venture Development; Accounting; Finance; Digital Marketing,Private_data.csv,Specialisation,bar,bar
0.0199,0.0,0.0,3,3,3.0,1.0,0,0,0,0,151,0.0,0.0,0.0,5th; 3rd; 9th,Private_data.csv,SEMESTER,line,line
0.0397,0.0,0.0,6,6,3.74,0.0,0,0,0,0,151,0.0,0.0,0.0,Finance; BA; IB; E&I; DM; Generic,Private_data.csv,Domain,bar,bar
0.2318,0.0,1.0,35,35,0.0,0.0,0,1,0,0,151,37.9934,10.7341,-0.949,50; 49; 47; 48; 45; 41; 44; 40; 42; 46,Private_data.csv,GENERAL MANAGEMENT SCORE (OUT of 50),bar,histogram
0.2715,0.0,1.0,41,41,0.0,0.0,0,1,0,0,151,33.6358,11.8668,-0.6426,50; 49; 48; 47; 46; 43; 42; 45; 41; 40,Private_data.csv,Domain Specific SCORE (OUT 50),bar,histogram
0.3841,0.0,1.0,58,50,0.0,0.0,0,1,1,0,151,71.6291,21.2008,-0.8496,100; 99; 98; 97; 96; 95; 94; 92; 91; 90,Private_data.csv,TOTAL SCORE (OUT of 100),bar,histogram
1.0,0.0,1.0,151,50,0.0,0.0,0,1,1,0,151,76.0,43.734,0.0,1; 2; 3; 4; 5; 6; 7; 8; 9; 10,Private_data.csv,RANK,line,histogram
1.0,0.0,1.0,151,50,0.0,0.0,0,0,1,0,151,0.5033,0.2896,-0.0,1.0; 0.993377483; 0.986754967; 0.98013245; 0.973509934; 0.966887417; 0.960264901; 0.953642384; 0.947019868; 0.940397351,Private_data.csv,PERCENTILE,line,histogram
1.0,0.0,1.0,26,26,0.0,1.0,0,1,1,0,26,2007.5,7.6485,0.0,1995; 1996; 1997; 1998; 1999; 2000; 2001; 2002; 2003; 2004,freight_transportation_ukraine_1995_2020.csv,Year,line,line
1.0,0.0,1.0,26,26,0.0,0.0,0,0,0,0,26,329589.1615,49486.4701,0.1989,360225.3; 296050.7; 293523.5; 286321.5; 284244.3; 291991.6; 308253.5; 326986.3; 354347.0; 374768.9,freight_transportation_ukraine_1995_2020.csv,Railway_Shipment_thsd_t,histogram,histogram
1.0,0.0385,1.0,25,25,0.0,0.0,0,0,0,0,26,391773.68,62176.7157,0.427,342558.1; 341417.0; 335052.5; 334636.0; 346985.3; 372993.4; 378345.9; 414732.6; 436943.4; 448378.8,freight_transportation_ukraine_1995_2020.csv,Railway_Transportation_thsd_t,histogram,histogram
1.0,0.0,1.0,26,26,0.0,0.7308,0,0,0,0,26,7169.8846,4442.106,1.0948,20797.8; 14214.2; 10407.4; 8775.7; 8662.3; 8658.0; 8967.6; 10519.8; 9811.2; 8425.4,freight_transportation_ukraine_1995_2020.csv,Sea_thsd_t,line,line
1.0,0.0,1.0,26,26,0.0,0.5385,0,0,0,0,26,9065.4731,5143.2515,0.5,12844.6; 7740.3; 8567.0; 9045.3; 7763.5; 9550.8; 10899.9; 10693.3; 13098.8; 14247.9,freight_transportation_ukraine_1995_2020.csv,River_thsd_t,histogram,line
1.0,0.0,1.0,26,26,0.0,0.0,0,0,0,0,26,1191781.2885,161694.3247,2.3977,1816401.0; 1254540.2; 1249866.6; 1081326.2; 1024564.8; 1033096.0; 1055562.9; 1061980.5; 1114515.6; 1144211.7,freight_transportation_ukraine_1995_2020.csv,Motor_Vehicles_thsd_t,histogram,histogram
1.0,0.0,1.0,26,26,0.0,0.0,0,0,0,0,26,49.2577,31.3898,0.7346,19.0; 17.2; 13.5; 15.5; 15.0; 19.3; 23.3; 23.8; 27.1; 36.5,freight_transportation_ukraine_1995_2020.csv,Air_thsd_t,histogram,histogram
1.0,0.0,1.0,26,26,0.0,0.3077,0,0,0,0,26,178365.5962,57256.5078,-0.1937,245527.4; 245665.2; 236698.7; 240954.9; 237583.5; 222883.3; 224719.1; 241951.0; 234327.9; 242084.1,freight_transportation_ukraine_1995_2020.csv,Pipeline_thsd_t,histogram,line
0.0045,0.0,1.0,2,2,0.0,0.0,1,1,0,0,440,1.3227,0.4681,0.761,2; 1,Wholesale customers data.csv,Channel,bar,pie
0.0068,0.0,1.0,3,3,0.0,0.0,0,1,0,0,440,2.5432,0.7743,-1.2836,3; 1,Wholesale customers data.csv,Region,bar,bar
0.9841,0.0,1.0,433,50,0.0,0.4659,0,1,0,0,440,12000.2977,12647.3289,2.5613,12669; 7057; 6353; 13265; 22615; 9413; 12126; 7579; 5963; 6006,Wholesale customers data.csv,Fresh,histogram,line
0.9568,0.0,1.0,421,50,0.0,0.7182,0,1,0,0,440,5796.2659,7380.3772,4.0538,9656; 9810; 8808; 1196; 5410; 8259; 3199; 4956; 3648; 11093,Wholesale customers data.csv,Milk,line,line
0.9773,0.0,1.0,430,50,0.0,0.6705,0,1,0,0,440,7951.2773,9503.1628,3.5874,7561; 9568; 7684; 4221; 7198; 5126; 6975; 9426; 6192; 18881,Wholesale customers data.csv,Grocery,histogram,line
0.9682,0.0,1.0,426,50,0.0,0.5841,0,1,0,0,440,3071.9318,4854.6733,5.908,214; 1762; 2405; 6404; 3915; 666; 480; 1669; 425; 1159,Wholesale customers data.csv,Frozen,histogram,line
0.9477,0.0,1.0,417,50,0.0,0.3886,0,1,0,0,440,2881.4932,4767.8544,3.6319,2674; 3293; 3516; 507; 1777; 1795; 3140; 3321; 1716; 7425,Wholesale customers data.csv,Detergents_Paper,histogram,line
0.9159,0.0,1.0,403,50,0.0,0.475,0,1,0,0,440,1524.8705,2820.1059,11.1516,1338; 1776; 7844; 1788; 5185; 1451; 545; 2566; 750; 2098,Wholesale customers data.csv,Delicassen,histogram,line
0.0493,0.0,1.0,50,50,0.0,0.0,0,1,0,0,1014,29.8718,13.4744,0.7831,25; 35; 29; 30; 23; 32; 42; 19; 20; 48,Maternal Health Risk Data Set.csv,Age,bar,histogram
0.0187,0.0,1.0,19,19,0.0,0.0,0,1,0,0,1014,113.1982,18.4039,-0.2512,130; 140; 90; 120; 85; 110; 70; 100; 75; 95,Maternal Health Risk Data Set.csv,SystolicBP,bar,histogram
0.0158,0.0,1.0,16,16,0.0,0.0,0,1,0,0,1014,76.4606,13.8858,-0.0484,80; 90; 70; 85; 60; 89; 75; 100; 50; 65,Maternal Health Risk Data Set.csv,DiastolicBP,bar,histogram
0.0286,0.0,1.0,29,29,0.0,0.0,0,0,0,0,1014,8.726,3.2935,1.8682,15.0; 13.0; 8.0; 7.0; 6.1; 7.01; 11.0; 6.9; 18.0; 6.7,Maternal Health Risk Data Set.csv,BS,bar,histogram
0.0079,0.0,1.0,8,8,0.0,0.0,0,0,0,0,1014,98.6651,1.3714,1.751,98.0; 100.0; 102.0; 101.0; 103.0,Maternal Health Risk Data Set.csv,BodyTemp,bar,bar
0.0158,0.0,1.0,16,16,0.0,0.0,0,1,0,0,1014,74.3018,8.0887,-1.0435,86; 70; 80; 76; 78; 77; 88; 90; 66; 82,Maternal Health Risk Data Set.csv,HeartRate,bar,histogram
0.003,0.0,0.0,3,3,8.27,0.0,0,0,0,0,1014,0.0,0.0,0.0,high risk; low risk; mid risk,Maternal Health Risk Data Set.csv,RiskLevel,bar,bar
1.0,0.0,0.0,700,50,4.0,0.0,0,0,0,1,700,0.0,0.0,0.0,L001; L002; L003; L004; L005; L006; L007; L008; L009; L010,top_expensive_leagues.csv,League ID,none,none
0.0114,0.0,0.0,8,8,6.93,0.0,0,0,0,0,700,0.0,0.0,0.0,Premier League; Serie A; IPL; La Liga; NFL; NBA; Bundesliga; Ligue 1,top_expensive_leagues.csv,League Name,bar,bar
0.01,0.0,0.0,7,7,5.46,0.0,0,0,0,0,700,0.0,0.0,0.0,England; India; Spain; Italy; USA; France; Germany,top_expensive_leagues.csv,Country,bar,bar
0.0057,0.0,0.0,4,4,10.37,0.0,0,0,0,0,700,0.0,0.0,0.0,Football; American Football; Basketball; Cricket,top_expensive_leagues.csv,Sport,bar,bar
0.9986,0.0,1.0,699,50,0.0,0.0,0,0,0,0,700,4280496485.7143,2162866730.4237,0.0345,5275330000.0; 7088640000.0; 7930520000.0; 4972890000.0; 6265740000.0; 6230530000.0; 7764560000.0; 7345940000.0; 3134960000.0; 3498290000.0,top_expensive_leagues.csv,Revenue (USD),histogram,histogram
0.7714,0.0,1.0,540,50,0.0,0.0,0,0,0,0,700,7900442.8571,4100048.0758,0.0495,12080000.0; 6730000.0; 14360000.0; 13720000.0; 7450000.0; 1640000.0; 6670000.0; 3430000.0; 3080000.0; 13780000.0,top_expensive_leagues.csv,Average Player Salary (USD),histogram,histogram
0.0343,0.0,0.0,24,24,14.02,0.0,0,0,0,0,700,0.0,0.0,0.0,Liverpool; Inter Milan; Chennai Super Kings; Atletico Madrid; Juventus; New England Patriots; Real Madrid; Los Angeles Lakers; Borussia Dortmund; Bayern Munich,top_expensive_leagues.csv,Top Team,bar,bar
0.0329,0.0,1.0,23,23,0.0,0.0,0,1,0,0,700,21.1843,6.6766,-0.0211,16; 13; 22; 28; 10; 21; 29; 20; 18; 12,top_expensive_leagues.csv,Total Teams,bar,histogram
0.2043,0.0,1.0,143,50,0.0,1.0,0,1,0,0,700,1953.0614,40.9567,-0.0304,1886; 1977; 1979; 1999; 1963; 1924; 1932; 1980; 1989; 1981,top_expensive_leagues.csv,Founded Year,line,line
0.99,0.0,1.0,693,50,0.0,0.0,0,0,0,0,700,255.9444,140.3002,0.007,485.9; 135.01; 157.49; 245.71; 52.83; 107.82; 140.43; 150.0; 488.9; 378.51,top_expensive_leagues.csv,Viewership,histogram,histogram
1.0,0.0,1.0,72637,50,0.0,0.165,0,1,1,0,72637,136185.9318,89892.932,5.3556,1000; 1002; 1003; 1004; 1005; 1007; 1009; 1010; 1011; 1012,purchase behaviou dataset.csv,LYLTY_CARD_NBR,line,none
0.0001,0.0,0.0,7,7,16.31,0.0,0,0,0,0,72637,0.0,0.0,0.0,YOUNG SINGLES/COUPLES; YOUNG FAMILIES; OLDER SINGLES/COUPLES; MIDAGE SINGLES/COUPLES; NEW FAMILIES; OLDER FAMILIES; RETIREES,purchase behaviou dataset.csv,LIFESTAGE,bar,bar
0.0,0.0,0.0,3,3,7.87,0.0,0,0,0,0,72637,0.0,0.0,0.0,Premium; Mainstream; Budget,purchase behaviou dataset.csv,PREMIUM_CUSTOMER,bar,bar
1.0,0.0,1.0,15341,50,0.0,1.0,0,1,1,0,15341,19995671.5934,121217.5583,0.0,19790101; 19790102; 19790103; 19790104; 19790105; 19790106; 19790107; 19790108; 19790109; 19790110,london_weather.csv,date,line,line
0.0007,0.0012,1.0,10,10,0.0,0.0,0,1,0,0,15341,5.2682,2.0701,-0.6868,2.0; 6.0; 5.0; 8.0; 4.0; 7.0; 1.0; 3.0,london_weather.csv,cloud_cover,bar,bar
0.0104,0.0,1.0,160,50,0.0,0.0,0,0,0,0,15341,4.3502,4.0283,0.6874,7.0; 1.7; 0.0; 2.0; 3.8; 0.1; 5.8; 1.9; 6.8; 6.4,london_weather.csv,sunshine,bar,histogram
0.0235,0.0012,1.0,360,50,0.0,0.0,0,1,0,0,15341,118.757,88.8983,0.6585,52.0; 27.0; 13.0; 29.0; 39.0; 15.0; 50.0; 30.0; 55.0; 54.0,london_weather.csv,global_radiation,bar,histogram
0.0244,0.0004,1.0,374,50,0.0,0.0,0,0,0,0,15341,15.3888,6.5548,0.1258,2.3; 1.6; 1.3; -0.3; 5.6; 8.3; 8.5; 5.8; 5.2; 4.9,london_weather.csv,max_temp,bar,histogram
0.021,0.0023,1.0,321,50,0.0,0.0,0,0,0,0,15341,11.4755,5.7297,-0.013,-4.1; -2.6; -2.8; -0.8; -0.5; 1.5; 6.9; 3.7; 3.3; 2.6,london_weather.csv,mean_temp,bar,histogram
0.0193,0.0001,1.0,296,50,0.0,0.0,0,0,0,0,15341,7.5599,5.3268,-0.1747,-7.5; -7.2; -6.5; -1.4; -6.6; -5.3; 5.3; 1.6; 1.4; 0.3,london_weather.csv,min_temp,bar,histogram
0.0171,0.0004,1.0,262,50,0.0,0.0,0,0,0,0,15341,1.6686,3.7385,4.4496,0.4; 0.0; 0.7; 5.2; 0.8; 7.2; 2.1; 2.3; 0.1; 3.9,london_weather.csv,precipitation,bar,histogram
0.0419,0.0003,1.0,642,50,0.0,0.559,0,1,0,0,15341,101536.6056,1049.7226,-0.4331,101900.0; 102530.0; 102050.0; 100840.0; 102250.0; 102780.0; 102520.0; 101870.0; 101170.0; 98700.0,london_weather.csv,pressure,bar,line
0.0014,0.0939,1.0,19,19,0.0,0.0,0,1,0,0,15341,0.038,0.5456,22.5871,9.0; 8.0; 4.0; 2.0; 1.0; 0.0; 6.0,london_weather.csv,snow_depth,bar,histogram
0.1085,0.0,1.0,298,50,0.0,0.0,0,1,0,0,2747,10259.7616,91.8775,-0.007,10107; 10121; 10134; 10145; 10168; 10180; 10188; 10211; 10223; 10237,Auto Sales data.csv,ORDERNUMBER,bar,histogram
0.0211,0.0,1.0,58,50,0.0,0.0,0,1,0,0,2747,35.103,9.7621,0.3693,30; 34; 41; 45; 36; 29; 48; 37; 23; 28,Auto Sales data.csv,QUANTITYORDERED,bar,histogram
0.6709,0.0,1.0,1843,50,0.0,0.0,0,0,0,0,2747,101.099,42.0425,0.6972,95.7; 81.35; 94.74; 83.26; 96.66; 86.13; 114.84; 107.18; 101.44; 113.88,Auto Sales data.csv,PRICEEACH,histogram,histogram
0.0066,0.0,1.0,18,18,0.0,0.0,0,1,0,0,2747,6.4911,4.2305,0.5753,2; 5; 6; 1; 9; 14; 7; 13; 12; 4,Auto Sales data.csv,ORDERLINENUMBER,bar,histogram
0.9793,0.0,1.0,2690,50,0.0,0.905,0,0,0,0,2747,3553.0476,1838.9539,1.1559,2871.0; 2765.9; 3884.34; 3746.7; 3479.76; 2497.77; 5512.32; 4708.44; 3965.66; 2333.12,Auto Sales data.csv,SALES,line,line
0.0896,0.0,0.0,246,50,10.0,1.0,0,0,0,0,2747,0.0,0.0,0.0,24/02/2018; 07/05/2018; 01/07/2018; 25/08/2018; 28/10/2018; 11/11/2018; 18/11/2018; 15/01/2019; 20/02/2019; 05/04/2019,Auto Sales data.csv,ORDERDATE,line,line
0.6669,0.0,1.0,1832,50,0.0,0.7735,0,1,0,0,2747,1757.0859,819.2806,-0.003,828; 757; 703; 649; 586; 573; 567; 510; 475; 432,Auto Sales data.csv,DAYS_SINCE_LASTORDER,line,line
0.0022,0.0,0.0,6,6,7.11,0.0,0,0,0,0,2747,0.0,0.0,0.0,Shipped; Disputed; In Process; Cancelled; On Hold; Resolved,Auto Sales data.csv,STATUS,bar,bar
0.0025,0.0,0.0,7,7,10.9,0.0,0,0,0,0,2747,0.0,0.0,0.0,Motorcycles; Classic Cars,Auto Sales data.csv,PRODUCTLINE,bar,bar
0.0291,0.0,1.0,80,50,0.0,0.0,0,1,0,0,2747,100.6917,40.1148,0.5756,95; 214; 118; 193; 136; 147; 194; 207,Auto Sales data.csv,MSRP,bar,histogram
0.0397,0.0,0.0,109,50,8.11,0.0,0,0,0,0,2747,0.0,0.0,0.0,S10_1678; S10_1949; S10_2016; S10_4698; S10_4757; S10_4962; S12_1099; S12_1108,Auto Sales data.csv,PRODUCTCODE,bar,bar
0.0324,0.0,0.0,89,50,20.95,0.0,0,0,0,0,2747,0.0,0.0,0.0,"Land of Toys Inc.; Reims Collectables; Lyon Souveniers; Toys4GrownUps.com; Technics Stores Inc.; Daedalus Designs Imports; Herkku Gifts; Auto Canal Petit; Australian Collectors, Co.; Vitachrome Inc.",Auto Sales data.csv,CUSTOMERNAME,bar,bar
0.032,0.0,0.0,88,50,11.68,0.0135,0,0,0,0,2747,0.0,0.0,0.0,2125557818; 26.47.1555; +33 1 46 62 7555; 6265557265; 6505556809; 20.16.1555; +47 2267 3215; (1) 47.55.6555; 03 9520 4555; 2125551500,Auto Sales data.csv,PHONE,bar,none
0.0324,0.0,0.0,89,50,19.49,0.0,0,0,0,0,2747,0.0,0.0,0.0,"897 Long Airport Avenue; 59 rue de l'Abbaye; 27 rue du Colonel Pierre Avia; 78934 Hillside Dr.; 9408 Furth Circle; 184, chausse de Tournai; Drammen 121, PR 744 Sentrum; 25, rue Lauriston; 636 St Kilda Road; 2678 Kingston Rd.",Auto Sales data.csv,ADDRESSLINE1,bar,bar
0.0258,0.0,0.0,71,50,7.62,0.0,0,0,0,0,2747,0.0,0.0,0.0,NYC; Reims; Paris; Pasadena; Burlingame; Lille; Bergen; Melbourne; Newark; Bridgewater,Auto Sales data.csv,CITY,bar,bar
0.0266,0.0,0.0,73,50,5.21,0.1385,0,0,0,0,2747,0.0,0.0,0.0,10022; 51100; 75508; 90003; 94217; 59000; N 5804; 75016; 3004; 94019,Auto Sales data.csv,POSTALCODE,bar,bar
0.0069,0.0,0.0,19,19,5.1,0.0,0,0,0,0,2747,0.0,0.0,0.0,USA; France; Norway; Australia; Finland; Austria; UK; Spain; Sweden; Singapore,Auto Sales data.csv,COUNTRY,bar,bar
0.0277,0.0,0.0,76,50,6.46,0.0,0,0,0,0,2747,0.0,0.0,0.0,Yu; Henriot; Da Cunha; Young; Hirano; Rance; Oeztan; Perrier; Ferguson; Frick,Auto Sales data.csv,CONTACTLASTNAME,bar,bar
0.0262,0.0,0.0,72,50,5.68,0.0105,0,0,0,0,2747,0.0,0.0,0.0,Kwai; Paul; Daniel; Julie; Juri; Martine; Veysel; Dominique; Peter; Michael,Auto Sales data.csv,CONTACTFIRSTNAME,bar,bar
0.0011,0.0,0.0,3,3,5.49,0.0,0,0,0,0,2747,0.0,0.0,0.0,Small; Medium; Large,Auto Sales data.csv,DEALSIZE,bar,bar
0.006,0.0,0.0,380,50,9.91,0.0,0,0,0,0,63023,0.0,0.0,0.0,Abbotsford; Aberfeldie; Airport West; Albanvale; Albert Park; Albion; Alphington; Altona; Altona Meadows; Altona North,MELBOURNE_HOUSE_PRICES_LESS.csv,Suburb,bar,bar
0.9164,0.0,0.0,57754,50,13.49,0.001,0,0,0,0,63023,0.0,0.0,0.0,49 Lithgow St; 59A Turner St; 119B Yarra St; 68 Vida St; 92 Clydesdale Rd; 4/32 Earl St; 3/74 Hawker St; 1/26 Highridge Cr; 1 Jackson Cct; 18 Mills St,MELBOURNE_HOUSE_PRICES_LESS.csv,Address,none,none
0.0002,0.0,1.0,14,14,0.0,0.0,0,1,0,0,63023,3.1106,0.9576,0.7927,3; 2; 6; 4; 1; 5; 7,MELBOURNE_HOUSE_PRICES_LESS.csv,Rooms,bar,bar
0.0,0.0,0.0,3,3,1.0,0.0,0,0,0,0,63023,0.0,0.0,0.0,h; t; u,MELBOURNE_HOUSE_PRICES_LESS.csv,Type,bar,bar
0.0706,0.2315,1.0,3417,50,0.0,0.001,0,1,0,0,63023,997898.2415,593498.919,2.6501,1490000.0; 1220000.0; 1420000.0; 1515000.0; 670000.0; 530000.0; 540000.0; 715000.0; 1925000.0; 515000.0,MELBOURNE_HOUSE_PRICES_LESS.csv,Price,bar,histogram
0.0001,0.0,0.0,9,9,1.45,0.0,0,0,0,0,63023,0.0,0.0,0.0,S; SP; PI; SN; VB; PN; SA,MELBOURNE_HOUSE_PRICES_LESS.csv,Method,bar,bar
0.0076,0.0,0.0,476,50,6.18,0.0,0,0,0,0,63023,0.0,0.0,0.0,Jellis; Marshall; Nelson; Barry; hockingstuart; Cayzer; Douglas; Bells; Miles; Barlow,MELBOURNE_HOUSE_PRICES_LESS.csv,SellerG,bar,bar
0.0018,0.0,0.0,112,50,9.71,1.0,0,0,0,0,63023,0.0,0.0,0.0,1/04/2017,MELBOURNE_HOUSE_PRICES_LESS.csv,Date,line,line
0.0036,0.0,1.0,225,50,0.0,1.0,0,1,0,0,63023,3125.6739,125.6269,3.8154,3067; 3040; 3042; 3021; 3206; 3020; 3078; 3018; 3028; 3025,MELBOURNE_HOUSE_PRICES_LESS.csv,Postcode,line,line
0.0001,0.0,0.0,8,8,20.96,0.0,0,0,0,0,63023,0.0,0.0,0.0,Northern Metropolitan; Western Metropolitan; Southern Metropolitan; South-Eastern Metropolitan; Eastern Metropolitan; Northern Victoria; Western Victoria,MELBOURNE_HOUSE_PRICES_LESS.csv,Regionname,bar,bar
0.0058,0.0,1.0,368,50,0.0,0.73,0,1,0,0,63023,7617.7281,4424.4232,0.9016,4019; 1543; 3464; 1899; 3280; 2185; 2211; 5301; 7630; 5132,MELBOURNE_HOUSE_PRICES_LESS.csv,Propertycount,line,line
0.0029,0.0,1.0,180,50,0.0,0.0,0,0,0,0,63023,12.6848,7.592,1.1522,3.0; 7.5; 10.4; 14.0; 10.5; 5.7; 11.0; 15.5; 9.4; 6.3,MELBOURNE_HOUSE_PRICES_LESS.csv,Distance,bar,histogram
0.0005,0.0,0.0,34,34,21.56,0.0,0,0,0,0,63023,0.0,0.0,0.0,Yarra City Council; Moonee Valley City Council; Brimbank City Council; Port Phillip City Council; Darebin City Council; Hobsons Bay City Council; Stonnington City Council; Boroondara City Council; Monash City Council; Kingston City Council,MELBOURNE_HOUSE_PRICES_LESS.csv,CouncilArea,bar,bar
1.0,0.0,1.0,86,50,0.0,0.0,0,1,1,0,86,43.5,24.97,0.0,1; 2; 3; 4; 5; 6; 7; 8; 9; 10,conversionRates.csv,,line,histogram
1.0,0.0,0.0,86,50,3.0,0.0,0,0,0,1,86,0.0,0.0,0.0,USD; EUR; INR; GBP; BRL; RUB; CAD; AUD; JPY; CNY,conversionRates.csv,originCountry,none,none
0.9651,0.0,1.0,83,50,0.0,0.0,0,0,0,0,86,0.2819,0.4989,2.9402,1.0; 1.195826; 0.01562; 1.324188; 0.32135; 0.017402; 0.823688; 0.80231; 0.009108; 0.153,conversionRates.csv,exchangeRate,histogram,histogram
0.0101,0.0,0.0,351,50,9.82,0.0,0,0,0,0,34857,0.0,0.0,0.0,Abbotsford; Airport West; Albert Park; Alphington,Melbourne_housing_FULL.csv,Suburb,bar,bar
0.9757,0.0,0.0,34009,50,13.55,0.0015,0,0,0,1,34857,0.0,0.0,0.0,68 Studley St; 85 Turner St; 25 Bloomburg St; 18/659 Victoria St; 5 Charles St; 40 Federation La; 55a Park St; 16 Maugie St; 53 Turner St; 99 Turner St,Melbourne_housing_FULL.csv,Address,none,none
0.0003,0.0,1.0,12,12,0.0,0.0,0,1,0,0,34857,3.031,0.9699,0.4991,2; 3; 4; 1; 5; 6; 7,Melbourne_housing_FULL.csv,Rooms,bar,bar
0.0001,0.0,0.0,3,3,1.0,0.0,0,0,0,0,34857,0.0,0.0,0.0,h; u; t,Melbourne_housing_FULL.csv,Type,bar,bar
0.1054,0.2183,1.0,2871,50,0.0,0.0005,0,1,0,0,34857,1050173.345,641467.1301,2.589,1480000.0; 1035000.0; 1465000.0; 850000.0; 1600000.0; 941000.0; 1876000.0; 1636000.0; 1000000.0; 745000.0,Melbourne_housing_FULL.csv,Price,bar,histogram
0.0003,0.0,0.0,9,9,1.43,0.0,0,0,0,0,34857,0.0,0.0,0.0,SS; S; VB; SP; PI; SN; W,Melbourne_housing_FULL.csv,Method,bar,bar
0.0111,0.0,0.0,388,50,6.29,0.0,0,0,0,0,34857,0.0,0.0,0.0,Jellis; Biggin; Rounds; Nelson; Collins; Dingle; Purplebricks; Greg; Philip; LITTLE,Melbourne_housing_FULL.csv,SellerG,bar,bar
0.0022,0.0,0.0,78,50,9.71,1.0,0,0,0,0,34857,0.0,0.0,0.0,3/09/2016; 3/12/2016; 4/02/2016; 4/03/2017; 4/06/2016; 6/08/2016; 7/05/2016; 7/11/2016; 8/10/2016; 10/12/2016,Melbourne_housing_FULL.csv,Date,line,line
0.0062,0.0,1.0,215,50,0.0,0.0,0,0,0,0,34857,11.1849,6.7889,1.5036,2.5; 13.5; 3.3; 6.4,Melbourne_housing_FULL.csv,Distance,bar,histogram
0.0061,0.0,1.0,211,50,0.0,0.0,0,1,0,0,34857,3116.0629,109.0239,4.0188,3067.0; 3042.0; 3206.0; 3078.0,Melbourne_housing_FULL.csv,Postcode,bar,histogram
0.0006,0.2357,1.0,15,15,0.0,0.0,0,1,0,0,34857,3.0846,0.9807,1.4064,2.0; 3.0; 4.0; 6.0; 1.0; 5.0; 7.0; 0.0,Melbourne_housing_FULL.csv,Bedroom2,bar,bar
0.0004,0.236,1.0,11,11,0.0,0.0,0,1,0,0,34857,1.6248,0.7242,1.3563,1.0; 2.0; 3.0; 7.0; 4.0; 0.0,Melbourne_housing_FULL.csv,Bathroom,bar,bar
0.0006,0.2504,1.0,15,15,0.0,0.0,0,1,0,0,34857,1.7288,1.0108,2.0952,1.0; 0.0; 2.0; 6.0; 5.0; 4.0; 3.0,Melbourne_housing_FULL.csv,Car,bar,bar
0.0731,0.3388,1.0,1684,50,0.0,0.0,0,1,0,0,34857,593.599,3398.8419,96.0223,126.0; 202.0; 156.0; 0.0; 134.0; 94.0; 120.0; 400.0; 201.0; 181.0,Melbourne_housing_FULL.csv,Landsize,bar,histogram
0.0538,0.6058,1.0,740,50,0.0,0.0,0,0,0,0,34857,160.2564,401.2671,99.1326,79.0; 150.0; 142.0; 220.0; 210.0; 82.0; 147.0; 107.0; 75.0; 80.0,Melbourne_housing_FULL.csv,BuildingArea,bar,histogram
0.0103,0.5539,1.0,160,50,0.0,0.0,0,1,0,0,34857,1965.2899,37.3282,-1.0809,1900.0; 2014.0; 2006.0; 1910.0; 2009.0; 1860.0; 1890.0; 1925.0; 2005.0; 2010.0,Melbourne_housing_FULL.csv,YearBuilt,bar,histogram
0.0009,0.0001,0.0,33,33,21.73,0.0,0,0,0,0,34857,0.0,0.0,0.0,Yarra City Council; Moonee Valley City Council; Port Phillip City Council; Darebin City Council,Melbourne_housing_FULL.csv,CouncilArea,bar,bar
0.4986,0.2288,1.0,13402,50,0.0,0.0,0,0,0,0,34857,-37.8106,0.0903,-0.2577,-37.8014; -37.7996; -37.8079; -37.8114; -37.8093; -37.7969; -37.8072; -37.7965; -37.7995; -37.8041,Melbourne_housing_FULL.csv,Lattitude,bar,histogram
0.5403,0.2288,1.0,14524,50,0.0,0.0,0,0,0,0,34857,145.0019,0.1202,-0.3949,144.9958; 144.9984; 144.9934; 145.0116; 144.9944; 144.9969; 144.9941; 144.9965; 144.9974; 144.9989,Melbourne_housing_FULL.csv,Longtitude,histogram,histogram
0.0002,0.0001,0.0,8,8,20.86,0.0,0,0,0,0,34857,0.0,0.0,0.0,Northern Metropolitan; Western Metropolitan; Southern Metropolitan,Melbourne_housing_FULL.csv,Regionname,bar,bar
0.0098,0.0001,1.0,342,50,0.0,0.0,0,1,0,0,34857,7572.8883,4428.0903,0.9921,4019.0; 3464.0; 3280.0; 2211.0,Melbourne_housing_FULL.csv,Propertycount,bar,histogram
0.0222,0.0,0.0,301,50,10.0,1.0,0,0,0,0,13549,0.0,0.0,0.0,1995-01-01; 1995-02-01; 1995-03-01; 1995-04-01; 1995-05-01; 1995-06-01; 1995-07-01; 1995-08-01; 1995-09-01; 1995-10-01,housing_in_london_monthly_variables.csv,date,line,line
0.0033,0.0,0.0,45,45,10.44,0.0,0,0,0,0,13549,0.0,0.0,0.0,city of london,housing_in_london_monthly_variables.csv,area,bar,bar
0.9848,0.0,1.0,13343,50,0.0,0.1115,0,1,0,0,13549,263519.6843,187617.5049,1.9894,91449; 82203; 79121; 77101; 84409; 94901; 110128; 112329; 104473; 108038,housing_in_london_monthly_variables.csv,average_price,histogram,histogram
0.0033,0.0,0.0,45,45,9.0,0.0,0,0,0,0,13549,0.0,0.0,0.0,E09000001,housing_in_london_monthly_variables.csv,code,bar,bar
0.2933,0.0069,1.0,3946,50,0.0,0.001,0,1,0,0,13549,3893.9941,12114.4025,6.2671,17.0; 7.0; 14.0; 10.0; 13.0; 11.0; 18.0; 19.0; 28.0; 30.0,housing_in_london_monthly_variables.csv,houses_sold,bar,histogram
0.3588,0.451,1.0,2669,50,0.0,0.0,0,1,0,0,13549,2158.3521,902.0877,1.2862,0.0; 7.0; 5.0; 10.0; 3.0; 8.0; 1771.0; 1600.0; 1759.0; 1643.0,housing_in_london_monthly_variables.csv,no_of_crimes,bar,none
0.0001,0.0,1.0,2,2,0.0,0.0,1,1,0,0,13549,0.7333,0.4422,-1.0554,1,housing_in_london_monthly_variables.csv,borough_flag,bar,pie
1.0,0.0,0.0,290,50,25.16,0.0,0,0,0,1,290,0.0,0.0,0.0,GenderSelect; GenderFreeForm; Country; Age; EmploymentStatus; StudentStatus; LearningDataScience; KaggleMotivationFreeForm; CodeWriter; CareerSwitcher,schema.csv,Column,none,none
1.0,0.0,0.0,290,50,108.03,0.0,0,0,0,1,290,0.0,0.0,0.0,Select your gender identity. - Selected Choice; Select your gender identity. - A different identity - Text; Select the country you currently live in.; What's your age?; What's your current employment status?; Are you currently enrolled as a student at a degree granting school?; Are you currently focused on learning data science skills either formally or informally?; What's your motivation for bein...,schema.csv,Question,none,none
0.031,0.0,0.0,9,9,9.17,0.0,0,0,0,0,290,0.0,0.0,0.0,All; Non-worker; Non-switcher; Worker1; Learners; OnlineLearners; Worker; CodingWorker-NC; CodingWorker,schema.csv,Asked,bar,bar
0.0476,0.0,0.0,51,50,9.0,0.0,0,0,0,0,1071,0.0,0.0,0.0,E09000001; E09000002; E09000003; E09000004; E09000005; E09000006; E09000007; E09000008; E09000009; E09000010,housing_in_london_yearly_variables.csv,code,bar,bar
0.0476,0.0,0.0,51,50,10.51,0.0,0,0,0,0,1071,0.0,0.0,0.0,city of london; barking and dagenham; barnet; bexley; brent; bromley; camden; croydon; ealing; enfield,housing_in_london_yearly_variables.csv,area,bar,bar
0.0196,0.0,0.0,21,21,10.0,1.0,0,0,0,0,1071,0.0,0.0,0.0,1999-12-01; 2000-12-01; 2001-12-01; 2002-12-01,housing_in_london_yearly_variables.csv,date,line,line
0.9695,0.0205,1.0,1017,50,0.0,0.0,0,1,0,0,1071,27977.7922,6412.8075,1.2075,33020.0; 21480.0; 19568.0; 18621.0; 18532.0; 16720.0; 23677.0; 19563.0; 20580.0; 19289.0,housing_in_london_yearly_variables.csv,median_salary,histogram,histogram
0.233,0.6713,1.0,82,50,0.0,0.0,0,0,0,0,1071,7.4851,0.1985,-0.287,7.05; 7.43; 7.42; 7.11; 7.5; 7.25; 7.04; 7.22; 7.23; 7.18,housing_in_london_yearly_variables.csv,life_satisfaction,bar,histogram
0.972,0.0,0.0,1041,50,4.94,0.0,0,0,0,1,1071,0.0,0.0,0.0,48922; 23620; 23128; 21386; 20911; 21293; 30249; 22205; 25046; 21006,housing_in_london_yearly_variables.csv,mean_salary,none,none
0.0663,0.197,0.0,57,50,1.88,0.0,0,0,0,0,1071,0.0,0.0,0.0,0; 3; 8; 18; 6; 13; 12; 9; 4; 2,housing_in_london_yearly_variables.csv,recycling_pct,bar,bar
0.999,0.0495,1.0,1017,50,0.0,0.0982,0,1,0,0,1071,6042576.4882,15268096.5596,3.0545,6581.0; 162444.0; 313469.0; 217458.0; 260317.0; 294902.0; 190003.0; 332066.0; 302252.0; 272731.0,housing_in_london_yearly_variables.csv,population_size,histogram,histogram
0.5414,0.1307,1.0,504,50,0.0,0.1751,0,1,0,0,1071,3188094.522,8058302.2397,2.988,361000.0; 57000.0; 138000.0; 76000.0; 122000.0; 115000.0; 291000.0; 160000.0; 134000.0; 113000.0,housing_in_london_yearly_variables.csv,number_of_jobs,histogram,none
0.0556,0.3782,1.0,37,37,0.0,0.0,0,1,0,0,1071,372490.2703,2157060.2382,5.8445,315.0; 3780.0; 8675.0; 6429.0; 4323.0; 15013.0; 2179.0; 8650.0; 5554.0; 8220.0,housing_in_london_yearly_variables.csv,area_size,bar,histogram
0.9955,0.3782,1.0,663,50,0.0,0.1907,0,1,0,0,1071,881468.1502,3690376.135,5.6184,5009.0; 68298.0; 130515.0; 91606.0; 101427.0; 128717.0; 93112.0; 141300.0; 120331.0; 112948.0,housing_in_london_yearly_variables.csv,no_of_houses,histogram,none
0.0019,0.0,1.0,2,2,0.0,0.0,1,1,0,0,1071,0.6471,0.4781,-0.6163,1; 0,housing_in_london_yearly_variables.csv,borough_flag,bar,pie
1.0,0.0,1.0,9994,50,0.0,0.91,0,1,1,1,9994,4997.5,2885.1636,0.0,1; 2; 3; 4; 5; 6; 7; 8; 9; 10,Superstore.csv,Row ID,none,none
0.5012,0.0,0.0,5009,50,14.0,0.0,0,0,0,0,9994,0.0,0.0,0.0,CA-2013-152156; CA-2013-138688; US-2012-108966; CA-2011-115812; CA-2014-114412; CA-2013-161389; US-2012-118983; CA-2011-105893; CA-2011-167164; CA-2011-143336,Superstore.csv,Order ID,none,none
0.1239,0.0,0.0,1238,50,10.0,1.0,0,0,0,0,9994,0.0,0.0,0.0,09-11-2013; 13-06-2013; 11-10-2012; 09-06-2011; 16-04-2014; 06-12-2013; 22-11-2012; 11-11-2011; 13-05-2011; 27-08-2011,Superstore.csv,Order Date,line,line
0.1335,0.0,0.0,1334,50,10.0,1.0,0,0,0,0,9994,0.0,0.0,0.0,12-11-2013; 17-06-2013; 18-10-2012; 14-06-2011; 21-04-2014; 11-12-2013; 26-11-2012; 18-11-2011; 15-05-2011; 01-09-2011,Superstore.csv,Ship Date,line,line
0.0004,0.0,0.0,4,4,12.82,0.0,0,0,0,0,9994,0.0,0.0,0.0,Second Class; Standard Class; First Class,Superstore.csv,Ship Mode,bar,bar
0.0793,0.0,0.0,793,50,8.0,0.0,0,0,0,0,9994,0.0,0.0,0.0,CG-12520; DV-13045; SO-20335; BH-11710; AA-10480; IM-15070; HP-14815; PK-19075; AG-10270; ZD-21925,Superstore.csv,Customer ID,bar,none
0.0793,0.0,0.0,793,50,0.0,0.0,0,0,0,0,9994,0.0,0.0,0.0,"b'Claire Gute'; b'Darrin Van Huff'; b""Sean O'Donnell""; b'Brosina Hoffman'; b'Andrew Allen'; b'Irene Maddox'; b'Harold Pawlan'; b'Pete Kriz'; b'Alejandro Grove'; b'Zuschuss Donatelli'",Superstore.csv,Customer Name,bar,bar
0.0003,0.0,0.0,3,3,8.84,0.0,0,0,0,0,9994,0.0,0.0,0.0,Consumer; Corporate; Home Office,Superstore.csv,Segment,bar,bar
0.0001,0.0,0.0,1,1,13.0,0.0,0,0,0,0,9994,0.0,0.0,0.0,United States,Superstore.csv,Country,bar,bar
0.0531,0.0,0.0,531,50,9.33,0.0,0,0,0,0,9994,0.0,0.0,0.0,Henderson; Los Angeles; Fort Lauderdale; Concord; Seattle; Fort Worth; Madison; West Jordan; San Francisco; Fremont,Superstore.csv,City,bar,bar
0.0049,0.0,0.0,49,49,8.49,0.0,0,0,0,0,9994,0.0,0.0,0.0,Kentucky; California; Florida; North Carolina; Washington; Texas; Wisconsin; Utah; Nebraska; Pennsylvania,Superstore.csv,State,bar,bar
0.0631,0.0,1.0,631,50,0.0,0.043,0,1,0,0,9994,55190.3794,32063.6934,-0.1285,42420; 90036; 33311; 90032; 28027; 98103; 76106; 53711; 84084; 94109,Superstore.csv,Postal Code,bar,none
0.0004,0.0,0.0,4,4,4.86,0.0,0,0,0,0,9994,0.0,0.0,0.0,South; West; Central; East,Superstore.csv,Region,bar,bar
0.1863,0.0,0.0,1862,50,15.0,0.0,0,0,0,0,9994,0.0,0.0,0.0,FUR-BO-10001798; FUR-CH-10000454; OFF-LA-10000240; FUR-TA-10000577; OFF-ST-10000760; FUR-FU-10001487; OFF-AR-10002833; TEC-PH-10002275; OFF-BI-10003910; OFF-AP-10002892,Superstore.csv,Product ID,bar,none
0.0003,0.0,0.0,3,3,12.8,0.0,0,0,0,0,9994,0.0,0.0,0.0,Furniture; Office Supplies; Technology,Superstore.csv,Category,bar,bar
0.0017,0.0,0.0,17,17,7.19,0.0,0,0,0,0,9994,0.0,0.0,0.0,Bookcases; Chairs; Labels; Tables; Storage; Furnishings; Art; Phones; Binders; Appliances,Superstore.csv,Sub-Category,bar,bar
0.1842,0.0,0.0,1841,50,0.0,0.0,0,0,0,0,9994,0.0,0.0,0.0,"b'Bush Somerset Collection Bookcase'; b'Hon Deluxe Fabric Upholstered Stacking Chairs, Rounded Back'; b'Self-Adhesive Address Labels for Typewriters by Universal'; b'Bretford CR4500 Series Slim Rectangular Table'; b""Eldon Fold 'N Roll Cart System""; b'Eldon Expressions Wood and Plastic Desk Accessories, Cherry Wood'; b'Newell 322'; b'Mitel 5320 IP Phone VoIP phone'; b'DXL Angle-View Binders with Lo...",Superstore.csv,Product Name,bar,bar
0.5828,0.0,1.0,5825,50,0.0,0.0365,0,0,0,0,9994,229.858,623.2451,12.9728,261.96; 731.94; 14.62; 957.5775; 22.368; 48.86; 7.28; 907.152; 18.504; 114.9,Superstore.csv,Sales,histogram,histogram
0.0014,0.0,1.0,14,14,0.0,0.0,0,1,0,0,9994,3.7896,2.2251,1.2785,2; 3; 5; 7; 4; 6; 9; 1; 8; 14,Superstore.csv,Quantity,bar,bar
0.0012,0.0,1.0,12,12,0.0,0.0,0,0,0,0,9994,0.1562,0.2065,1.6843,0.0; 0.45; 0.2; 0.8; 0.3; 0.5; 0.7; 0.6; 0.32; 0.1,Superstore.csv,Discount,bar,bar
0.7291,0.0,1.0,7287,50,0.0,0.005,0,0,0,0,9994,28.6569,234.2601,7.5614,41.9136; 219.582; 6.8714; -383.031; 2.5164; 14.1694; 1.9656; 90.7152; 5.7825; 34.47,Superstore.csv,Profit,histogram,histogram
1.0,0.0,0.0,12,12,112.25,0.0,0,0,0,1,12,0.0,0.0,0.0,Question:; # of Respondents:; Who was excluded? (0 = not excluded; 1 = excluded); If What is your age (# years)? 0-17 Is Selected Edit Condition; If What is the highest level of formal education that you have attained or plan to attain within the... No formal education past high school Is Selected Edit Condition; If Select the title most similar to your current role (or most recent title if retire...,SurveySchema.csv,2018 Kaggle Machine Learning and Data Science Survey,none,none
0.25,0.0,0.0,3,3,4.42,0.0,0,0,0,0,12,0.0,0.0,0.0,What is your gender? - Selected Choice; 23860; 0,SurveySchema.csv,Q1,none,bar
0.3333,0.0,0.0,4,4,8.25,0.0,0,0,0,0,12,0.0,0.0,0.0,Does your current employer incorporate machine learning methods into their business?; 20670; 0; 1,SurveySchema.csv,Q10,none,bar
0.3333,0.0,0.0,4,4,10.92,0.0,0,0,0,0,12,0.0,0.0,0.0,Select any activities that make up an important part of your role at work: (Select all that apply) - Selected Choice; 19518; 0; 1,SurveySchema.csv,Q11,none,bar
0.3333,0.0,0.0,4,4,10.75,0.0,0,0,0,0,12,0.0,0.0,0.0,What is the primary tool that you use at work or school to analyze data? (include text response) - Selected Choice; 19199; 0; 1,SurveySchema.csv,Q12,none,bar
0.3333,0.0,0.0,4,4,14.67,0.0,0,0,0,0,12,0.0,0.0,0.0,Which of the following integrated development environments (IDE's) have you used at work or school in the last 5 years? (Select all that apply) - Selected Choice; 19117; 0; 1,SurveySchema.csv,Q13,none,bar
0.3333,0.0,0.0,4,4,12.42,0.0,0,0,0,0,12,0.0,0.0,0.0,Which of the following hosted notebooks have you used at work or school in the last 5 years? (Select all that apply) - Selected Choice; 18971; 0; 1,SurveySchema.csv,Q14,none,bar
0.3333,0.0,0.0,4,4,13.08,0.0,0,0,0,0,12,0.0,0.0,0.0,Which of the following cloud computing services have you used at work or school in the last 5 years? (Select all that apply) - Selected Choice; 18864; 0; 1,SurveySchema.csv,Q15,none,bar
0.3333,0.0,0.0,4,4,9.5,0.0,0,0,0,0,12,0.0,0.0,0.0,What programming languages do you use on a regular basis? (Select all that apply) - Selected Choice; 18828; 0; 1,SurveySchema.csv,Q16,none,bar
0.3333,0.0,0.0,4,4,7.5,0.0,0,0,0,0,12,0.0,0.0,0.0,What specific programming language do you use most often? - Selected Choice; 15223; 0; 1,SurveySchema.csv,Q17,none,bar
0.3333,0.0,0.0,4,4,10.08,0.0,0,0,0,0,12,0.0,0.0,0.0,What programming language would you recommend an aspiring data scientist to learn first? - Selected Choice; 18789; 0; 1,SurveySchema.csv,Q18,none,bar
0.3333,0.0,0.0,4,4,10.33,0.0,0,0,0,0,12,0.0,0.0,0.0,What machine learning frameworks have you used in the past 5 years? (Select all that apply) - Selected Choice; 18697; 0; 1,SurveySchema.csv,Q19,none,bar
0.25,0.0,0.0,3,3,3.5,0.0,0,0,0,0,12,0.0,0.0,0.0,What is your age (# years)?; 23860; 0,SurveySchema.csv,Q2,none,bar
0.3333,0.0,0.0,4,4,11.0,0.0,0,0,0,0,12,0.0,0.0,0.0,"Of the choices that you selected in the previous question, which ML library have you used the most? - Selected Choice; 12990; 0; 1",SurveySchema.csv,Q20,none,bar
0.3333,0.0,0.0,4,4,11.17,0.0,0,0,0,0,12,0.0,0.0,0.0,What data visualization libraries or tools have you used in the past 5 years? (Select all that apply) - Selected Choice; 18593; 0; 1,SurveySchema.csv,Q21,none,bar
0.3333,0.0,0.0,4,4,13.75,0.0,0,0,0,0,12,0.0,0.0,0.0,"Of the choices that you selected in the previous question, which specific data visualization library or tool have you used the most? - Selected Choice; 12185; 0; 1",SurveySchema.csv,Q22,none,bar
0.3333,0.0,0.0,4,4,8.17,0.0,0,0,0,0,12,0.0,0.0,0.0,Approximately what percent of your time at work or school is spent actively coding?; 18548; 0; 1,SurveySchema.csv,Q23,none,bar
0.3333,0.0,0.0,4,4,5.58,0.0,0,0,0,0,12,0.0,0.0,0.0,How long have you been writing code to analyze data?; 18534; 0; 1,SurveySchema.csv,Q24,none,bar
0.3333,0.0,0.0,4,4,8.0,0.0,0,0,0,0,12,0.0,0.0,0.0,For how many years have you used machine learning methods (at work or in school)?; 18492; 0; 1,SurveySchema.csv,Q25,none,bar
0.3333,0.0,0.0,4,4,5.25,0.0,0,0,0,0,12,0.0,0.0,0.0,Do you consider yourself to be a data scientist?; 18481; 0; 1,SurveySchema.csv,Q26,none,bar
0.3333,0.0,0.0,4,4,13.17,0.0,0,0,0,0,12,0.0,0.0,0.0,Which of the following machine learning products have you used at work or school in the last 5 years? (Select all that apply) - Selected Choice; 10887; 0; 1,SurveySchema.csv,Q28,none,bar
0.3333,0.0,0.0,4,4,13.42,0.0,0,0,0,0,12,0.0,0.0,0.0,Which of the following relational database products have you used at work or school in the last 5 years? (Select all that apply) - Selected Choice; 10719; 0; 1,SurveySchema.csv,Q29,none,bar
0.3333,0.0,0.0,4,4,4.67,0.0,0,0,0,0,12,0.0,0.0,0.0,In which country do you currently reside?; 23860; 0; 1,SurveySchema.csv,Q3,none,bar
0.3333,0.0,0.0,4,4,13.58,0.0833,0,0,0,0,12,0.0,0.0,0.0,Which of the following big data and analytics products have you used at work or school in the last 5 years? (Select all that apply) - Selected Choice; 9746; 0; 1,SurveySchema.csv,Q30,none,bar
0.3333,0.0,0.0,4,4,11.42,0.0,0,0,0,0,12,0.0,0.0,0.0,Which types of data do you currently interact with most often at work or school? (Select all that apply) - Selected Choice; 16922; 0; 1,SurveySchema.csv,Q31,none,bar
0.3333,0.0,0.0,4,4,10.0,0.0,0,0,0,0,12,0.0,0.0,0.0,What is the type of data that you currently interact with most often at work or school? - Selected Choice; 13879; 0; 1,SurveySchema.csv,Q32,none,bar
0.3333,0.0,0.0,4,4,7.58,0.0,0,0,0,0,12,0.0,0.0,0.0,Where do you find public datasets? (Select all that apply) - Selected Choice; 16816; 0; 1,SurveySchema.csv,Q33,none,bar
0.3333,0.0,0.0,4,4,15.75,0.0,0,0,0,0,12,0.0,0.0,0.0,"During a typical data science project at work or school, approximately what proportion of your time is devoted to the following? (Answers must add up to 100%) - Cleaning data; 15938; 0; 1",SurveySchema.csv,Q34,none,bar
0.3333,0.0,0.0,4,4,13.0,0.0,0,0,0,0,12,0.0,0.0,0.0,What percentage of your current machine learning/data science training falls under each category? (Answers must add up to 100%) - Self-taught; 15746; 0; 1,SurveySchema.csv,Q35,none,bar
0.3333,0.0,0.0,4,4,8.0,0.0833,0,0,0,0,12,0.0,0.0,0.0,On which online platform have you spent the most amount of time? - Selected Choice; 9671; 0; 1,SurveySchema.csv,Q37,none,bar
0.3333,0.0,0.0,4,4,11.08,0.0,0,0,0,0,12,0.0,0.0,0.0,Who/what are your favorite media sources that report on data science topics? (Select all that apply) - Selected Choice; 16338; 0; 1,SurveySchema.csv,Q38,none,bar
0.3333,0.0,0.0,4,4,19.75,0.0,0,0,0,0,12,0.0,0.0,0.0,How do you perceive the quality of online learning platforms and in-person bootcamps as compared to the quality of the education provided by traditional brick and mortar institutions? - Online learning platforms and MOOCs:; 15980; 0; 1,SurveySchema.csv,Q39,none,bar
0.3333,0.0,0.0,4,4,10.5,0.0,0,0,0,0,12,0.0,0.0,0.0,What is the highest level of formal education that you have attained or plan to attain within the next 2 years?; 23439; 0; 1,SurveySchema.csv,Q4,none,bar
0.3333,0.0,0.0,4,4,10.67,0.0,0,0,0,0,12,0.0,0.0,0.0,Which better demonstrates expertise in data science: academic achievements or independent projects? - Your views:; 15880; 0; 1,SurveySchema.csv,Q40,none,bar
0.3333,0.0,0.0,4,4,9.33,0.0,0,0,0,0,12,0.0,0.0,0.0,How do you perceive the importance of the following topics? - Fairness and bias in ML algorithms:; 14937; 0; 1,SurveySchema.csv,Q41,none,bar
0.3333,0.0,0.0,4,4,10.58,0.0,0,0,0,0,12,0.0,0.0,0.0,Approximately what percent of your data projects involved exploring unfair bias in the dataset and/or algorithm?; 13120; 0; 1,SurveySchema.csv,Q43,none,bar
0.3333,0.0,0.0,4,4,8.08,0.0,0,0,0,0,12,0.0,0.0,0.0,Approximately what percent of your data projects involve exploring model insights?; 13290; 0; 1,SurveySchema.csv,Q46,none,bar
0.3333,0.0,0.0,4,4,9.83,0.0,0,0,0,0,12,0.0,0.0,0.0,"Do you consider ML models to be ""black boxes"" with outputs that are difficult or impossible to explain?; 13369; 0; 1",SurveySchema.csv,Q48,none,bar
0.3333,0.0,0.0,4,4,6.58,0.0,0,0,0,0,12,0.0,0.0,0.0,Which best describes your undergraduate major? - Selected Choice; 22948; 0; 1,SurveySchema.csv,Q5,none,bar
0.3333,0.0,0.0,4,4,11.67,0.0,0,0,0,0,12,0.0,0.0,0.0,What barriers prevent you from making your work even easier to reuse and reproduce? (Select all that apply) - Selected Choice; 12814; 0; 1,SurveySchema.csv,Q50,none,bar
0.3333,0.0,0.0,4,4,6.42,0.0,0,0,0,0,12,0.0,0.0,0.0,How many years of experience do you have in your current role?; 21102; 0; 1,SurveySchema.csv,Q8,none,bar
0.3333,0.0,0.0,4,4,6.25,0.0,0,0,0,0,12,0.0,0.0,0.0,What is your current yearly compensation (approximate $USD)?; 20186; 0; 1,SurveySchema.csv,Q9,none,bar
0.25,0.0,0.0,3,3,3.0,0.0,0,0,0,0,12,0.0,0.0,0.0,Duration (in seconds); 23860; 0,SurveySchema.csv,Time from Start to Finish (seconds),none,line
1.0,0.0,0.0,367,50,8.0,0.0,0,0,0,1,367,0.0,0.0,0.0,LP001015; LP001022; LP001031; LP001035; LP001051; LP001054; LP001055; LP001056; LP001059; LP001067,test.csv,Loan_ID,none,none
0.0056,0.03,0.0,2,2,4.39,0.0,1,0,0,0,367,0.0,0.0,0.0,Male; Female,test.csv,Gender,pie,pie
0.0054,0.0,0.0,2,2,2.63,0.0,1,0,0,0,367,0.0,0.0,0.0,Yes; No,test.csv,Married,pie,pie
0.0112,0.0272,0.0,4,4,1.11,0.0,0,0,0,0,367,0.0,0.0,0.0,0; 1; 2; 3+,test.csv,Dependents,bar,bar
0.0054,0.0,0.0,2,2,8.92,0.0,1,0,0,0,367,0.0,0.0,0.0,Graduate; Not Graduate,test.csv,Education,pie,pie
0.0058,0.0627,0.0,2,2,2.11,0.0,1,0,0,0,367,0.0,0.0,0.0,No; Yes,test.csv,Self_Employed,pie,pie
0.8556,0.0,1.0,314,50,0.0,0.9346,0,1,0,0,367,4805.5995,4910.6854,8.4414,5720; 3076; 5000; 2340; 3276; 2165; 2226; 3881; 13633; 2400,test.csv,ApplicantIncome,line,line
0.5286,0.0,1.0,194,50,0.0,0.4905,0,1,0,0,367,1569.5777,2334.2321,4.2574,0; 1500; 1800; 2546; 3422; 2400; 1516; 2916; 333; 7916,test.csv,CoapplicantIncome,histogram,line
0.3978,0.0136,1.0,144,50,0.0,0.0,0,1,0,0,367,136.1326,61.3667,2.2235,110.0; 126.0; 208.0; 100.0; 78.0; 152.0; 59.0; 147.0; 280.0; 123.0,test.csv,LoanAmount,bar,histogram
0.0332,0.0163,1.0,12,12,0.0,0.0,0,1,0,0,367,342.5374,65.1566,-2.6793,360.0; 240.0; 180.0; 60.0; 480.0; 84.0; 12.0; 300.0; 350.0,test.csv,Loan_Amount_Term,bar,bar
0.0059,0.079,1.0,2,2,0.0,0.0,1,1,0,0,367,0.8254,0.3801,-1.7224,1.0; 0.0,test.csv,Credit_History,bar,pie
0.0082,0.0,0.0,3,3,6.26,0.0,0,0,0,0,367,0.0,0.0,0.0,Urban; Semiurban; Rural,test.csv,Property_Area,bar,bar
1.0,0.0,0.0,614,50,8.0,0.0,0,0,0,1,614,0.0,0.0,0.0,LP001002; LP001003; LP001005; LP001006; LP001008; LP001011; LP001013; LP001014; LP001018; LP001020,train.csv,Loan_ID,none,none
0.0033,0.0212,0.0,2,2,4.37,0.0,1,0,0,0,614,0.0,0.0,0.0,Male; Female,train.csv,Gender,pie,pie
0.0033,0.0049,0.0,2,2,2.65,0.0,1,0,0,0,614,0.0,0.0,0.0,No; Yes,train.csv,Married,pie,pie
0.0067,0.0244,0.0,4,4,1.09,0.0,0,0,0,0,614,0.0,0.0,0.0,0; 1; 2; 3+,train.csv,Dependents,bar,bar
0.0033,0.0,0.0,2,2,8.87,0.0,1,0,0,0,614,0.0,0.0,0.0,Graduate; Not Graduate,train.csv,Education,pie,pie
0.0034,0.0521,0.0,2,2,2.14,0.0,1,0,0,0,614,0.0,0.0,0.0,No; Yes,train.csv,Self_Employed,pie,pie
0.8225,0.0,1.0,505,50,0.0,0.9023,0,1,0,0,614,5403.4593,6109.0417,6.5395,5849; 4583; 3000; 2583; 6000; 5417; 2333; 3036; 4006; 12841,train.csv,ApplicantIncome,line,line
0.4674,0.0,1.0,287,50,0.0,0.0,0,0,0,0,614,1621.2458,2926.2484,7.4915,0.0; 1508.0; 2358.0; 4196.0; 1516.0; 2504.0; 1526.0; 10968.0; 700.0; 1840.0,train.csv,CoapplicantIncome,bar,histogram
0.3429,0.0358,1.0,203,50,0.0,0.0,0,1,0,0,614,146.4122,85.5873,2.6776,128.0; 66.0; 120.0; 141.0; 267.0; 95.0; 158.0; 168.0; 349.0; 70.0,train.csv,LoanAmount,bar,histogram
0.0167,0.0228,1.0,10,10,0.0,0.0,0,1,0,0,614,342.0,65.1204,-2.3624,360.0; 120.0; 240.0; 180.0; 60.0; 300.0; 480.0,train.csv,Loan_Amount_Term,bar,bar
0.0035,0.0814,1.0,2,2,0.0,0.0,1,1,0,0,614,0.8422,0.3649,-1.8824,1.0; 0.0,train.csv,Credit_History,bar,pie
0.0049,0.0,0.0,3,3,6.52,0.0,0,0,0,0,614,0.0,0.0,0.0,Urban; Rural; Semiurban,train.csv,Property_Area,bar,bar
0.0033,0.0,0.0,2,2,1.0,0.0,1,0,0,0,614,0.0,0.0,0.0,Y; N,train.csv,Loan_Status,pie,pie
1.0,0.0,1.0,3025,50,0.0,0.677,0,1,0,1,3025,1513.0,873.3866,0.0,6; 11; 33; 20; 28; 45; 21; 44; 7; 15,employee_survey.csv,EmpID,none,none
0.001,0.0,0.0,3,3,4.9,0.0,0,0,0,0,3025,0.0,0.0,0.0,Male; Female; Other,employee_survey.csv,Gender,bar,bar
0.0129,0.0,1.0,39,39,0.0,0.0,0,1,0,0,3025,35.7418,10.1918,0.537,32; 34; 23; 29; 33; 26; 24; 40; 30; 35,employee_survey.csv,Age,bar,histogram
0.0013,0.0,0.0,4,4,6.59,0.0,0,0,0,0,3025,0.0,0.0,0.0,Married; Single; Divorced,employee_survey.csv,MaritalStatus,bar,bar
0.0017,0.0,0.0,5,5,5.52,0.0,0,0,0,0,3025,0.0,0.0,0.0,Mid; Intern/Fresher; Junior; Senior,employee_survey.csv,JobLevel,bar,bar
0.0099,0.0,1.0,30,30,0.0,0.0,0,1,0,0,3025,9.0826,7.0733,0.7326,7; 12; 1; 6; 10; 4; 2; 14; 8; 9,employee_survey.csv,Experience,bar,histogram
0.0026,0.0,0.0,8,8,6.22,0.0,0,0,0,0,3025,0.0,0.0,0.0,IT; Finance; Marketing; Sales; Operations; Customer Service; Legal; HR,employee_survey.csv,Dept,bar,bar
0.001,0.0,0.0,3,3,8.9,0.0,0,0,0,0,3025,0.0,0.0,0.0,Full-Time; Contract; Part-Time,employee_survey.csv,EmpType,bar,bar
0.0017,0.0,1.0,5,5,0.0,0.0,0,1,0,0,3025,3.0612,1.447,-0.072,1; 2; 3; 4; 5,employee_survey.csv,WLB,bar,bar
0.0017,0.0,1.0,5,5,0.0,0.0,0,1,0,0,3025,3.0291,1.4153,-0.008,1; 4; 2; 3; 5,employee_survey.csv,WorkEnv,bar,bar
0.0169,0.0,1.0,51,50,0.0,0.0,0,0,0,0,3025,2.0296,0.966,0.0193,2.5; 1.8; 2.1; 1.9; 3.7; 1.4; 1.6; 0.5; 0.8; 2.0,employee_survey.csv,PhysicalActivityHours,bar,histogram
0.0017,0.0,1.0,5,5,0.0,0.0,0,1,0,0,3025,2.9666,1.4015,0.0219,2; 5; 3; 4; 1,employee_survey.csv,Workload,bar,bar
0.0017,0.0,1.0,5,5,0.0,0.0,0,1,0,0,3025,1.7365,1.0642,1.3352,1; 2; 4; 3; 5,employee_survey.csv,Stress,bar,bar
0.0198,0.0,1.0,60,50,0.0,0.0,0,0,0,0,3025,7.006,1.0027,0.0769,7.6; 7.9; 6.5; 7.5; 4.9; 6.2; 5.8; 5.7; 8.2; 8.5,employee_survey.csv,SleepHours,bar,histogram
0.0017,0.0,0.0,5,5,7.7,0.0,0,0,0,0,3025,0.0,0.0,0.0,Car; Motorbike; Public Transport; Bike; Walk,employee_survey.csv,CommuteMode,bar,bar
0.0096,0.0,1.0,29,29,0.0,0.0,0,1,0,0,3025,13.4737,8.3952,0.2053,20; 15; 17; 13; 8; 29; 9; 19; 11; 25,employee_survey.csv,CommuteDistance,bar,histogram
0.0043,0.0,1.0,13,13,0.0,0.0,0,1,0,0,3025,4.2536,3.3825,0.5347,3; 4; 0; 2; 1; 6; 7; 9; 11; 8,employee_survey.csv,NumCompanies,bar,bar
0.0086,0.0,1.0,26,26,0.0,0.0,0,1,0,0,3025,16.516,6.6384,0.0886,12; 11; 30; 9; 7; 13; 8; 10; 18; 21,employee_survey.csv,TeamSize,bar,histogram
0.0033,0.0,1.0,10,10,0.0,0.0,0,1,0,0,3025,2.3831,3.0581,0.9136,0; 2; 7; 6; 1; 4; 8; 3; 5,employee_survey.csv,NumReports,bar,bar
0.0013,0.0,0.0,4,4,7.83,0.0,0,0,0,0,3025,0.0,0.0,0.0,Bachelor,employee_survey.csv,EduLevel,bar,bar
0.0007,0.0,1.0,2,2,0.0,0.0,1,1,0,0,3025,0.3094,0.4623,0.825,True; False,employee_survey.csv,haveOT,bar,pie
0.0261,0.0,1.0,79,50,0.0,0.0,0,0,0,0,3025,37.3017,13.5698,-0.2507,33.5; 36.0; 10.5; 23.0; 20.5; 35.0; 22.0; 21.0; 23.5; 31.0,employee_survey.csv,TrainingHoursPerYear,bar,histogram
0.0017,0.0,1.0,5,5,0.0,0.0,0,1,0,0,3025,3.3868,1.2606,-0.6586,5; 4,employee_survey.csv,JobSatisfaction,bar,bar
0.0048,0.0,1.0,48,48,0.0,0.0,0,1,0,0,10000,41.5576,13.7496,-0.002,56; 46; 32; 60; 25; 38; 36; 40; 28; 41,mental_health_dataset.csv,age,bar,histogram
0.0004,0.0,0.0,4,4,5.81,0.0,0,0,0,0,10000,0.0,0.0,0.0,Male; Female; Non-binary; Prefer not to say,mental_health_dataset.csv,gender,bar,bar
0.0004,0.0,0.0,4,4,8.53,0.0,0,0,0,0,10000,0.0,0.0,0.0,Employed; Student; Self-employed; Unemployed,mental_health_dataset.csv,employment_status,bar,bar
0.0003,0.0,0.0,3,3,6.5,0.0,0,0,0,0,10000,0.0,0.0,0.0,On-site; Remote; Hybrid,mental_health_dataset.csv,work_environment,bar,bar
0.0002,0.0,0.0,2,2,2.3,0.0,1,0,0,0,10000,0.0,0.0,0.0,Yes; No,mental_health_dataset.csv,mental_health_history,pie,pie
0.0002,0.0,0.0,2,2,2.4,0.0,1,0,0,0,10000,0.0,0.0,0.0,Yes; No,mental_health_dataset.csv,seeks_treatment,pie,pie
0.001,0.0,1.0,10,10,0.0,0.0,0,1,0,0,10000,5.572,2.8877,-0.0199,6; 10; 7; 4; 3; 2; 8; 5; 1; 9,mental_health_dataset.csv,stress_level,bar,bar
0.0071,0.0,1.0,71,50,0.0,0.0,0,0,0,0,10000,6.473,1.4739,-0.0019,6.2; 9.0; 7.7; 4.5; 5.4; 9.9; 5.5; 7.1; 6.5; 3.1,mental_health_dataset.csv,sleep_hours,bar,histogram
0.0008,0.0,1.0,8,8,0.0,0.0,0,1,0,0,10000,3.5057,2.2827,-0.0033,3; 4; 2; 0; 1; 5; 6; 7,mental_health_dataset.csv,physical_activity_days,bar,bar
0.0031,0.0,1.0,31,31,0.0,0.0,0,1,0,0,10000,15.0399,8.9908,0.0012,28; 30; 24; 6; 17; 25; 7; 14; 13; 15,mental_health_dataset.csv,depression_score,bar,histogram
0.0022,0.0,1.0,22,22,0.0,0.0,0,1,0,0,10000,10.5618,6.3226,-0.0235,17; 11; 7; 0; 12; 9; 3; 8; 6; 18,mental_health_dataset.csv,anxiety_score,bar,histogram
0.0101,0.0,1.0,101,50,0.0,0.0,0,1,0,0,10000,50.1177,29.2293,-0.0044,54; 85; 62; 95; 70; 63; 87; 72; 46; 88,mental_health_dataset.csv,social_support_score,bar,histogram
0.0546,0.0,1.0,546,50,0.0,0.0,0,0,0,0,10000,77.3122,14.0612,-0.0795,59.7; 54.9; 61.3; 97.0; 69.0; 69.3; 63.1; 58.4; 60.4; 93.2,mental_health_dataset.csv,productivity_score,bar,histogram
0.0003,0.0,0.0,3,3,5.0,0.0,0,0,0,0,10000,0.0,0.0,0.0,High; Medium; Low,mental_health_dataset.csv,mental_health_risk,bar,bar
0.0017,0.0,0.0,2,2,3.45,0.0,1,0,0,0,1205,0.0,0.0,0.0,Boy; Girl,students_adaptability_level_online_education.csv,Gender,pie,pie
0.005,0.0,0.0,6,6,4.82,0.4025,0,0,0,0,1205,0.0,0.0,0.0,21-25; 16-20; 11-15; 26-30; 6-10; 1-5,students_adaptability_level_online_education.csv,Age,bar,line
0.0025,0.0,0.0,3,3,7.7,0.0,0,0,0,0,1205,0.0,0.0,0.0,University; College; School,students_adaptability_level_online_education.csv,Education Level,bar,bar
0.0017,0.0,0.0,2,2,12.73,0.0,1,0,0,0,1205,0.0,0.0,0.0,Non Government; Government,students_adaptability_level_online_education.csv,Institution Type,pie,pie
0.0017,0.0,0.0,2,2,2.25,0.0,1,0,0,0,1205,0.0,0.0,0.0,No; Yes,students_adaptability_level_online_education.csv,IT Student,pie,pie
0.0017,0.0,0.0,2,2,2.78,0.0,1,0,0,0,1205,0.0,0.0,0.0,Yes; No,students_adaptability_level_online_education.csv,Location,pie,pie
0.0017,0.0,0.0,2,2,3.17,0.0,1,0,0,0,1205,0.0,0.0,0.0,Low; High,students_adaptability_level_online_education.csv,Load-shedding,pie,pie
0.0025,0.0,0.0,3,3,3.27,0.0,0,0,0,0,1205,0.0,0.0,0.0,Mid; Poor; Rich,students_adaptability_level_online_education.csv,Financial Condition,bar,bar
0.0017,0.0,0.0,2,2,8.04,0.0,1,0,0,0,1205,0.0,0.0,0.0,Wifi; Mobile Data,students_adaptability_level_online_education.csv,Internet Type,pie,pie
0.0025,0.0,0.0,3,3,2.0,0.0,0,0,0,0,1205,0.0,0.0,0.0,4G; 3G; 2G,students_adaptability_level_online_education.csv,Network Type,bar,bar
0.0025,0.0,0.0,3,3,2.74,0.8722,0,0,0,0,1205,0.0,0.0,0.0,3-6; 1-3; 0,students_adaptability_level_online_education.csv,Class Duration,line,line
0.0017,0.0,0.0,2,2,2.17,0.0,1,0,0,0,1205,0.0,0.0,0.0,No; Yes,students_adaptability_level_online_education.csv,Self Lms,pie,pie
0.0025,0.0,0.0,3,3,6.19,0.0,0,0,0,0,1205,0.0,0.0,0.0,Tab; Mobile; Computer,students_adaptability_level_online_education.csv,Device,bar,bar
0.0025,0.0,0.0,3,3,5.68,0.0,0,0,0,0,1205,0.0,0.0,0.0,Moderate; Low; High,students_adaptability_level_online_education.csv,Adaptivity Level,bar,bar
1.0,0.0,0.0,37900,50,14.0,0.0,0,0,0,1,37900,0.0,0.0,0.0,EIIW227B8L34VB; LGXO740D2N47GZ; DJWR385V2U57TO; JTUZ800U7C86EH; VMLO535V7F95NJ; DDES630K2F80KC; HEMW326B9N91TV; XTKE052E5E87LN; OIHS248V7S72EB; ERXO372B2H63RB,dfTransjakarta.csv,transID,none,none
0.0528,0.0,1.0,2000,50,0.0,0.0,0,1,0,0,37900,4.250060298542317e+17,1.3216986638955018e+18,2.8238,180062659848800; 4885331907664776; 4996225095064169; 639099174703; 570928206772; 2251412124634980; 213155822653833; 3587341902618993; 6510013988638519; 3580401035990896,dfTransjakarta.csv,payCardID,bar,histogram
0.0002,0.0,0.0,6,6,4.22,0.0,0,0,0,0,37900,0.0,0.0,0.0,emoney; dki; flazz; online; brizzi; bni,dfTransjakarta.csv,payCardBank,bar,bar
0.0526,0.0,0.0,1993,50,17.27,0.0,0,0,0,0,37900,0.0,0.0,0.0,"Bajragin Usada; Gandi Widodo; Emong Wastuti; Surya Wacana; Embuh Mardhiyah; Tirta Siregar; R. Devi Hariyah, S.T.; Darmanto Rajasa; Cagak Maheswara, S.Sos; T. Dadap Pradana, M.Ak",dfTransjakarta.csv,payCardName,bar,bar
0.0001,0.0,0.0,2,2,1.0,0.0,1,0,0,0,37900,0.0,0.0,0.0,M; F,dfTransjakarta.csv,payCardSex,pie,pie
0.0018,0.0,1.0,67,50,0.0,1.0,0,1,0,0,37900,1990.0893,13.0515,-0.4134,2008; 1997; 1992; 1978; 1982; 1993; 1974; 1991; 2004; 1984,dfTransjakarta.csv,payCardBirthDate,line,line
0.006,0.0332,0.0,221,50,3.72,0.1895,0,0,0,0,37900,0.0,0.0,0.0,5; 6C; R1A; 11D; 12; 1T; JAK.18; B14; 1Q; 5M,dfTransjakarta.csv,corridorID,bar,bar
0.006,0.0509,0.0,216,50,26.14,0.0,0,0,0,0,37900,0.0,0.0,0.0,Matraman Baru - Ancol; Stasiun Tebet - Karet via Patra Kuningan; Pantai Maju - Kota; Pulo Gebang - Pulo Gadung 2 via PIK; Tanjung Priok - Pluit; Cibubur - Balai Kota; Kalibata - Kuningan; Bekasi Barat - Kuningan; Rempoa - Blok M; Kampung Melayu - Tanah Abang via Cikini,dfTransjakarta.csv,corridorName,bar,bar
0.0001,0.0,1.0,2,2,0.0,0.0,1,1,0,0,37900,0.5006,0.5,-0.0025,1.0; 0.0,dfTransjakarta.csv,direction,bar,pie
0.0701,0.032,0.0,2570,50,6.73,0.0,0,0,0,0,37900,0.0,0.0,0.0,P00142; B01963P; B00499P; B05587P; P00239; B00127P; B00243P; B03416P; B00795P; B05781P,dfTransjakarta.csv,tapInStops,bar,bar
0.0687,0.0,0.0,2602,50,16.58,0.0,0,0,0,0,37900,0.0,0.0,0.0,Pal Putih; Kemenkes 2; Gg. Kunir II; Taman Elok 1; Sunter Boulevard Barat; Benhil 3; Cervino Village; SDN Pondok Labu 11; Imperium; TPU Bungur,dfTransjakarta.csv,tapInStopsName,bar,bar
0.0683,0.0,1.0,2587,50,0.0,0.0,0,0,0,0,37900,-6.2148,0.0579,-0.2537,-6.184631; -6.2287; -6.133132; -6.195743; -6.14965; -6.21601; -6.224355; -6.313269; -6.210363; -6.247208,dfTransjakarta.csv,tapInStopsLat,bar,histogram
0.0649,0.0,1.0,2458,50,0.0,0.0,0,0,0,0,37900,106.8416,0.0604,-0.1193,106.84402; 106.83302; 106.81435; 106.93526; 106.889; 106.81632; 106.85165; 106.80221; 106.83059; 106.77889,dfTransjakarta.csv,tapInStopsLon,bar,histogram
0.0018,0.0,1.0,67,50,0.0,0.0,0,1,0,0,37900,13.5725,12.2376,1.2444,7; 13; 38; 23; 5; 3; 25; 2; 1; 15,dfTransjakarta.csv,stopStartSeq,bar,histogram
0.9783,0.0,0.0,37079,50,19.0,1.0,0,0,0,0,37900,0.0,0.0,0.0,2023-04-03 05:21:44; 2023-04-03 05:42:44; 2023-04-03 05:59:06; 2023-04-03 05:44:51; 2023-04-03 06:17:35; 2023-04-03 05:08:01; 2023-04-03 06:58:21; 2023-04-03 06:44:24; 2023-04-03 06:01:44; 2023-04-03 05:57:47,dfTransjakarta.csv,tapInTime,line,none
0.0626,0.0604,0.0,2230,50,6.71,0.0,0,0,0,0,37900,0.0,0.0,0.0,P00253; B03307P; B04962P; B03090P; P00098; B00694P; B00899P; B01853P; B06578P; B02387P,dfTransjakarta.csv,tapOutStops,bar,bar
0.0615,0.0355,0.0,2248,50,16.33,0.0,0,0,0,0,37900,0.0,0.0,0.0,Tegalan; Sampoerna Strategic; Simpang Kunir Kemukus; Raya Penggilingan; Kali Besar Barat; Grand Sahid; Jln. Baros; Kayuringin 2; Blok M Jalur 3; Matraman 4,dfTransjakarta.csv,tapOutStopsName,bar,bar
0.0612,0.0355,1.0,2237,50,0.0,0.0,0,0,0,0,37900,-6.2147,0.059,-0.2259,-6.203101; -6.217152; -6.133731; -6.183068; -6.135355; -6.210975; -6.311046; -6.245948; -6.243426; -6.199782,dfTransjakarta.csv,tapOutStopsLat,bar,histogram
0.0585,0.0355,1.0,2139,50,0.0,0.0,0,0,0,0,37900,106.8412,0.061,-0.0963,106.85715; 106.81892; 106.81475; 106.93194; 106.81143; 106.82059; 106.784; 106.99247; 106.80188; 106.8545,dfTransjakarta.csv,tapOutStopsLon,bar,histogram
0.002,0.0355,1.0,74,50,0.0,0.0,0,1,0,0,37900,21.2199,13.8007,0.8154,12.0; 21.0; 39.0; 29.0; 15.0; 6.0; 16.0; 24.0; 23.0; 14.0,dfTransjakarta.csv,stopEndSeq,bar,histogram
0.9823,0.0355,0.0,35908,50,19.0,1.0,0,0,0,0,37900,0.0,0.0,0.0,2023-04-03 06:00:53; 2023-04-03 06:40:01; 2023-04-03 06:50:55; 2023-04-03 06:28:16; 2023-04-03 06:57:03; 2023-04-03 05:52:25; 2023-04-03 07:11:43; 2023-04-03 06:51:12; 2023-04-03 07:23:54; 2023-04-03 06:50:21,dfTransjakarta.csv,tapOutTime,line,none
0.0001,0.0266,1.0,3,3,0.0,0.0,0,1,0,0,37900,2699.7127,4212.2256,3.1563,3500.0; 20000.0; 0.0,dfTransjakarta.csv,payAmount,bar,bar
0.7321,0.9772,0.0,399,50,28.81,0.0,0,0,0,0,23860,0.0,0.0,0.0,Select any activities that make up an important part of your role at work: (Select all that apply) - Other - Text; Trying to find what field of research could be machine learnable ; I’m a student. Don’t ask these questions please; Student; quality analyst; All private work; Work with statistics staff to build a simulation model; I stop working for my masters; I am a student; Data Collection,freeFormResponses.csv,Q11_OTHER_TEXT,none,none
0.6491,0.9283,0.0,1110,50,16.03,0.0,0,0,0,0,23860,0.0,0.0,0.0,"What is the primary tool that you use at work or school to analyze data? (include text response) - Other - Text; Trifacta, Orange; Matlab, Visual Studio; Python; python; No used data analysis; It depends on the research project. I use a combination of Excell, R Studio, and SPSS.;  None ; Python,Spark,SQL; SSRS, Python, SQL",freeFormResponses.csv,Q12_OTHER_TEXT,none,none
0.3079,0.8354,0.0,1209,50,12.44,0.0,0,0,0,0,23860,0.0,0.0,0.0,"What is the primary tool that you use at work or school to analyze data? (include text response) - Basic statistical software (Microsoft Excel, Google Sheets, etc.) - Text; Excel; Excel mostly ; Ms Excel, Sql server; excel. but oftenly use sql to access db.; Only basic software; Excel sheet ; Microsoft Excel; excel; Google sheets",freeFormResponses.csv,Q12_Part_1_TEXT,none,bar
0.3488,0.9393,0.0,505,50,8.38,0.0,0,0,0,0,23860,0.0,0.0,0.0,"What is the primary tool that you use at work or school to analyze data? (include text response) - Advanced statistical software (SPSS, SAS, etc.) - Text; Spss and R; SAS; R; Sas; spss; Python; Spss; SPSS; MATLAB",freeFormResponses.csv,Q12_Part_2_TEXT,none,bar
0.425,0.9525,0.0,482,50,13.04,0.0,0,0,0,0,23860,0.0,0.0,0.0,"What is the primary tool that you use at work or school to analyze data? (include text response) - Business intelligence software (Salesforce, Tableau, Spotfire, etc.) - Text; Python; Tableau; T; Visual stdio, sql; MS BI; Tableau, SF; salesforce; Looker; Tableau and BI",freeFormResponses.csv,Q12_Part_3_TEXT,none,none
0.3525,0.5996,0.0,3367,50,14.77,0.0,0,0,0,0,23860,0.0,0.0,0.0,"What is the primary tool that you use at work or school to analyze data? (include text response) - Local or hosted development environments (RStudio, JupyterLab, etc.) - Text; Jupyter Notebooks, Pycharm, Intelijidea; anaconda; Python in Notebooks; JupyterLab; Jupyterlab; Rstudio; JupyterLab, Jupyter Notebook; Jupyter Notebook; R, ",freeFormResponses.csv,Q12_Part_4_TEXT,none,bar
0.4065,0.9433,0.0,550,50,10.94,0.0,0,0,0,0,23860,0.0,0.0,0.0,"What is the primary tool that you use at work or school to analyze data? (include text response) - Cloud-based data software & APIs (AWS, GCP, Azure, etc.) - Text; gcp; Azure; Azure, rstudio server, tableau; AWS; IBM; Watson Studio; AWS Athena, and we built various queue/trend/model builders/parsers; GCP; Watson",freeFormResponses.csv,Q12_Part_5_TEXT,none,bar
0.4141,0.95,0.0,494,50,10.05,0.0,0,0,0,0,23860,0.0,0.0,0.0,"Which of the following integrated development environments (IDE's) have you used at work or school in the last 5 years? (Select all that apply) - Other - Text; NetBeans; Eclipse; Emacs ; Watson Studio; IDLE; Mostly text editor; nano; eclipse, Clion; netbeans",freeFormResponses.csv,Q13_OTHER_TEXT,none,none
0.6273,0.9791,0.0,313,50,13.13,0.0,0,0,0,0,23860,0.0,0.0,0.0,"Which of the following hosted notebooks have you used at work or school in the last 5 years? (Select all that apply) - Other - Text; Orange; IBM Watson Studio; Watson Studio; Jupyter Notebook; Zeppelin; Rstudio docs, GitHub ; databricks; Jupyter notebook; Cocalc",freeFormResponses.csv,Q14_OTHER_TEXT,none,none
0.6435,0.9759,0.0,370,50,12.5,0.0,0,0,0,0,23860,0.0,0.0,0.0,Which of the following cloud computing services have you used at work or school in the last 5 years? (Select all that apply) - Other - Text; Orange; Nextcloud; Paperspace; DigitalOcean; OTC; Oracle Cloud ; Divio; Microsoft Power BI; openstack,freeFormResponses.csv,Q15_OTHER_TEXT,none,none
0.5109,0.975,0.0,305,50,8.08,0.0,0,0,0,0,23860,0.0,0.0,0.0,What programming languages do you use on a regular basis? (Select all that apply) - Other - Text; Spark; fortran; Rust; ECL; SPSS; PySpark; PERL; Kotlin; Lisp,freeFormResponses.csv,Q16_OTHER_TEXT,none,none
0.6404,0.9952,0.0,73,50,9.64,0.0,0,0,0,0,23860,0.0,0.0,0.0,What specific programming language do you use most often? - Other - Text; 1c; Erlang; Haskell; Kotlin; Rust; Labview; rust; R; Perl,freeFormResponses.csv,Q17_OTHER_TEXT,none,none
0.6914,0.9932,0.0,112,50,20.38,0.0,0,0,0,0,23860,0.0,0.0,0.0,"What programming language would you recommend an aspiring data scientist to learn first? - Other - Text; Orange; Julia; Still I cannot recommend since I am not working as BI/BA; Python,R; Rust; dont know; I have no experience with many of the languages, so I can't tell which is better for a beginner.; Python, SQL; R or Python, flip a coin",freeFormResponses.csv,Q18_OTHER_TEXT,none,none
0.6993,0.9812,0.0,314,50,11.58,0.0,0,0,0,0,23860,0.0,0.0,0.0,"What machine learning frameworks have you used in the past 5 years? (Select all that apply) - Other - Text; Scikit learn; deeplearning4j; Names don’t mean anything ; Dataiku, Azure Machine Learning, Machine Learning Server; MATLAB AI Toolbox; Theano; Linear regression; DSSTNE; my own framework",freeFormResponses.csv,Q19_OTHER_TEXT,none,none
0.8375,0.9966,0.0,67,50,15.53,0.0,0,0,0,0,23860,0.0,0.0,0.0,"What is your gender? - Prefer to self-describe - Text; Male and female are sexes not gender. Gender is a regressive set of stereotypes associated with our sex. Ask what sex we are for demographic purposes, if that is what is important. ; A little sunshine. :); Kaggle; Transgender; Attack helicopter; Human; Attack Helicopter; 18; Barn owl",freeFormResponses.csv,Q1_OTHER_TEXT,none,none
0.8298,0.9961,0.0,78,50,11.46,0.0,0,0,0,0,23860,0.0,0.0,0.0,"Of the choices that you selected in the previous question, which ML library have you used the most? - Other - Text; my own framework; Base r or rpart; ReNom; math-based programs like TDA; Lightfm; TMVA; Caret; Turi create; Alteryx",freeFormResponses.csv,Q20_OTHER_TEXT,none,none
0.6098,0.9794,0.0,300,50,10.53,0.0,0,0,0,0,23860,0.0,0.0,0.0,What data visualization libraries or tools have you used in the past 5 years? (Select all that apply) - Other - Text; tmap; Brunel; Dash/plot; Dash; highcharter; i create one for each data; ChartJS; Highcharts; folium,freeFormResponses.csv,Q21_OTHER_TEXT,none,none
0.7263,0.996,0.0,69,50,11.08,0.0,0,0,0,0,23860,0.0,0.0,0.0,"Of the choices that you selected in the previous question, which specific data visualization library or tool have you used the most? - Other - Text; Brunel; Highcharter; Tableau; Base R graphics; R base graphics; Hand coded pixel blitting; gonum/plot; gdelt; Gadfly",freeFormResponses.csv,Q22_OTHER_TEXT,none,none
0.789,0.9871,0.0,243,50,15.71,0.0,0,0,0,0,23860,0.0,0.0,0.0,"Which of the following cloud computing products have you used at work or school in the last 5 years (Select all that apply)? - Other - Text; Orange; AWS RDS; Not sure; Azure Data Factory; heroku, digital ocean; openstack; Do not know what my company uses, sorry.; Apple; AWS ECS Fargate",freeFormResponses.csv,Q27_OTHER_TEXT,none,none
0.8548,0.9922,0.0,159,50,15.71,0.0,0,0,0,0,23860,0.0,0.0,0.0,Which of the following machine learning products have you used at work or school in the last 5 years? (Select all that apply) - Other - Text; Orange; Firebase ML kit; Weka ; Amazon Sagemaker; Google Dialogflow; DSSTNE; AWS ML; Inception DNN; Knime,freeFormResponses.csv,Q28_OTHER_TEXT,none,none
0.4549,0.9777,0.0,242,50,10.89,0.0,0,0,0,0,23860,0.0,0.0,0.0,"Which of the following relational database products have you used at work or school in the last 5 years? (Select all that apply) - Other - Text; Not sure; sybase; ClickHouse; Teredata; THOSE AREN'T ALL RELATIONAL DATABASES; MariaDB; redshift, hive, sparkql; Neo4J, MongoDB; MongoDB",freeFormResponses.csv,Q29_OTHER_TEXT,none,none
0.8128,0.9915,0.0,165,50,13.35,0.0,0,0,0,0,23860,0.0,0.0,0.0,"Which of the following big data and analytics products have you used at work or school in the last 5 years? (Select all that apply) - Other - Text; COGNOS, SAP Business Objects; Dask; hadoop; Hive Hadoop; Dr.Sum; HUE - INPALA; netezza; Neo4j, Spark; Pentaho CE and SpagoBI",freeFormResponses.csv,Q30_OTHER_TEXT,none,none
0.8991,0.9904,0.0,205,50,15.11,0.0,0,0,0,0,23860,0.0,0.0,0.0,"Which types of data do you currently interact with most often at work or school? (Select all that apply) - Other Data - Text; High speed signals ; Music Data; I'm not currently analazing any kind of data.; Hierarchical Data; I do this on my own, started only recently; Clickstream Data; financial data; Mobile telemetry; census",freeFormResponses.csv,Q31_OTHER_TEXT,none,none
0.9615,0.9978,0.0,50,50,13.83,0.0,0,0,0,1,23860,0.0,0.0,0.0,"What is the type of data that you currently interact with most often at work or school? - Other Data - Text; ADC, RF amplifers ; Mobile telemetry; data produced by programmes; Web Data; Game data; Chemical Structure; hospital; 3D point cloud; SSAS Cube",freeFormResponses.csv,Q32_OTHER,none,none
0.7337,0.9846,0.0,270,50,16.54,0.0,0,0,0,0,23860,0.0,0.0,0.0,Where do you find public datasets? (Select all that apply) - Other - Text; Cran ; Buy it; Data included in python/R libraries; Corporate data; Kaggle; Company data; mediawiki; In house; data collected during a project,freeFormResponses.csv,Q33_OTHER_TEXT,none,none
0.0067,0.332,0.0,107,50,2.98,0.0,0,0,0,0,23860,0.0,0.0,0.0,"During a typical data science project at work or school, approximately what proportion of your time is devoted to the following? (Answers must add up to 100%) - Other; 0.0; 0; 10.0; 10; 5.0; 100.0; 17.0; 15.0; 5",freeFormResponses.csv,Q34_OTHER_TEXT,bar,bar
0.6735,0.9774,0.0,363,50,12.3,0.0,0,0,0,0,23860,0.0,0.0,0.0,What percentage of your current machine learning/data science training falls under each category? (Answers must add up to 100%) - Other - Text; Workshops and internship; Cs231n stanford class lecture; 100; PodCasts; Travel; Bootcamp; Sentdex; study; Fast ai,freeFormResponses.csv,Q35_OTHER_TEXT,none,none
0.5919,0.9555,0.0,628,50,13.92,0.0,0,0,0,0,23860,0.0,0.0,0.0,On which online platforms have you begun or completed data science courses? (Select all that apply) - Other - Text; mlcourse.ai; GitHub; Analytics Vidhya; Stack Skills; Applied ai course ; IBM; Cognitiveclass.AI; Open Online Machine Learning; linkedin,freeFormResponses.csv,Q36_OTHER_TEXT,none,none
0.6982,0.9858,0.0,236,50,13.14,0.0,0,0,0,0,23860,0.0,0.0,0.0,On which online platform have you spent the most amount of time? - Other - Text; Stack Skills; Cognitiveclass.AI; Open Online ML Course; LinkedIn ; Youtube; Self learning ; LearningFromData; Sentdex; stepic.org,freeFormResponses.csv,Q37_OTHER_TEXT,none,none
0.6209,0.943,0.0,845,50,18.39,0.0,0,0,0,0,23860,0.0,0.0,0.0,"Who/what are your favorite media sources that report on data science topics? (Select all that apply) - Other - Text; ods.ai; KDNuggets; not so standard deviations podcast; Two minute papers (YouTube); Youtube: sentdex / https://codelabs.developers.google.com/ https://pjreddie.com/darknet/yolo/; Jabrills Youtube channel, The Coding Train Youtube Channel; OpenDataScience, Two Minute Papers; r/datais...",freeFormResponses.csv,Q38_OTHER_TEXT,none,none
0.9856,0.9912,0.0,206,50,34.1,0.0,0,0,0,1,23860,0.0,0.0,0.0,"What metrics do you or your organization use to determine whether or not your models were successful? (Select all that apply) - Other - Text; I am a student; Precision and Recall; cannot say; Business perception on prediction accuracy - which is linked to Revenue but the perception is more important as revenue can only be realised in the long-term, whereas data science projects can be killed immed...",freeFormResponses.csv,Q42_OTHER_TEXT,none,none
0.9883,0.9928,0.0,169,50,43.25,0.0,0,0,0,1,23860,0.0,0.0,0.0,"What tools and methods do you use to make your work easy to reproduce? (Select all that apply) - Other - Text; Dropbox; conda env, virtualenv; Scientific papers; Use Pipenv; Describe all preprocessing and experimental protocols fully. Make code available on request. Provide outcomes on public datasets whenever possible.; Peer-reviewed publication and proprietary data being analyzed by others at my...",freeFormResponses.csv,Q49_OTHER_TEXT,none,none
0.9468,0.9819,0.0,409,50,40.14,0.0,0,0,0,0,23860,0.0,0.0,0.0,"What barriers prevent you from making your work even easier to reuse and reproduce? (Select all that apply) - Other - Text; All clients require my work to be private.; datasets are often private by their nature; My company won’t let me; Waste of time; Data usually evolves over time (eg. distributional shift); Stuff for work are all confidential. ; I work with Private data, so can not make my work ...",freeFormResponses.csv,Q50_OTHER_TEXT,none,none
0.6523,0.9446,0.0,863,50,16.0,0.0,0,0,0,0,23860,0.0,0.0,0.0,Select the title most similar to your current role (or most recent title if retired): - Other - Text; Junior Data Scientist; Systems Engineer; Systems Analyst; .net developer; Qa; Equipment Reliability Engineer; Still doing more of research as a student; operations Research Analyst; Systems Administrator,freeFormResponses.csv,Q6_OTHER_TEXT,none,none
0.5957,0.9608,0.0,557,50,14.37,0.0,0,0,0,0,23860,0.0,0.0,0.0,In what industry is your current employer/contract (or your most recent employer if retired)? - Other - Text; Legal; construction and installation; Videography; Stock Market; Automotive; Entertainment ; Consulting; Consultant Services Provider; Several industries,freeFormResponses.csv,Q7_OTHER_TEXT,none,none
0.0,0.0,0.0,11,11,29.81,0.0,0,0,0,0,258423,0.0,0.0,0.0,Calgary Fire Hall Headquarters; Whitehorn Multi-Service Centre; Southland Leisure Centre; Hillhurst Sunnyside Community Association,Solar_Energy_Production.csv,name,bar,bar
0.0,0.0,1.0,11,11,0.0,0.0,0,1,0,0,258423,372581.0331,130344.5446,0.3782,314106; 319086; 164440; 308057,Solar_Energy_Production.csv,id,bar,none
0.0,0.0,0.0,11,11,14.74,0.0,0,0,0,0,258423,0.0,0.0,0.0,1212 42 AV SE; 3705 35 ST NE; 2000 SOUTHLAND DR SW; 1320 5 AV NW,Solar_Energy_Production.csv,address,bar,none
0.14,0.0,0.0,36192,50,22.0,1.0,0,0,0,0,258423,0.0,0.0,0.0,2017/09/11 08:00:00 AM; 2017/09/11 09:00:00 AM; 2017/09/11 10:00:00 AM; 2017/09/11 11:00:00 AM; 2017/09/11 12:00:00 PM; 2017/09/11 01:00:00 PM; 2017/09/11 02:00:00 PM; 2017/09/11 03:00:00 PM; 2017/09/11 04:00:00 PM; 2017/09/11 05:00:00 PM,Solar_Energy_Production.csv,date,line,line
0.3308,0.0,1.0,85481,50,0.0,0.0,0,0,0,0,258423,38.0598,71.598,3.0508,1.13; 2.34; 3.656; 4.577; 6.506; 7.031; 9.218; 9.018; 5.266; 2.579,Solar_Energy_Production.csv,kWh,bar,histogram
0.0001,0.0,0.0,22,22,87.83,0.0,0,0,0,0,258423,0.0,0.0,0.0,https://monitoring.solaredge.com/solaredge-web/p/public?name=Fire%20HQ; https://monitoring.solaredge.com/solaredge-web/p/public?name=Whitehorn; https://monitoring.solaredge.com/solaredge-web/p/public?name=Southland%20Leisure%20Centre; https://monitoring.solaredge.com/solaredge-web/p/public?name=HSCA,Solar_Energy_Production.csv,public_url,bar,none
0.0,0.0,0.0,11,11,10.0,1.0,0,0,0,0,258423,0.0,0.0,0.0,2016/11/07; 2016/12/13; 2015/09/01; 2016/09/25,Solar_Energy_Production.csv,installationDate,line,line
1.0,0.0,0.0,258423,50,25.0,0.0,0,0,0,1,258423,0.0,0.0,0.0,3141062017-09-11 08:00:00; 3141062017-09-11 09:00:00; 3141062017-09-11 10:00:00; 3141062017-09-11 11:00:00; 3141062017-09-11 12:00:00; 3141062017-09-11 13:00:00; 3141062017-09-11 14:00:00; 3141062017-09-11 15:00:00; 3141062017-09-11 16:00:00; 3141062017-09-11 17:00:00,Solar_Energy_Production.csv,uid,none,none
1.0,0.0,1.0,32540,50,0.0,0.284,0,1,1,0,32540,16270.5,9393.6332,0.0,1; 2; 3; 4; 5; 6; 7; 8; 9; 10,horror_movies.csv,,line,histogram
1.0,0.0,1.0,32540,50,0.0,0.0685,0,1,0,1,32540,445910.8309,305744.6656,0.1878,760161; 760741; 882598; 756999; 772450; 1014226; 717728; 762504; 927341; 760104,horror_movies.csv,id,none,none
0.931,0.0,0.0,30296,50,14.77,0.004,0,0,0,0,32540,0.0,0.0,0.0,Orphan: First Kill; Beast; Smile; The Black Phone; Presencias; Sonríe; Jeepers Creepers: Reborn; Nope; Hunting Ava Bravo; X,horror_movies.csv,original_title,none,none
0.9085,0.0,0.0,29563,50,15.71,0.004,0,0,0,0,32540,0.0,0.0,0.0,Orphan: First Kill; Beast; Smile; The Black Phone; Presences; Sonríe; Jeepers Creepers: Reborn; Nope; Hunting Ava Bravo; X,horror_movies.csv,title,none,none
0.003,0.0,0.0,97,50,2.0,0.0,0,0,0,0,32540,0.0,0.0,0.0,en; es; zh; it; ru; ja; eo; fr; pl; ko,horror_movies.csv,original_language,bar,bar
0.9925,0.0395,0.0,31020,50,254.67,0.0,0,0,0,1,32540,0.0,0.0,0.0,"After escaping from an Estonian psychiatric facility, Leena Klammer travels to America by impersonating Esther, the missing daughter of a wealthy family. But when her mask starts to slip, she is put against a mother who will protect her family from the murderous “child” at any cost.; A recently widowed man and his two teenage daughters travel to a game reserve in South Africa. However, their journ...",horror_movies.csv,overview,none,none
0.9849,0.6096,0.0,12512,50,38.29,0.0,0,0,0,1,32540,0.0,0.0,0.0,"There's always been something wrong with Esther.; Fight for family.; Once you see it, it’s too late.; Never talk to strangers.; Evil Rides Again; What’s a bad miracle?; ""If I die, you die""; Dying to show you a good time.; God and the Devil cannot exist in the same body.; Once you open the box... you can't escape it.",horror_movies.csv,tagline,none,none
0.338,0.0,0.0,10999,50,10.0,1.0,0,0,0,0,32540,0.0,0.0,0.0,2022-07-27; 2022-08-11; 2022-09-23; 2022-06-22; 2022-09-07; 2022-08-18; 2022-09-15; 2022-07-20; 2022-04-01; 2022-03-17,horror_movies.csv,release_date,line,line
0.9994,0.1375,0.0,28048,50,31.97,0.0,0,0,0,1,32540,0.0,0.0,0.0,/pHkKbIRoCe7zIFvqan9LFSaQAde.jpg; /xIGr7UHsKf0URWmyyd5qFMAq4d8.jpg; /hiaeZKzwsk4y4atFhmncO5KRxeT.jpg; /lr11mCT85T1JanlgjMuhs9nMht4.jpg; /dgDT3uol3mdvwEg0jt1ble3l9hw.jpg; /wHowKf77gNZbVo9yu5ggiNBFCdJ.jpg; /aGBuiirBIQ7o64FmJxO53eYDuro.jpg; /AcKVlWaNVVVFQwro3nLXqPljcYA.jpg; /etc6HKBEhNySNnYU2nRgbSeIyoW.jpg; /woTQx9Q4b8aO13jR9dsj8C9JESy.jpg,horror_movies.csv,poster_path,none,none
0.2228,0.0,1.0,7250,50,0.0,0.0,0,0,1,0,32540,4.0135,37.5135,89.7904,5088.584; 2172.338; 1863.628; 1071.398; 1020.995; 939.712; 821.605; 733.112; 574.832; 543.67,horror_movies.csv,popularity,bar,histogram
0.034,0.0,1.0,1105,50,0.0,0.0115,0,1,0,0,32540,62.6915,420.8875,17.0017,902; 584; 114; 2736; 83; 1; 125; 1684; 73; 1035,horror_movies.csv,vote_count,bar,histogram
0.0028,0.0,1.0,92,50,0.0,0.0,0,0,0,0,32540,3.3357,2.876,0.1297,6.9; 7.1; 6.8; 7.9; 7.0; 1.0; 5.8; 6.5; 7.3; 6.4,horror_movies.csv,vote_average,bar,histogram
0.0241,0.0,1.0,783,50,0.0,0.011,0,1,0,0,32540,543126.5852,4542667.8115,17.9776,0.0; 17000000.0; 18800000.0; 20000000.0; 68000000.0; 10000000.0; 1500000.0; 250000.0; 24000000.0; 6200000.0,horror_movies.csv,budget,bar,histogram
0.0439,0.0,1.0,1427,50,0.0,0.001,0,1,0,0,32540,1349746.7317,14430479.1546,19.7081,9572765.0; 56000000.0; 45000000.0; 161000000.0; 0.0; 2892594.0; 170800000.0; 14257609.0; 304106.0; 144008.0,horror_movies.csv,revenue,bar,histogram
0.0065,0.0,1.0,212,50,0.0,0.0,0,1,0,0,32540,62.1429,40.9985,0.0378,99; 93; 115; 103; 0; 88; 130; 90; 106; 98,horror_movies.csv,runtime,bar,histogram
0.0001,0.0,0.0,4,4,8.02,0.0,0,0,0,0,32540,0.0,0.0,0.0,Released; Post Production,horror_movies.csv,status,bar,bar
0.0,0.0,1.0,1,1,0.0,0.0,0,1,1,0,32540,0.0,0.0,0.0,False,horror_movies.csv,adult,bar,bar
0.9993,0.5837,0.0,13536,50,31.97,0.0,0,0,0,1,32540,0.0,0.0,0.0,/5GA3vV1aWWHTSDO5eno8V5zDo8r.jpg; /2k9tBql5GYH328Krj66tDT9LtFZ.jpg; /mVNPfpydornVe4H4UCIk7WevWjf.jpg; /AfvIjhDu9p64jKcmohS4hsPG95Q.jpg; /ojfzhdwRemcDt1I6pao6vVLw9AA.jpg; /tIX6j3NzadlwGcJ52nuWdmtOQkg.jpg; /xVbppM1xgbskOKgOuV8fbWBWHtt.jpg; /pkLegAR3G5T63B2Xz2ijbD1BAm8.jpg; /21ldFAokKVjwzi1SHXoPb5gc7md.jpg; /b1L7qevxiVpkVFq4dmdQPGFPWH0.jpg,horror_movies.csv,backdrop_path,none,none
0.0237,0.0,0.0,772,50,15.41,0.0,0,0,0,0,32540,0.0,0.0,0.0,"Horror, Thriller; Adventure, Drama, Horror; Horror, Mystery, Thriller; Horror; Horror, Mystery, Science Fiction, Thriller; Action, Adventure, Crime, Drama, Horror, Mystery, Thriller, War; Horror, Music, Thriller; Horror, Mystery; Comedy, Horror; Action, Comedy, Fantasy, Horror",horror_movies.csv,genre_names,bar,bar
0.3534,0.9291,1.0,815,50,0.0,0.0835,0,1,0,0,32540,481534.8838,324498.1561,0.1306,760193.0; 94899.0; 950289.0; 916357.0; 91361.0; 111751.0; 2602.0; 430186.0; 313086.0; 750822.0,horror_movies.csv,collection,bar,histogram
0.3534,0.9291,0.0,815,50,23.18,0.0,0,0,0,0,32540,0.0,0.0,0.0,Orphan Collection; Jeepers Creepers Collection; X Collection; Jack in the Box Collection; Halloween Collection; Texas Chainsaw Massacre Collection; Scream Collection; Bring It On Collection; The Conjuring Collection; The Addams Family (Animated) Collection,horror_movies.csv,collection_name,none,bar
0.7761,0.992,0.0,104,50,13.42,0.0075,0,0,0,0,16716,0.0,0.0,0.0,half man - half dog; ceramic vase; Male; Groot; Female; Why the hell do we need so many genders?; Male Geeky; A wound mark on right leg; transhuman; Attack Helicopter,freeformResponses.csv,GenderFreeForm,none,none
0.8965,0.9555,0.0,667,50,38.44,0.0,0,0,0,0,16716,0.0,0.0,0.0,Curious; Promote our data solutions; More knowledge and funny experience; Keep it touch with the data science evolution and keep challenging myself; machine learning and data science is my passion; Learn new skills and challenge myself; Im not really using it anymore; for the pickles; I find it interesting; interest,freeformResponses.csv,KaggleMotivationFreeForm,none,none
0.6684,0.9316,0.0,764,50,15.96,0.0,0,0,0,0,16716,0.0,0.0,0.0,teacher; Hydrographic Surveyor; mechanical engineer; Technical support engineer ; Quantitative Analyst; Market Analyst; Business Consultant; Company consultant; Manager ; Senior Manager,freeformResponses.csv,CurrentJobTitleFreeForm,none,none
0.6442,0.977,0.0,248,50,12.61,0.0,0,0,0,0,16716,0.0,0.0,0.0,"PyTorch; Keras; Internal; pytorch; Python, SQL,Data Robot; keras; PyTorch,Scala,Go; Government, have to support us joint venture application big data barter  their Aadhar Card include (Unique Data with DNA History biometric); Hadoop; F#",freeformResponses.csv,MLToolNextYearFreeForm,none,none
0.696,0.9864,0.0,158,50,22.06,0.0,0,0,0,0,16716,0.0,0.0,0.0,recommendation engines; Natural Language Processing; Get a deeper understanding of Bayesian Methods; GANs; Online learning; You like to Multiple Sclerosis Deep Suck; I already know all of these; Reinforcement Learning; Reinforcement; Visualization,freeformResponses.csv,MLMethodNextYearFreeForm,none,none
0.9,0.9952,0.0,72,50,22.79,0.0,0,0,0,0,16716,0.0,0.0,0.0,"don't know; C only; Javascript; Cache; Weka to get a feel for what the basics, then Python for the Bread and Butter analysis, and finally C/C++ for really advanced techniques and to understand what is going on under the hood.; VBA Excel; I don't know; LabVIEW - it is a sleeper Julia, works on all platforms including FPGA and GPGPU; No idea; Python",freeformResponses.csv,LanguageRecommendationFreeForm,none,none
0.856,0.9846,0.0,220,50,17.84,0.0,0,0,0,0,16716,0.0,0.0,0.0,kdnuggets; Stanford SNAP; kaggle; internal; own sourced/customer; MMO Game data for theorycrafting; mostly work with non-public data sets; Proprietary data from corporate collaborations; UCI Machine Learning; DuckDuckGo search,freeformResponses.csv,PublicDatasetsFreeForm,none,none
0.9126,0.7919,0.0,3175,50,48.49,0.0,0,0,0,0,16716,0.0,0.0,0.0,"Data manipulation; I can't find time to practice consistently; Connectivity/data fusion; Prepping data; Poor data quality / lack of documentation; Crawling Airbnb; Amount and quality of data; None in specific.; Formatting and accessibility, although this is improving; Need to spend a bit of time on data cleaning and wrangling",freeformResponses.csv,PersonalProjectsChallengeFreeForm,none,none
0.7207,0.9893,0.0,129,50,13.84,0.0,0,0,0,0,16716,0.0,0.0,0.0,"R-bloggers; AIDL Facebook Group; Medium; Udacity; Dataquest;Siraj Raval; Udacity Machine Learning Nanodegree Slack; Coursera, udacity; machine learning; data science; and other subreddits; Udemy; Coursera; datatau",freeformResponses.csv,LearningPlatformCommunityFreeForm,none,none
0.6707,0.9804,0.0,220,50,14.72,0.0,0,0,0,0,16716,0.0,0.0,0.0,"Meetups; Journals; Coursera; training course; Analytics Vidhya; Udacity; Periodics (ACM Comms, AAAS Science, sometimes Nature as well); Machine Learning Society; Government, have to support us joint venture application big data barter  their Aadhar Card include (Unique Data with DNA History biometric); other",freeformResponses.csv,LearningPlatformFreeForm1,none,none
0.8333,0.9968,0.0,45,45,15.87,0.0,0,0,0,0,16716,0.0,0.0,0.0,"Google; Datacamp, Udemy, Coursera, Edx ; Databricks; EDx; Datacamp website; Dataquest; Martin Ciupa ; Udacity; Meetup ; Stanford lagunita",freeformResponses.csv,LearningPlatformFreeForm2,none,none
0.8889,0.9973,0.0,40,40,15.69,0.0,0,0,0,0,16716,0.0,0.0,0.0,"SAS Newsletters; Udacity; R-bloggers; Working through vignettes; papers; data ""science"" is bullshit; Datacamp; reddit; r-bloggers; edx",freeformResponses.csv,LearningPlatformFreeForm3,none,none
0.0081,0.9779,0.0,3,3,12.16,0.0,0,0,0,0,16716,0.0,0.0,0.0,Very useful; Somewhat useful; Not Useful,freeformResponses.csv,LearningPlatformUsefulnessFreeForm1Select,bar,none
0.0469,0.9962,0.0,3,3,11.69,0.0,0,0,0,0,16716,0.0,0.0,0.0,Very useful; Somewhat useful; Not Useful,freeformResponses.csv,LearningPlatformUsefulnessFreeForm2Select,bar,none
0.0556,0.9968,0.0,3,3,11.48,0.0,0,0,0,0,16716,0.0,0.0,0.0,Very useful; Not Useful; Somewhat useful,freeformResponses.csv,LearningPlatformUsefulnessFreeForm3Select,bar,none
0.741,0.9353,0.0,801,50,22.82,0.0,0,0,0,0,16716,0.0,0.0,0.0,"machinelearningmastery.com; Analytics Vidya,Datacamp,Dataschool; Machinelearningmastery by jason ; Didn't use all of them; Datacamp newsletter; MachineLearningMastery; Yet to participate in blogs; Any; superdatascience.com;.elitedatascience.com; colah's blog",freeformResponses.csv,BlogsPodcastsNewslettersFreeForm,none,none
0.8756,0.988,0.0,176,50,15.76,0.0,0,0,0,0,16716,0.0,0.0,0.0,Prior experience of working on data  ; Visibility via platforms like GitHub; Related Blog; Fluent in Algorithms; understand the data tool ecosystem; Analytical thinking; Bachelor degree in any Engineering Technology; Personal Projects; MOS; Relevant work experience,freeformResponses.csv,JobSkillImportanceOtherSelect1FreeForm,none,none
0.9655,0.9948,0.0,84,50,18.43,0.0,0,0,0,1,16716,0.0,0.0,0.0,Mathematics for Machine Learning; Machine Learning theory; Data Cleaning; Business acumen; SPSS; Reinforcement learning; reports and blogs; Statistics; Communication; Tableau,freeformResponses.csv,JobSkillImportanceOtherSelect2FreeForm,none,none
1.0,0.9979,0.0,35,35,20.51,0.0,0,0,0,1,16716,0.0,0.0,0.0,Time series analysis; Domain; communication skills; Communication skills; Able to write own code; Data Analytics concepts; Excel; Projects making; SAP Predictive Analytics; Understanding of what Machine Learning really is,freeformResponses.csv,JobSkillImportanceOtherSelect3FreeForm,none,none
0.4367,0.9801,0.0,145,50,9.72,0.0,0,0,0,0,16716,0.0,0.0,0.0,Udemy; Georgia Tech; school; _Ô¾÷ÒŠ¼Ôø_ŒÊâ; Codecademy; dataquest.io; On any; Youtube; Kadenze; Amazon,freeformResponses.csv,CoursePlatformFreeForm,none,none
0.8739,0.9929,0.0,104,50,17.99,0.0,0,0,0,0,16716,0.0,0.0,0.0,"IBM DataScience, AWS; Laptop with Windows 8.1; laptop; Dell Laptop; Basic Laptop PC; Laptop with Open Source tools; Personal computer; Basic Laptop(Linux); raspberrry; Basic laptop(Toshiba) - Win10",freeformResponses.csv,HardwarePersonalProjectsFreeForm,none,none
0.9835,0.9928,0.0,119,50,25.37,0.0,0,0,0,1,16716,0.0,0.0,0.0,"All of above; None yet, sadly.; Verify published ml projects and work towards same solution; my projects reports ; Research Projects; Bootcamp; Personal/professional/academic projects; Jupyter notebook I developed; none; Competitions",freeformResponses.csv,ProveKnowledgeFreeForm,none,none
0.6688,0.745,0.0,2851,50,34.1,0.0,0,0,0,0,16716,0.0,0.0,0.0,"It's not deployed yet, but hopefully a computationally efficient neural net package customized for the nielsen kilts database that will use interpretable neural nets approximated for probablistic graphical models explain and predict motivational drivers of consumer behavior.; Sentiment analysis of twitter data; svm; Improvements to job matching (logistic regression) on our website; Reinforcement l...",freeformResponses.csv,ImpactfulAlgorithmFreeForm,none,none
0.9279,0.7337,0.0,4130,50,51.3,0.0,0,0,0,0,16716,0.0,0.0,0.0,self-learning personalized recommender system; no; I'll try to make a machine that can help in fighting against lack of food in the world; Cancer detection; Healthcare; deep learning applied to games; Scientific Research; online behavior research; opening my mouth and sharing my best ideas would be very stupid.  ; Emvironmental science,freeformResponses.csv,InterestingProblemFreeForm,none,none
0.9661,0.8554,0.0,2335,50,66.46,0.0,0,0,0,1,16716,0.0,0.0,0.0,"I use mid-level data science paired with high-level business strategy.; My job is a combination of software design and data analysis.; Consider myself an amateur/aspiring data scientist; not yet; I believe I am a data scientist, but have not acted as one professionally yet.; I do some stuff related, but it's not my main job description; studying; I am in the process of becoming one; Preparing for ...",freeformResponses.csv,DataScienceIdentityFreeForm,none,none
0.5451,0.9516,0.0,441,50,19.16,0.0,0,0,0,0,16716,0.0,0.0,0.0,Biochemistry; architecture; Economics; engineering physics and medicine; Chemistry; Software Engineering; Image processing research area; Applied mathematics; BioChemistry; Mechatronic Engineering,freeformResponses.csv,MajorFreeForm,none,none
0.6426,0.875,0.0,1343,50,17.91,0.0,0,0,0,0,16716,0.0,0.0,0.0,Director of Engineering; Management Consultant; Knowledge Management ; Accountant; Lecturer; Developer ; Communication; Publisher ; SAP; Decision Scientist,freeformResponses.csv,PastJobTitlesFreeForm,none,none
0.8642,0.9855,0.0,210,50,21.21,0.0,0,0,0,0,16716,0.0,0.0,0.0,"Vocational course; Data Science Academy (in person and free, google for LDSSA); General Assembly; school; Thinkful; A combination of university courses (stats), and self-taught (coding and programming); DREAM competitions; Private institute; Data Science Dojo; private courses",freeformResponses.csv,FirstTrainingFreeForm,none,none
0.692,0.9716,0.0,328,50,12.23,0.0,0,0,0,0,16716,0.0,0.0,0.0,IT school courses; Research work done in undergrad and grad school; Bootcamp; research; Books and educational materials; Social media; General assembly; Topcoder competitions; friend; PhD,freeformResponses.csv,LearningCategoryOtherFreeForm,none,none
0.8308,0.965,0.0,486,50,22.1,0.0,0,0,0,0,16716,0.0,0.0,0.0,Anomaly detection; Notting; Statistically relational learning; Learning; convergence theorem; Neural Networks; Sensor processing;Pattern matching; spatial data; topological data analysis; statistics; Credit score; Na,freeformResponses.csv,MLSkillsFreeForm,none,none
0.7722,0.9603,0.0,512,50,23.96,0.0,0,0,0,0,16716,0.0,0.0,0.0,"none; Unfortunately, I'm just a beginner; Optimum-path Forest; Clustering; Gaussian process; Linear Discriminants; PCA,CLUSTERING; Feed forward; Classification algorithms; New; Gaussian Mixture Models, RBF-NN's",freeformResponses.csv,MLTechniquesFreeform,none,none
0.4968,0.9446,0.0,460,50,12.63,0.0,0,0,0,0,16716,0.0,0.0,0.0,"Cybersecurity; Logistics; oil &gaz; oil and gas; Healthcare; electrical engineering; Health; Media/Communications; Content Making (Photo, Video, Music etc.); Research",freeformResponses.csv,EmployerIndustryOtherFreeForm,none,bar
0.8688,0.9617,0.0,556,50,24.8,0.0,0,0,0,0,16716,0.0,0.0,0.0,"Job posted on an interdisciplinary mailing list at the intersection of computer science, AI, and neuroscience; I apply for a position ; Public call; founder; Start a company; offer a postdoc; Linkedin; Seek; Grant, other support; Been here a Long Time... ",freeformResponses.csv,EmployerSearchMethodOtherFreeForm,none,none
0.9182,0.97,0.0,460,50,35.3,0.0,0,0,0,0,16716,0.0,0.0,0.0,"Evangelism; ML in design; Analyze data using a specified process; Physics data analysis; Telecom software; Research and support an experimentation platform to be used internally for web A/B/n testing; Teaching ; Teaching machine learning; Hardware design, so not relevant here; All of the above",freeformResponses.csv,JobFunctionFreeForm,none,none
0.9661,0.9929,0.0,114,50,21.22,0.0,0,0,0,1,16716,0.0,0.0,0.0,"pc; Supercomputing Services at BIOS, Colombia; Acer basic laptop; Hadoop cluster; Hadoop as a Service Infrastructure; none; Dont do ML at work.; access remote clusters; supercomputing cluster with GPU's; HPC",freeformResponses.csv,WorkHardwareFreeForm,none,none
0.7076,0.9605,0.0,467,50,15.64,0.0,0,0,0,0,16716,0.0,0.0,0.0,"Tabular data; chemical data ; genomic; Experimental physics data; brain signal; Numeric scientific data (electrical properties, etc.); Spatial data; Genetic data; geospatial data; Excel spreadsheets",freeformResponses.csv,WorkDataTypeFreeForm,none,none
0.8773,0.7322,0.0,3927,50,32.63,0.0,0,0,0,0,16716,0.0,0.0,0.0,"python;scikit-learn; panda; numpy;; Numpy, SciKit, Tensorflow, Keras, Watson Developer Cloud, SciPy; Keras
Sci-kit; matplotlib, seaborn, ggplot, scikit, R, python ; sklearn; R; SAS; dplyr, caret, ggplot2, rpart, e1071, nnet, h2o, glmulti, copulaedas, vines,...; pandas; numpy; regex; Pandas, scikit-learn; Panda; numpy",freeformResponses.csv,WorkLibrariesFreeForm,none,none
0.8579,0.9764,0.0,338,50,18.2,0.0,0,0,0,0,16716,0.0,0.0,0.0,"Clustering Methods, association rules; clustering, dimension reduction; Simultaneous Localization and Mapping; Gaussian Process; Operations Research solvers; NLP entity extraction; Discriminant Analysis; Matrix factorization; Neighbor methods; game theoretic models; Doesn't apply",freeformResponses.csv,WorkAlgorithmsFreeForm,none,none
0.5075,0.9603,0.0,337,50,8.4,0.0,0,0,0,0,16716,0.0,0.0,0.0,Stata; Teradata; stata; World Programming System (WPS); dataiku dss; H2O; c#; MicroStrategy; Scala; STATA,freeformResponses.csv,WorkToolsFreeForm1,none,none
0.8346,0.992,0.0,111,50,8.19,0.0,0,0,0,0,16716,0.0,0.0,0.0,Javascript; Python; Athena; Pascal Assembly; Azure; Superset; Microsoft Azure Data Lake & Data Factory; GE CSesne; Weka; slurm,freeformResponses.csv,WorkToolsFreeForm2,none,none
0.8125,0.9952,0.0,65,50,8.39,0.0,0,0,0,0,16716,0.0,0.0,0.0,Teradata SQL; NOT DOING DATA SIENCE AT WORK; SAS; R; Lua; Microsoft Excel; Scala; PHP; Postgres; IBM DSx,freeformResponses.csv,WorkToolsFreeForm3,none,none
0.8686,0.9895,0.0,152,50,19.42,0.0,0,0,0,0,16716,0.0,0.0,0.0,Regression; -; DBSCAN; n\a; Survival Analysis; No data analysis; Hard coding (nonmachine learning); linear regression; Survival; penalized regression; LASSO; Elastic net,freeformResponses.csv,WorkMethodsFreeForm1,none,none
0.9697,0.998,0.0,32,32,19.91,0.0,0,0,0,1,16716,0.0,0.0,0.0,Hyperparameter Tuning; Symbolic Regression; Survival Analysis; Correspondence Analysis; Probablistic Graphical Models; Lasso; Design based methods ; _Ï_µ„â___«„Ü _ü_«_µ__„â_ü„ã_ü_¼_¡„ _ü_ü ___¡„Ä„à____-„â_µ„É___ü„à_µ„_¼_ü„É „Û_µ„ä_µ___ü__; PLS; -,freeformResponses.csv,WorkMethodsFreeForm2,none,none
0.9,0.997,0.0,45,45,18.46,0.0,0,0,0,0,16716,0.0,0.0,0.0,"Maximum Entropy ; Linear Regression; not currently using any of these at work, thinking about which one to use; Mixed models, generalized models, maximum likelihood; -; generalised mixed effect models; none; na; Not using yet; Wolfram Alpha",freeformResponses.csv,WorkMethodsFreeForm3,none,none
0.8789,0.9788,0.0,312,50,21.29,0.0,0,0,0,0,16716,0.0,0.0,0.0,Personal Development; Constructing and maintaining experimental systems; Unrelated ; Fighting production fires; Pen & Paper analysis; Management; Extracting features from the data; Nothing; This work is only a small part of my job.; data understanding,freeformResponses.csv,TimeOtherSelectFreeForm,none,none
0.9707,0.9877,0.0,199,50,45.24,0.0,0,0,0,1,16716,0.0,0.0,0.0,"The problems we're solving are just really damn hard :) ; Obstinate management, suppression of talent; Lack Data Science Leadership and Choice to install tools and run them with administrative privileges; unrealistic career expectations; Machine learning/data science are not yet strongly supported in litigation and the court system; Price of (visualisation) tools, fragmentation with dozens of vali...",freeformResponses.csv,WorkChallengesFreeForm,none,none
0.7593,0.9451,0.0,697,50,21.79,0.0,0,0,0,0,16716,0.0,0.0,0.0,"Not st all; data ""science"" is bullshit; Consultants; R&D; not applicable; Engineering; One centralized BICC and scattered throughout the organisation ; there is not team; All over; Backend Engineering",freeformResponses.csv,WorkMLTeamSeatFreeForm,none,none
0.8175,0.9849,0.0,206,50,13.08,0.0,0,0,0,0,16716,0.0,0.0,0.0,"CERN root; DICOM;NIfTI; Datalake. S3, Redshift/Athena; Columnar - Parquet, Redshift; HDFS; Rds ; .xls,. csv,. Rdata ; Microsoft Analysis Services; Cache Globals; Raw log files",freeformResponses.csv,WorkDataStorageFreeForm,none,none
0.6122,0.9784,0.0,221,50,12.14,0.0,0,0,0,0,16716,0.0,0.0,0.0,Databricks (modified Zeppelin); Slack; in-house application; Github; TFS; GITHUB; USB; Gitlab; gitlab; Githib,freeformResponses.csv,WorkCodeSharingFreeForm,none,none
0.9901,0.994,0.0,100,50,33.85,0.0,0,0,0,1,16716,0.0,0.0,0.0,"Came from a different industry in another country, so not comparable; Again I am a graduate student; hard to say, we have a 30-40% inflation rate in Argentina; no salary; I changed disciplines recently and cannot make a fair comparison.; Currently a doctoral student; Decreased, but came from different industry ; I just joined the organization; note : I run data science for a large capital markets ...",freeformResponses.csv,SalaryChangeFreeForm,none,none
0.8073,0.9885,0.0,155,50,19.17,0.0,0,0,0,0,16716,0.0,0.0,0.0,FB Community; Haven't looked; UPWORK; Have not started to look for job openings yet; Haven't started looking yet; no idea; not applied; LinkedIN; idk; Linkedin,freeformResponses.csv,JobSearchResourceFreeForm,none,none
0.0048,0.0,0.0,24,24,20.0,0.0,0,0,0,0,5000,0.0,0.0,0.0,AVqVGZNvQMlgsOJE6eUY; AWFUWc8THh53nbDRF6YO,Datafiniti_Amazon_Consumer_Reviews_of_Amazon_Products.csv,id,bar,none
0.004,0.0,0.0,20,20,25.0,1.0,0,0,0,0,5000,0.0,0.0,0.0,2017-03-03 16:56:05+00:00; 2018-02-02 02:30:22+00:00,Datafiniti_Amazon_Consumer_Reviews_of_Amazon_Products.csv,dateAdded,line,line
0.0034,0.0,0.0,17,17,25.0,1.0,0,0,0,0,5000,0.0,0.0,0.0,2018-10-25 16:36:31+00:00; 2018-10-15 16:03:30+00:00,Datafiniti_Amazon_Consumer_Reviews_of_Amazon_Products.csv,dateUpdated,line,line
0.0046,0.0,0.0,23,23,69.7,0.0,0,0,0,0,5000,0.0,0.0,0.0,"Amazon Kindle E-Reader 6"" Wifi (8th Generation, 2016); Amazon Echo Show Alexa-enabled Bluetooth Speaker with 7"" Screen",Datafiniti_Amazon_Consumer_Reviews_of_Amazon_Products.csv,name,bar,bar
0.0048,0.0,0.0,24,24,10.0,0.0,0,0,0,0,5000,0.0,0.0,0.0,B00ZV9PXP2; B010CEHQTG,Datafiniti_Amazon_Consumer_Reviews_of_Amazon_Products.csv,asins,bar,bar
0.0002,0.0,0.0,1,1,6.0,0.0,0,0,0,0,5000,0.0,0.0,0.0,Amazon,Datafiniti_Amazon_Consumer_Reviews_of_Amazon_Products.csv,brand,bar,bar
0.0046,0.0,0.0,23,23,204.42,0.0,0,0,0,0,5000,0.0,0.0,0.0,"Computers,Electronics Features,Tablets,Electronics,iPad & Tablets,Kindle E-readers,iPad Accessories,Used:Tablets,E-Readers,E-Readers & Accessories,Computers/Tablets & Networking,Used:Computers Accessories,iPads Tablets,All Tablets,Tablets & E-readers,Computers & Tablets,Amazon,Tablets & eBook Readers; Computers,Amazon Echo,Virtual Assistant Speakers,Audio & Video Components,Electronics Features,Co...",Datafiniti_Amazon_Consumer_Reviews_of_Amazon_Products.csv,categories,bar,bar
0.0008,0.0,0.0,4,4,14.46,0.0,0,0,0,0,5000,0.0,0.0,0.0,"Electronics; Electronics,Hardware",Datafiniti_Amazon_Consumer_Reviews_of_Amazon_Products.csv,primaryCategories,bar,bar
0.0048,0.0,0.0,24,24,1523.05,0.0,0,0,0,0,5000,0.0,0.0,0.0,"https://pisces.bbystatic.com/image2/BestBuy_US/images/products/5442/5442403_sd.jpg,https://c1.neweggimages.com/NeweggImage/ProductImage/A3FA_1_201801081360871160.jpg,https://i.ebayimg.com/thumbs/images/g/N4IAAOSwoA9Zgkso/s-l96.jpg,http://i.ebayimg.com/thumbs/images/g/dpkAAOSwfpVZFKHy/s-l200.jpg,http://i.ebayimg.com/thumbs/images/g/PJgAAOSwiDFYPE8h/s-l200.jpg,http://i.ebayimg.com/thumbs/images/g/m3...",Datafiniti_Amazon_Consumer_Reviews_of_Amazon_Products.csv,imageURLs,bar,bar
0.0048,0.0,0.0,24,24,294.59,0.0,0,0,0,0,5000,0.0,0.0,0.0,"allnewkindleereaderblack6glarefreetouchscreendisplaywifiincludesspecialoffers/b00zv9pxp2,allnewkindleereaderblack6glarefreetouchscreendisplaywifiincludesspecialoffers/9siafvd7fk6707,0848719083774,848719083774,allnewkindleereaderblack6glarefreetouchscreendisplaywifiincludesspecialoffers/322538285013,allnewkindleereaderblack6glarefreetouchscreendisplaywifiincludesspecialoffers/5442403,allnewkindleer...",Datafiniti_Amazon_Consumer_Reviews_of_Amazon_Products.csv,keys,bar,bar
0.0048,0.0,0.0,24,24,9.4,0.0105,0,0,0,0,5000,0.0,0.0,0.0,B00ZV9PXP2; B010CEHQTG,Datafiniti_Amazon_Consumer_Reviews_of_Amazon_Products.csv,manufacturerNumber,bar,bar
0.1358,0.0,0.0,679,50,25.0,1.0,0,0,0,0,5000,0.0,0.0,0.0,2017-09-03 00:00:00+00:00; 2017-06-06 00:00:00+00:00; 2018-04-20 00:00:00+00:00; 2017-11-02 17:33:31+00:00; 2018-04-24 00:00:00+00:00; 2016-12-14 00:00:00+00:00; 2017-12-20 17:38:23+00:00; 2017-07-14 00:00:00+00:00; 2018-05-23 00:00:00+00:00; 2018-01-12 00:00:00+00:00,Datafiniti_Amazon_Consumer_Reviews_of_Amazon_Products.csv,reviews.date,line,line
0.3622,0.7896,0.0,381,50,25.0,1.0,0,0,0,0,5000,0.0,0.0,0.0,2017-05-21 05:55:29+00:00; 2017-05-21 06:00:34+00:00; 2017-05-21 06:01:25+00:00; 2017-03-10 06:27:42+00:00; 2017-05-21 05:55:23+00:00; 2017-05-21 05:55:32+00:00; 2017-05-21 03:08:58+00:00; 2017-05-21 05:59:52+00:00; 2017-05-21 05:59:43+00:00; 2017-05-21 06:00:27+00:00,Datafiniti_Amazon_Consumer_Reviews_of_Amazon_Products.csv,reviews.dateAdded,line,line
0.0834,0.0,0.0,417,50,73.32,0.3445,0,0,0,0,5000,0.0,0.0,0.0,"2018-05-27T00:00:00Z,2017-09-18T00:00:00Z,2017-09-06T00:00:00Z,2017-09-12T00:00:00Z; 2018-05-27T00:00:00Z,2017-07-07T00:00:00Z,2017-08-09T00:00:00Z,2017-08-02T00:00:00Z,2017-08-31T00:00:00Z; 2018-05-27T00:00:00Z; 2018-10-09T00:00:00Z; 2018-05-27T00:00:00Z,2017-07-07T00:00:00Z,2017-04-26T00:00:00Z,2017-06-04T00:00:00Z,2017-05-10T00:00:00Z,2017-08-09T00:00:00Z,2017-08-02T00:00:00Z,2017-08-31T00:00:0...",Datafiniti_Amazon_Consumer_Reviews_of_Amazon_Products.csv,reviews.dateSeen,bar,line
0.0004,0.0,1.0,2,2,0.0,0.0,1,1,0,0,5000,0.953,0.2117,-4.2822,False; True,Datafiniti_Amazon_Consumer_Reviews_of_Amazon_Products.csv,reviews.doRecommend,bar,pie
0.8966,0.9942,1.0,26,26,0.0,0.0,0,1,0,0,5000,185873965.7931,20840404.799,-2.5277,177283626.0; 187043823.0; 135864424.0; 108211188.0; 152240083.0; 198194852.0; 185118492.0; 188010536.0; 202781248.0; 202780460.0,Datafiniti_Amazon_Consumer_Reviews_of_Amazon_Products.csv,reviews.id,histogram,none
0.0058,0.0,1.0,29,29,0.0,0.0,0,1,0,0,5000,0.3124,3.1116,24.7322,0; 3; 1; 4; 2; 9; 97; 16; 40,Datafiniti_Amazon_Consumer_Reviews_of_Amazon_Products.csv,reviews.numHelpful,bar,histogram
0.001,0.0,1.0,5,5,0.0,0.0,0,1,0,0,5000,4.5968,0.7318,-2.404,3; 5; 4; 1; 2,Datafiniti_Amazon_Consumer_Reviews_of_Amazon_Products.csv,reviews.rating,bar,bar
0.5654,0.0,0.0,2827,50,224.93,0.0,0,0,0,0,5000,0.0,0.0,0.0,"http://reviews.bestbuy.com/3545/5442403/reviews.htm%25252525253Fformat%25252525253Dembedded,https://reviews.bestbuy.com/3545/5442403/reviews.htm%2525252525253Fformat%2525252525253Dembedded%25252525252526page%2525252525253D20,https://reviews.bestbuy.com/3545/5442403/reviews.htm%25252525253Fformat%25252525253Dembedded%252525252526page%25252525253D20; http://reviews.bestbuy.com/3545/5442403/reviews.h...",Datafiniti_Amazon_Consumer_Reviews_of_Amazon_Products.csv,reviews.sourceURLs,none,none
0.877,0.0,0.0,4385,50,161.35,0.0,0,0,0,0,5000,0.0,0.0,0.0,"I thought it would be as big as small paper but turn out to be just like my palm. I think it is too small to read on it... not very comfortable as regular Kindle. Would definitely recommend a paperwhite instead.; This kindle is light and easy to use especially at the beach!!!; Didnt know how much i'd use a kindle so went for the lower end. im happy with it, even if its a little dark; I am 100 happ...",Datafiniti_Amazon_Consumer_Reviews_of_Amazon_Products.csv,reviews.text,none,none
0.6264,0.0026,0.0,3124,50,18.78,0.0,0,0,0,0,5000,0.0,0.0,0.0,Too small; Great light reader. Easy to use at the beach; Great for the price; A Great Buy; Solid entry-level Kindle. Great for kids; Good ebook; Light Weight - Makes a world of difference when taking books on the go!; not good quality; best ebook; Great Product,Datafiniti_Amazon_Consumer_Reviews_of_Amazon_Products.csv,reviews.title,none,none
0.763,0.0002,0.0,3814,50,6.88,0.006,0,0,0,0,5000,0.0,0.0,0.0,llyyue; Charmi; johnnyjojojo; Kdperry; Johnnyblack; rmwarriors; LexieCrews; merry; STEF; AEBY,Datafiniti_Amazon_Consumer_Reviews_of_Amazon_Products.csv,reviews.username,none,none
0.0048,0.0,0.0,24,24,17154.97,0.0,0,0,0,0,5000,0.0,0.0,0.0,"https://www.newegg.com/Product/Product.aspx%25253FItem%25253D9SIAFVD7FK6707,https://reviews.bestbuy.com/3545/5442403/reviews.htm%2525252525253Fformat%2525252525253Dembedded%25252525252526page%2525252525253D39,https://reviews.bestbuy.com/3545/5442403/reviews.htm%2525252525253Fformat%2525252525253Dembedded%25252525252526page%2525252525253D37,https://reviews.bestbuy.com/3545/5442403/reviews.htm%25252...",Datafiniti_Amazon_Consumer_Reviews_of_Amazon_Products.csv,sourceURLs,bar,bar
0.0521,0.0,0.0,145,50,10.0,0.0,0,0,0,0,2782,0.0,0.0,0.0,B07W7CTLD1; B07BGT4J55; B07FPV716J; B082NWX7JC; B07Y4ZGYL9; B07FPSB76P; B07Q2B5Z9D; B082FL9GB6; B089W938BR; B07QSQCF9R,amazon_vfl_reviews.csv,asin,bar,bar
0.0439,0.0,0.0,122,50,34.27,0.0,0,0,0,0,2782,0.0,0.0,0.0,Mamaearth-Onion-Growth-Control-Redensyl; Mamaearth-Percent-Natural-Berry-Toothpaste; Mamaearth-Natural-Turmeric-Saffron-brightning; Mamaearth-Illuminate-Vitamin-Radiant-Turmeric; Mamaearth-Blemishes-Pigmentation-Blemish-Mulberry; Mamaearth-Face-Wash-100-ml; Mamaearth-Moisturizing-Baby-Bathing-Oatmeal,amazon_vfl_reviews.csv,name,bar,bar
0.2466,0.0,0.0,686,50,10.0,1.0,0,0,0,0,2782,0.0,0.0,0.0,2019-09-06; 2019-08-14; 2019-10-19; 2019-09-16; 2019-08-18; 2019-09-30; 2019-09-28; 2019-08-20; 2019-11-15; 2019-08-30,amazon_vfl_reviews.csv,date,line,line
0.0018,0.0,1.0,5,5,0.0,0.0,0,1,0,0,2782,3.7656,1.5778,-0.8825,1; 5; 4; 3; 2,amazon_vfl_reviews.csv,rating,bar,bar
0.4089,0.0022,0.0,1135,50,224.3,0.0,0,0,0,0,2782,0.0,0.0,0.0,I bought this hair oil after viewing so many good comments. But this product is not good enough.First of all it's Expensive...Second thing the amount of the product is low (half bottle) YES!The bottle is not completely filled with oil. If you cheating on your customers #Mamaearth trust me on this you can't fool people more than once. Now I know that your Brand is not good enough. I am not going to...,amazon_vfl_reviews.csv,review,none,bar
1.0,0.0,0.0,561874,50,165.45,0.0,0,0,0,1,561874,0.0,0.0,0.0,131141	700 BLOCK OF SW KING AVE	24-933461	Property	Goose Hollow	2024-12-31	835	Larceny Offenses	All Other Larceny	45.5226192	-122.695456921	7639475.0	684279.0	2024-12-31	1; 144335	2500 BLOCK OF NE MARTIN LUTHER KING JR BLVD	24-333349	Property	Eliot	2024-12-31	1815	Burglary	Burglary	45.54066515	-122.661542885	7648340.0	690622.0	2024-12-31	1; 137002	1500 BLOCK OF N FLINT AVE	24-333656	Property	Lloyd...,output.csv,	Address	CaseNumber	CrimeAgainst	Neighborhood	OccurDate	OccurTime	OffenseCategory	OffenseType	OpenDataLat	OpenDataLon	OpenDataX	OpenDataY	ReportDate	OffenseCount,none,none
1.0,0.0,0.0,31,31,9.19,0.0,0,0,0,1,31,0.0,0.0,0.0,Andhra Pradesh ; Arunachal Pradesh; Assam; Bihar; Chhattisgarh; Goa; Gujarat; Haryana; Himachal Pradesh; Jammu & Kashmir,Aggregate_Expenditure.csv,State,none,none
0.7419,0.0,0.0,23,23,0.0,0.0,0,0,0,0,31,0.0,0.0,0.0,b'1610'; b'\x96'; b'758'; b'1791'; b'1442'; b'607'; b'338'; b'428'; b'1302'; b'855',Aggregate_Expenditure.csv,1980-81,none,none
0.7742,0.0,0.0,24,24,0.0,0.0,0,0,0,0,31,0.0,0.0,0.0,b'3413'; b'\x96'; b'1207'; b'2966'; b'2625'; b'1315'; b'588'; b'889'; b'2894'; b'1969',Aggregate_Expenditure.csv,1985-86,none,none
0.8387,0.0,0.0,26,26,0.0,0.0,0,0,0,0,31,0.0,0.0,0.0,b'4068'; b'251'; b'1586'; b'3360'; b'\x96'; b'255'; b'3323'; b'1509'; b'648'; b'989',Aggregate_Expenditure.csv,1986-87,none,none
0.871,0.0,0.0,27,27,0.0,0.0,0,0,0,0,31,0.0,0.0,0.0,b'10541'; b'575'; b'3620'; b'8433'; b'\x96'; b'558'; b'8408'; b'4109'; b'1691'; b'2593',Aggregate_Expenditure.csv,1993-94,none,none
0.9355,0.0,0.0,29,29,0.0,0.0,0,0,0,0,31,0.0,0.0,0.0,b'28119'; b'1206'; b'7631'; b'16946'; b'1917'; b'1962'; b'27175'; b'9159'; b'5315'; b'7829',Aggregate_Expenditure.csv,2000-01,none,none
0.9677,0.0,0.0,30,30,0.0,0.0,0,0,0,1,31,0.0,0.0,0.0,b'31074'; b'1381'; b'8550'; b'14869'; b'5624'; b'2353'; b'25651'; b'10728'; b'5670'; b'8050',Aggregate_Expenditure.csv,2001-02,none,none
1.0,0.0,0.0,31,31,0.0,0.0,0,0,0,1,31,0.0,0.0,0.0,b'48306'; b'2437'; b'12088'; b'22568'; b'9725'; b'2849'; b'34235'; b'14830'; b'8587'; b'13467',Aggregate_Expenditure.csv,2005-06,none,none
1.0,0.0,1.0,31,31,0.0,0.2258,0,0,0,0,31,74297.3532,66361.3098,1.1203,111067.46; 11482.51; 64979.96; 132186.89; 55979.35; 10131.41; 125490.25; 63772.43; 24894.61; 42471.21,Aggregate_Expenditure.csv,2014-15 (RE),histogram,histogram
1.0,0.0,1.0,31,31,0.0,0.2581,0,0,0,0,31,80403.6968,72053.3931,1.1672,112048.99; 12712.91; 63602.17; 120685.32; 65810.7; 13102.77; 137518.73; 71674.8; 28338.62; 45919.52,Aggregate_Expenditure.csv,2015-16 (BE),histogram,histogram
0.7667,0.0323,0.0,23,23,0.0,0.0,0,0,0,0,31,0.0,0.0,0.0,b'449'; b'\x96'; b'401'; b'862'; b'539'; b'207'; b'150'; b'154'; b'407'; b'188',Capital_Expenditure.csv,1980-81,none,none
0.8667,0.0323,0.0,26,26,0.0,0.0,0,0,0,0,31,0.0,0.0,0.0,b'824'; b'78'; b'437'; b'1083'; b'\x96'; b'83'; b'853'; b'542'; b'183'; b'336',Capital_Expenditure.csv,1986-87,none,none
0.8333,0.0323,0.0,25,25,0.0,0.0,0,0,0,0,31,0.0,0.0,0.0,b'1306'; b'156'; b'615'; b'1066'; b'\x96'; b'135'; b'1670'; b'453'; b'1358'; b'764',Capital_Expenditure.csv,1991-92,none,none
0.9,0.0323,0.0,27,27,0.0,0.0,0,0,0,0,31,0.0,0.0,0.0,b'2523'; b'176'; b'719'; b'1115'; b'\x96'; b'128'; b'1474'; b'708'; b'339'; b'825',Capital_Expenditure.csv,1993-94,none,none
0.9667,0.0323,0.0,29,29,0.0,0.0,0,0,0,1,31,0.0,0.0,0.0,b'5049'; b'298'; b'1214'; b'2601'; b'305'; b'253'; b'5134'; b'1978'; b'939'; b'1144',Capital_Expenditure.csv,2000-01,none,none
1.0,0.0323,0.0,30,30,0.0,0.0,0,0,0,1,31,0.0,0.0,0.0,b'6348'; b'351'; b'1704'; b'2309'; b'710'; b'252'; b'2933'; b'2072'; b'1093'; b'1927',Capital_Expenditure.csv,2001-02,none,none
1.0,0.0323,1.0,30,30,0.0,0.0,0,1,0,0,31,4288.3333,4348.6353,1.3678,13391.0; 769.0; 1551.0; 4812.0; 2268.0; 658.0; 8769.0; 2190.0; 2120.0; 3743.0,Capital_Expenditure.csv,2005-06,histogram,histogram
1.0,0.0323,1.0,30,30,0.0,0.0,0,1,0,0,31,5241.8,5081.2893,1.2137,15210.0; 889.0; 2028.0; 6551.0; 3188.0; 708.0; 9968.0; 3276.0; 2447.0; 3806.0,Capital_Expenditure.csv,2006-07,histogram,histogram
1.0,0.0323,1.0,30,30,0.0,0.0,0,1,0,0,31,6009.8333,5824.7946,1.3769,20892.0; 809.0; 2406.0; 8008.0; 4189.0; 781.0; 9142.0; 4553.0; 2322.0; 5361.0,Capital_Expenditure.csv,2007-08,histogram,histogram
1.0,0.0,1.0,31,31,0.0,0.6129,0,0,0,0,31,6752.6571,6993.4371,1.5891,18949.67; 1400.91; 3242.55; 8669.68; 3920.27; 1092.02; 13155.97; 5833.44; 3054.22; 6303.03,Capital_Expenditure.csv,2008-09,histogram,line
1.0,0.0,1.0,31,31,0.0,0.5484,0,0,0,0,31,7345.2723,7570.6577,1.5779,21626.86; 1537.88; 3736.12; 10211.86; 4293.28; 1296.97; 11696.95; 7304.55; 2879.91; 7418.63,Capital_Expenditure.csv,2009-10,histogram,line
1.0,0.0,1.0,31,31,0.0,0.5484,0,0,0,0,31,7680.5352,7586.2035,1.1225,22101.38; 1834.88; 2995.15; 12488.6; 4208.93; 1445.11; 14166.61; 6124.05; 2885.19; 7102.11,Capital_Expenditure.csv,2010-11,histogram,line
1.0,0.0,1.0,31,31,0.0,0.5161,0,0,0,0,31,9226.2174,9396.5654,1.0587,25466.19; 2247.31; 3740.37; 13680.55; 6092.65; 1471.49; 19669.73; 7736.54; 3430.54; 7175.75,Capital_Expenditure.csv,2011-12,histogram,line
1.0,0.0,1.0,31,31,0.0,0.5484,0,0,0,0,31,10072.8135,9725.4932,0.9499,26738.54; 1567.32; 4610.72; 14740.43; 7847.41; 1285.11; 28622.83; 8440.2; 4540.34; 6660.81,Capital_Expenditure.csv,2012-13,histogram,line
1.0,0.0,1.0,31,31,0.0,0.5161,0,0,0,0,31,10889.44,11135.9152,1.1868,26254.78; 2050.23; 5206.59; 17927.94; 6582.37; 1346.22; 29462.03; 7041.55; 3918.7; 4850.93,Capital_Expenditure.csv,2013-14,histogram,line
1.0,0.0,1.0,31,31,0.0,0.4839,0,0,0,0,31,14450.4239,14628.9496,2.0694,12758.83; 2959.71; 12550.78; 31932.0; 9313.92; 2177.45; 32892.36; 8853.34; 4449.58; 11420.62,Capital_Expenditure.csv,2014-15 (RE),histogram,line
1.0,0.0,1.0,31,31,0.0,0.3871,0,0,0,0,31,16075.4965,15974.0106,2.0093,14624.21; 3410.48; 12039.32; 29477.21; 12080.89; 3573.75; 35532.05; 9805.18; 4850.93; 11205.44,Capital_Expenditure.csv,2015-16 (BE),histogram,line
1.0,0.0,1.0,1576,50,0.0,0.3655,0,1,1,0,1576,787.5,455.0963,0.0,0; 1; 2; 3; 4; 5; 6; 7; 8; 9,female_players.csv,,line,line
0.0431,0.0,1.0,68,50,0.0,0.6364,0,1,1,0,1576,4085.4714,3961.3385,1.3707,3; 6; 8; 10; 14; 17; 19; 24; 26; 27,female_players.csv,Rank,bar,line
0.9994,0.0,0.0,1575,50,13.37,0.0,0,0,0,1,1576,0.0,0.0,0.0,Aitana Bonmatí; Alexia Putellas; Caroline Graham Hansen; Sam Kerr; Sophia Smith; Ada Hegerberg; Mapi León; Marie Katoto; Debinha; Kadidiatou Diani,female_players.csv,Name,none,none
0.0247,0.0,1.0,39,39,0.0,0.0,0,1,1,0,1576,73.1935,6.5263,-0.1691,91; 90; 89; 88; 87; 86; 85; 84; 83; 82,female_players.csv,OVR,bar,histogram
0.0393,0.0,1.0,62,50,0.0,0.0,0,1,0,0,1576,69.144,10.2939,-0.5745,81; 82; 89; 85; 93; 74; 75; 84; 90; 78,female_players.csv,PAC,bar,histogram
0.0412,0.0,1.0,65,50,0.0,0.0,0,1,0,0,1576,62.0178,13.0079,-0.4678,86; 89; 87; 88; 73; 81; 85; 82; 84; 66,female_players.csv,SHO,bar,histogram
0.0298,0.0,1.0,47,47,0.0,0.0,0,1,0,0,1576,66.5114,8.3877,-0.1852,86; 90; 88; 74; 79; 77; 83; 87; 81; 84,female_players.csv,PAS,bar,histogram
0.0286,0.0,1.0,45,45,0.0,0.0,0,1,0,0,1576,70.4258,7.978,-0.0972,91; 90; 89; 86; 76; 84; 88; 87; 69; 68,female_players.csv,DRI,bar,histogram
0.0482,0.0,1.0,76,50,0.0,0.0,0,1,0,0,1576,57.6878,16.6616,-0.3154,77; 72; 47; 42; 45; 39; 90; 46; 56; 85,female_players.csv,DEF,bar,histogram
0.0336,0.0,1.0,53,50,0.0,0.0,0,1,0,0,1576,67.2544,8.8303,-0.4134,75; 78; 76; 83; 84; 79; 82; 74; 68; 77,female_players.csv,PHY,bar,histogram
0.0501,0.0,1.0,79,50,0.0,0.0,0,1,0,0,1576,65.1796,14.6327,-0.8333,82; 81; 90; 86; 92; 73; 88; 83; 89; 78,female_players.csv,Acceleration,bar,histogram
0.0495,0.0,1.0,78,50,0.0,0.0,0,1,0,0,1576,65.4765,14.2658,-0.8717,80; 82; 88; 84; 93; 75; 77; 91; 78; 81,female_players.csv,Sprint Speed,bar,histogram
0.0565,0.0,1.0,89,50,0.0,0.0,0,1,0,0,1576,57.6237,22.7981,-0.926,91; 87; 92; 89; 93; 70; 80; 86; 39; 10,female_players.csv,Positioning,bar,histogram
0.0565,0.0,1.0,89,50,0.0,0.0,0,1,0,0,1576,55.0939,21.7694,-0.7679,91; 86; 92; 89; 63; 90; 82; 80; 85; 51,female_players.csv,Finishing,bar,histogram
0.0406,0.0,1.0,64,50,0.0,0.0,0,1,0,0,1576,62.6022,11.5718,-0.1122,79; 86; 88; 85; 89; 84; 80; 87; 81; 60,female_players.csv,Shot Power,bar,histogram
0.0539,0.0,1.0,85,50,0.0,0.0,0,1,0,0,1576,54.4296,21.1558,-0.8377,89; 85; 82; 86; 87; 83; 78; 84; 91; 60,female_players.csv,Long Shots,bar,histogram
0.0552,0.0,1.0,87,50,0.0,0.0,0,1,0,0,1576,47.0533,19.9338,-0.3756,70; 90; 83; 92; 84; 49; 91; 86; 74; 58,female_players.csv,Volleys,bar,histogram
0.0514,0.0,1.0,81,50,0.0,0.0,0,1,0,0,1576,53.2481,16.3979,-0.8318,70; 89; 79; 71; 78; 84; 64; 82; 68; 67,female_players.csv,Penalties,bar,histogram
0.0463,0.0,1.0,73,50,0.0,0.0,0,1,0,0,1576,60.1022,15.4299,-0.5563,90; 91; 89; 79; 74; 76; 62; 84; 83; 87,female_players.csv,Vision,bar,histogram
0.0533,0.0,1.0,84,50,0.0,0.0,0,1,0,0,1576,54.8338,20.1438,-0.8079,74; 88; 90; 70; 73; 71; 86; 85; 79; 69,female_players.csv,Crossing,bar,histogram
0.0508,0.0,1.0,80,50,0.0,0.0,0,1,0,0,1576,49.8629,17.8437,-0.5988,77; 89; 68; 72; 75; 88; 80; 70; 66; 58,female_players.csv,Free Kick Accuracy,bar,histogram
0.0438,0.0,1.0,69,50,0.0,0.0,0,1,0,0,1576,68.519,17.0413,-1.8909,91; 89; 78; 88; 83; 85; 87; 90; 80; 84,female_players.csv,Short Passing,bar,histogram
0.0501,0.0,1.0,79,50,0.0,0.0,0,1,0,0,1576,60.8706,16.4347,-1.1594,90; 84; 67; 75; 72; 70; 85; 74; 93; 81,female_players.csv,Long Passing,bar,histogram
0.052,0.0,1.0,82,50,0.0,0.0,0,1,0,0,1576,52.9385,19.1341,-0.7294,78; 89; 92; 76; 74; 79; 87; 71; 75; 81,female_players.csv,Curve,bar,histogram
0.0533,0.0,1.0,84,50,0.0,0.0,0,1,0,0,1576,62.0419,20.5589,-1.4623,92; 90; 93; 89; 68; 84; 87; 86; 69; 57,female_players.csv,Dribbling,bar,histogram
0.047,0.0,1.0,74,50,0.0,0.0,0,1,0,0,1576,64.3985,14.2934,-0.7464,93; 90; 94; 85; 74; 73; 84; 89; 82; 52,female_players.csv,Agility,bar,histogram
0.0457,0.0,1.0,72,50,0.0,0.0,0,1,0,0,1576,64.9055,13.4278,-0.4787,86; 89; 75; 82; 45; 68; 94; 84; 87; 33,female_players.csv,Balance,bar,histogram
0.0305,0.0,1.0,48,48,0.0,0.0,0,1,0,0,1576,71.0876,7.6183,-0.347,91; 90; 83; 89; 82; 77; 86; 85; 87; 88,female_players.csv,Reactions,bar,histogram
0.0419,0.0,1.0,66,50,0.0,0.0,0,1,0,0,1576,67.3236,19.2532,-1.9242,91; 92; 90; 82; 87; 75; 85; 80; 22; 83,female_players.csv,Ball Control,bar,histogram
0.0495,0.0,1.0,78,50,0.0,0.0,0,1,0,0,1576,63.5527,14.209,-1.1848,85; 92; 84; 91; 80; 86; 82; 88; 45; 78,female_players.csv,Composure,bar,histogram
0.0539,0.0,1.0,85,50,0.0,0.0,0,1,0,0,1576,54.3052,22.8718,-0.6186,88; 78; 35; 24; 43; 23; 90; 27; 49; 55,female_players.csv,Interceptions,bar,histogram
0.0508,0.0,1.0,80,50,0.0,0.0,0,1,0,0,1576,57.5831,19.9221,-1.1556,54; 74; 71; 93; 79; 92; 83; 91; 56; 81,female_players.csv,Heading Accuracy,bar,histogram
0.0558,0.0,1.0,88,50,0.0,0.0,0,1,0,0,1576,52.7265,23.1792,-0.3999,75; 60; 45; 44; 41; 42; 91; 37; 49; 46,female_players.csv,Def Awareness,bar,histogram
0.0527,0.0,1.0,83,50,0.0,0.0,0,1,0,0,1576,56.7576,22.3942,-0.7648,81; 50; 39; 42; 33; 91; 35; 59; 87; 69,female_players.csv,Standing Tackle,bar,histogram
0.052,0.0,1.0,82,50,0.0,0.0,0,1,0,0,1576,51.6187,21.5692,-0.478,67; 64; 46; 30; 39; 89; 44; 49; 85; 68,female_players.csv,Sliding Tackle,bar,histogram
0.04,0.0,1.0,63,50,0.0,0.0,0,1,0,0,1576,69.5152,12.2453,-0.4397,75; 84; 89; 92; 91; 88; 95; 72; 87; 77,female_players.csv,Jumping,bar,histogram
0.0508,0.0,1.0,80,50,0.0,0.0,0,1,0,0,1576,63.6212,16.8039,-1.0453,82; 85; 87; 93; 75; 71; 81; 80; 78; 91,female_players.csv,Stamina,bar,histogram
0.04,0.0,1.0,63,50,0.0,0.0,0,1,0,0,1576,65.4651,12.9368,-0.6911,75; 78; 74; 86; 85; 61; 89; 77; 84; 91,female_players.csv,Strength,bar,histogram
0.0527,0.0,1.0,83,50,0.0,0.0,0,1,0,0,1576,56.9962,17.3219,-0.795,64; 70; 66; 68; 65; 84; 44; 52; 71; 31,female_players.csv,Aggression,bar,histogram
0.0076,0.0,0.0,12,12,2.11,0.0,0,0,0,0,1576,0.0,0.0,0.0,CM; RW; ST; CB; CAM; CDM; LM; GK; LB; LW,female_players.csv,Position,bar,bar
0.0032,0.0,1.0,5,5,0.0,0.0,0,1,0,0,1576,2.8978,0.6922,0.4255,5; 4; 3; 2,female_players.csv,Weak foot,bar,bar
0.0032,0.0,1.0,5,5,0.0,0.0,0,1,0,0,1576,2.5723,0.8735,-0.0275,4; 5; 2; 1; 3,female_players.csv,Skill moves,bar,bar
0.0013,0.0,0.0,2,2,4.85,0.0,1,0,0,0,1576,0.0,0.0,0.0,Right; Left,female_players.csv,Preferred foot,pie,pie
0.0247,0.0,0.0,39,39,12.09,0.0,0,0,0,0,1576,0.0,0.0,0.0,"162cm / 5'4""; 173cm / 5'8""; 175cm / 5'9""; 168cm / 5'6""; 164cm / 5'5""; 176cm / 5'9""; 170cm / 5'7""; 177cm / 5'10""; 155cm / 5'1""; 171cm / 5'7""",female_players.csv,Height,bar,bar
0.0222,0.0,0.0,35,35,12.0,0.0,0,0,0,0,1576,0.0,0.0,0.0,53kg / 117lb; 69kg / 152lb; 59kg / 130lb; 66kg / 146lb; 58kg / 128lb; 68kg / 150lb; 52kg / 115lb; 64kg / 141lb; 74kg / 163lb; 70kg / 154lb,female_players.csv,Weight,bar,bar
0.1053,0.4518,0.0,91,50,3.58,0.0,0,0,0,0,1576,0.0,0.0,0.0,"CAM; RM; RW; ST, RM; CM; LW, RM; LW, CAM; LM; ST, LW; LW",female_players.csv,Alternative positions,bar,bar
0.0165,0.0,1.0,26,26,0.0,0.0,0,1,0,0,1576,25.2684,4.3749,0.4784,26; 30; 29; 31; 24; 25; 32; 34; 33; 28,female_players.csv,Age,bar,histogram
0.0406,0.0,0.0,64,50,7.84,0.0,0,0,0,0,1576,0.0,0.0,0.0,Spain; Norway; Australia; United States; France; Brazil; England; Chile; Germany; Poland,female_players.csv,Nation,bar,bar
0.0076,0.0,0.0,12,12,8.02,0.0,0,0,0,0,1576,0.0,0.0,0.0,Liga F; Barclays WSL; NWSL; Arkema PL; GPFBL; Calcio A Femminile; Nederland Vrouwen Liga; Sverige Liga,female_players.csv,League,bar,bar
0.047,0.0,0.0,74,50,11.34,0.0,0,0,0,0,1576,0.0,0.0,0.0,FC Barcelona; Chelsea; Portland Thorns; OL; Paris SG; KC Current; Arsenal; VfL Wolfsburg; Chicago Red Stars; NJ/NY Gotham,female_players.csv,Team,bar,bar
0.5669,0.5165,0.0,432,50,26.98,0.0,0,0,0,0,1576,0.0,0.0,0.0,"Technical+, Finesse Shot, First Touch, Incisive Pass, Pinged Pass, Relentless, Tiki Taka; First Touch+, Finesse Shot, Flair, Incisive Pass, Pinged Pass, Technical, Tiki Taka; Trickster+, Finesse Shot, First Touch, Flair, Quick Step, Technical, Trivela; Finesse Shot+, Acrobatic, Aerial, Power Header, Quick Step, Rapid; First Touch+, Finesse Shot, Flair, Quick Step, Technical, Trickster; Aerial, Fir...",female_players.csv,play style,none,none
1.0,0.0,0.0,1576,50,81.29,0.0,0,0,0,1,1576,0.0,0.0,0.0,https://www.ea.com/games/ea-sports-fc/ratings/player-ratings/aitana-bonmati/241667; https://www.ea.com/games/ea-sports-fc/ratings/player-ratings/alexia-putellas/227203; https://www.ea.com/games/ea-sports-fc/ratings/player-ratings/caroline-graham-hansen/227102; https://www.ea.com/games/ea-sports-fc/ratings/player-ratings/sam-kerr/227125; https://www.ea.com/games/ea-sports-fc/ratings/player-ratings/...,female_players.csv,url,none,none
0.1749,0.8839,1.0,32,32,0.0,0.0,0,1,0,0,1576,71.8415,6.7954,-0.0051,87.0; 83.0; 85.0; 84.0; 81.0; 82.0; 80.0; 78.0; 79.0; 77.0,female_players.csv,GK Diving,bar,histogram
0.153,0.8839,1.0,28,28,0.0,0.0,0,1,0,0,1576,70.1967,6.5284,-0.0846,82.0; 83.0; 84.0; 77.0; 80.0; 81.0; 79.0; 75.0; 78.0; 74.0,female_players.csv,GK Handling,bar,histogram
0.1803,0.8839,1.0,33,33,0.0,0.0,0,1,0,0,1576,69.5683,6.5149,-0.2682,84.0; 83.0; 76.0; 80.0; 85.0; 78.0; 75.0; 70.0; 82.0; 74.0,female_players.csv,GK Kicking,bar,histogram
0.1913,0.8839,1.0,35,35,0.0,0.0,0,1,0,0,1576,71.8087,7.2272,-0.2393,89.0; 85.0; 86.0; 84.0; 81.0; 82.0; 83.0; 87.0; 80.0; 78.0,female_players.csv,GK Positioning,bar,histogram
0.1749,0.8839,1.0,32,32,0.0,0.0,0,1,0,0,1576,72.9454,6.6006,0.0934,90.0; 85.0; 84.0; 86.0; 83.0; 89.0; 82.0; 87.0; 80.0; 78.0,female_players.csv,GK Reflexes,bar,histogram
1.0,0.0,1.0,18207,50,0.0,0.1155,0,1,0,1,18207,214298.3386,29965.2442,-2.268,158023; 20801; 190871; 193080; 192985; 183277; 177003; 176580; 155862; 200389,fifa_eda_stats.csv,ID,none,none
0.9444,0.0,0.0,17194,50,10.02,0.0,0,0,0,0,18207,0.0,0.0,0.0,L. Messi; Cristiano Ronaldo; Neymar Jr; De Gea; K. De Bruyne; E. Hazard; L. Modrić; L. Suárez; Sergio Ramos; J. Oblak,fifa_eda_stats.csv,Name,none,none
0.0016,0.0,1.0,29,29,0.0,0.0,0,1,0,0,18207,25.1222,4.6699,0.3918,31; 33; 26; 27; 32; 25; 29; 28; 24; 30,fifa_eda_stats.csv,Age,bar,histogram
0.009,0.0,0.0,164,50,7.62,0.0,0,0,0,0,18207,0.0,0.0,0.0,Argentina; Portugal; Brazil; Spain; Belgium; Croatia; Uruguay; Slovenia; Poland; Germany,fifa_eda_stats.csv,Nationality,bar,bar
0.0026,0.0,1.0,48,48,0.0,0.0,0,1,1,0,18207,66.2387,6.9089,0.0672,94; 92; 91; 90; 89; 88; 87; 86; 85; 84,fifa_eda_stats.csv,Overall,bar,histogram
0.0026,0.0,1.0,47,47,0.0,0.0,0,1,0,0,18207,71.3073,6.1365,0.2662,94; 93; 92; 91; 90; 89; 95; 88; 87; 86,fifa_eda_stats.csv,Potential,bar,histogram
0.0362,0.0132,0.0,651,50,13.44,0.0,0,0,0,0,18207,0.0,0.0,0.0,FC Barcelona; Juventus; Paris Saint-Germain; Manchester United; Manchester City; Chelsea; Real Madrid; Atlético Madrid; FC Bayern München; Tottenham Hotspur,fifa_eda_stats.csv,Club,bar,bar
0.0119,0.0,0.0,217,50,4.77,0.0,0,0,0,0,18207,0.0,0.0,0.0,€110.5M; €77M; €118.5M; €72M; €102M; €93M; €67M; €80M; €51M; €68M,fifa_eda_stats.csv,Value,bar,bar
0.0079,0.0,0.0,144,50,3.24,0.0,0,0,0,0,18207,0.0,0.0,0.0,€565K; €405K; €290K; €260K; €355K; €340K; €420K; €455K; €380K; €94K,fifa_eda_stats.csv,Wage,bar,bar
0.0001,0.0026,0.0,2,2,4.77,0.0,1,0,0,0,18207,0.0,0.0,0.0,Left; Right,fifa_eda_stats.csv,Preferred Foot,pie,pie
0.0003,0.0026,1.0,5,5,0.0,0.0,0,1,0,0,18207,1.1132,0.394,4.0604,5.0; 4.0; 3.0; 2.0; 1.0,fifa_eda_stats.csv,International Reputation,bar,bar
0.0003,0.0026,1.0,5,5,0.0,0.0,0,1,0,0,18207,2.9473,0.6605,0.1384,4.0; 5.0; 3.0; 2.0; 1.0,fifa_eda_stats.csv,Weak Foot,bar,bar
0.0003,0.0026,1.0,5,5,0.0,0.0,0,1,0,0,18207,2.3613,0.7562,0.1499,4.0; 5.0; 1.0; 3.0; 2.0,fifa_eda_stats.csv,Skill Moves,bar,bar
0.0005,0.0026,0.0,9,9,12.7,0.0,0,0,0,0,18207,0.0,0.0,0.0,Medium/ Medium; High/ Low; High/ Medium; High/ High; Medium/ High; Medium/ Low; Low/ High,fifa_eda_stats.csv,Work Rate,bar,bar
0.0006,0.0026,0.0,10,10,5.29,0.0,0,0,0,0,18207,0.0,0.0,0.0,Messi; C. Ronaldo; Neymar; Lean; Normal; Courtois; Stocky; PLAYER_BODY_TYPE_25,fifa_eda_stats.csv,Body Type,bar,bar
0.0015,0.0033,0.0,27,27,2.26,0.0,0,0,0,0,18207,0.0,0.0,0.0,RF; ST; LW; GK; RCM; LF; RS; RCB; LCM; CB,fifa_eda_stats.csv,Position,bar,bar
0.0055,0.0033,1.0,99,50,0.0,0.0,0,1,0,0,18207,19.5461,15.9478,2.1855,10.0; 7.0; 1.0; 9.0; 15.0; 8.0; 21.0; 13.0; 22.0; 5.0,fifa_eda_stats.csv,Jersey Number,bar,histogram
0.1042,0.0853,0.0,1736,50,11.41,1.0,0,0,0,0,18207,0.0,0.0,0.0,"Jul 1, 2004; Jul 10, 2018; Aug 3, 2017; Jul 1, 2011; Aug 30, 2015; Jul 1, 2012; Aug 1, 2012; Jul 11, 2014; Aug 1, 2005; Jul 16, 2014",fifa_eda_stats.csv,Joined,line,line
0.2698,0.9306,0.0,341,50,12.45,0.0,0,0,0,0,18207,0.0,0.0,0.0,Real Madrid; Juventus; FC Barcelona; SL Benfica; Sassuolo; Atlético Madrid; Valencia CF; Paris Saint-Germain; Chelsea; AS Monaco,fifa_eda_stats.csv,Loaned From,none,bar
0.002,0.0159,0.0,36,36,4.56,1.0,0,0,0,0,18207,0.0,0.0,0.0,"2021; 2022; 2020; 2023; 2019; 2024; Jun 30, 2019; 2025; 2026; Dec 31, 2018",fifa_eda_stats.csv,Contract Valid Until,line,line
0.0012,0.0026,0.0,21,21,3.26,0.84,0,0,0,0,18207,0.0,0.0,0.0,5'7; 6'2; 5'9; 6'4; 5'11; 5'8; 6'0; 5'6; 5'10; 6'6,fifa_eda_stats.csv,Height,line,line
0.0031,0.0026,0.0,57,50,6.0,0.0,0,0,0,0,18207,0.0,0.0,0.0,159lbs; 183lbs; 150lbs; 168lbs; 154lbs; 163lbs; 146lbs; 190lbs; 181lbs; 192lbs,fifa_eda_stats.csv,Weight,bar,bar
0.0049,0.0026,1.0,89,50,0.0,0.0,0,1,0,0,18207,49.7342,18.3645,-0.5945,84.0; 79.0; 17.0; 93.0; 81.0; 86.0; 77.0; 66.0; 13.0; 62.0,fifa_eda_stats.csv,Crossing,bar,histogram
0.0051,0.0026,1.0,93,50,0.0,0.0,0,1,0,0,18207,45.5509,19.5258,-0.3009,95.0; 94.0; 87.0; 13.0; 82.0; 84.0; 72.0; 93.0; 60.0; 11.0,fifa_eda_stats.csv,Finishing,bar,histogram
0.005,0.0026,1.0,91,50,0.0,0.0,0,1,0,0,18207,52.2981,17.3799,-0.8851,70.0; 89.0; 62.0; 21.0; 55.0; 61.0; 77.0; 91.0; 15.0; 85.0,fifa_eda_stats.csv,HeadingAccuracy,bar,histogram
0.0047,0.0026,1.0,85,50,0.0,0.0,0,1,0,0,18207,58.6867,14.6995,-1.1003,90.0; 81.0; 84.0; 50.0; 92.0; 89.0; 93.0; 82.0; 78.0; 29.0,fifa_eda_stats.csv,ShortPassing,bar,histogram
0.0048,0.0026,1.0,87,50,0.0,0.0,0,1,0,0,18207,42.909,17.6944,-0.1487,86.0; 87.0; 84.0; 13.0; 82.0; 80.0; 76.0; 88.0; 66.0; 89.0,fifa_eda_stats.csv,Volleys,bar,histogram
0.0052,0.0026,1.0,94,50,0.0,0.0,0,1,0,0,18207,55.371,18.9104,-1.0842,97.0; 88.0; 96.0; 18.0; 86.0; 95.0; 90.0; 87.0; 63.0; 12.0,fifa_eda_stats.csv,Dribbling,bar,histogram
0.0049,0.0026,1.0,89,50,0.0,0.0,0,1,0,0,18207,47.1708,18.3953,-0.2382,93.0; 81.0; 88.0; 21.0; 85.0; 83.0; 86.0; 74.0; 13.0; 77.0,fifa_eda_stats.csv,Curve,bar,histogram
0.005,0.0026,1.0,90,50,0.0,0.0,0,1,0,0,18207,42.8632,17.4788,0.1021,94.0; 76.0; 87.0; 19.0; 83.0; 79.0; 78.0; 84.0; 72.0; 14.0,fifa_eda_stats.csv,FKAccuracy,bar,histogram
0.0046,0.0026,1.0,84,50,0.0,0.0,0,1,0,0,18207,52.7119,15.3279,-0.5956,87.0; 77.0; 78.0; 51.0; 91.0; 83.0; 88.0; 64.0; 26.0; 65.0,fifa_eda_stats.csv,LongPassing,bar,histogram
0.005,0.0026,1.0,90,50,0.0,0.0,0,1,0,0,18207,58.3695,16.6866,-1.2679,96.0; 94.0; 95.0; 42.0; 91.0; 93.0; 90.0; 84.0; 16.0; 89.0,fifa_eda_stats.csv,BallControl,bar,histogram
0.0047,0.0026,1.0,86,50,0.0,0.0,0,1,0,0,18207,64.6141,14.9278,-0.8153,91.0; 89.0; 94.0; 57.0; 78.0; 80.0; 86.0; 76.0; 43.0; 77.0,fifa_eda_stats.csv,Acceleration,bar,histogram
0.0047,0.0026,1.0,85,50,0.0,0.0,0,1,0,0,18207,64.727,14.65,-0.8286,86.0; 91.0; 90.0; 58.0; 76.0; 88.0; 72.0; 75.0; 60.0; 78.0,fifa_eda_stats.csv,SprintSpeed,bar,histogram
0.0045,0.0026,1.0,81,50,0.0,0.0,0,1,0,0,18207,63.5036,14.766,-0.5994,91.0; 87.0; 96.0; 60.0; 79.0; 95.0; 93.0; 82.0; 78.0; 67.0,fifa_eda_stats.csv,Agility,bar,histogram
0.0037,0.0026,1.0,68,50,0.0,0.0,0,1,0,0,18207,61.8366,9.0105,-0.1141,95.0; 96.0; 94.0; 90.0; 91.0; 92.0; 85.0; 86.0; 89.0; 93.0,fifa_eda_stats.csv,Reactions,bar,histogram
0.0045,0.0026,1.0,81,50,0.0,0.0,0,1,0,0,18207,63.9666,14.1362,-0.5833,95.0; 70.0; 84.0; 43.0; 77.0; 94.0; 83.0; 66.0; 49.0; 78.0,fifa_eda_stats.csv,Balance,bar,histogram
0.0051,0.0026,1.0,92,50,0.0,0.0,0,1,0,0,18207,55.46,17.238,-0.6805,85.0; 95.0; 80.0; 31.0; 91.0; 82.0; 79.0; 86.0; 22.0; 88.0,fifa_eda_stats.csv,ShotPower,bar,histogram
0.0041,0.0026,1.0,74,50,0.0,0.0,0,1,0,0,18207,65.0894,11.82,-0.4543,68.0; 95.0; 61.0; 67.0; 63.0; 56.0; 69.0; 93.0; 76.0; 84.0,fifa_eda_stats.csv,Jumping,bar,histogram
0.0047,0.0026,1.0,85,50,0.0,0.0,0,1,0,0,18207,63.2199,15.8947,-0.9154,72.0; 88.0; 81.0; 43.0; 90.0; 83.0; 89.0; 84.0; 41.0; 78.0,fifa_eda_stats.csv,Stamina,bar,histogram
0.0041,0.0026,1.0,74,50,0.0,0.0,0,1,0,0,18207,65.312,12.557,-0.4684,59.0; 79.0; 49.0; 64.0; 75.0; 66.0; 58.0; 83.0; 78.0; 84.0,fifa_eda_stats.csv,Strength,bar,histogram
0.0051,0.0026,1.0,92,50,0.0,0.0,0,1,0,0,18207,47.11,19.2605,-0.4323,94.0; 93.0; 82.0; 12.0; 91.0; 80.0; 85.0; 59.0; 84.0; 92.0,fifa_eda_stats.csv,LongShots,bar,histogram
0.0047,0.0026,1.0,85,50,0.0,0.0,0,1,0,0,18207,55.869,17.368,-0.4322,48.0; 63.0; 56.0; 38.0; 76.0; 54.0; 62.0; 87.0; 88.0; 34.0,fifa_eda_stats.csv,Aggression,bar,histogram
0.0049,0.0026,1.0,89,50,0.0,0.0,0,1,0,0,18207,46.6983,20.6969,-0.2684,22.0; 29.0; 36.0; 30.0; 61.0; 41.0; 83.0; 90.0; 19.0; 39.0,fifa_eda_stats.csv,Interceptions,bar,histogram
0.0052,0.0026,1.0,94,50,0.0,0.0,0,1,0,0,18207,49.9585,19.529,-0.7202,94.0; 95.0; 89.0; 12.0; 87.0; 79.0; 92.0; 60.0; 11.0; 91.0,fifa_eda_stats.csv,Positioning,bar,histogram
0.0047,0.0026,1.0,85,50,0.0,0.0,0,1,0,0,18207,53.4009,14.1469,-0.3507,94.0; 82.0; 87.0; 68.0; 89.0; 92.0; 84.0; 63.0; 70.0; 77.0,fifa_eda_stats.csv,Vision,bar,histogram
0.0048,0.0026,1.0,87,50,0.0,0.0,0,1,0,0,18207,48.5486,15.7041,-0.355,75.0; 85.0; 81.0; 40.0; 79.0; 86.0; 82.0; 11.0; 88.0; 73.0,fifa_eda_stats.csv,Penalties,bar,histogram
0.0046,0.0026,1.0,84,50,0.0,0.0,0,1,0,0,18207,58.6483,11.4361,-0.381,96.0; 95.0; 94.0; 68.0; 88.0; 91.0; 84.0; 85.0; 82.0; 70.0,fifa_eda_stats.csv,Composure,bar,histogram
0.0051,0.0026,1.0,92,50,0.0,0.0,0,1,0,0,18207,47.2816,19.9044,-0.3627,33.0; 28.0; 27.0; 15.0; 68.0; 34.0; 60.0; 62.0; 87.0; 72.0,fifa_eda_stats.csv,Marking,bar,histogram
0.005,0.0026,1.0,90,50,0.0,0.0,0,1,0,0,18207,47.6978,21.664,-0.3366,28.0; 31.0; 24.0; 21.0; 58.0; 27.0; 76.0; 45.0; 92.0; 12.0,fifa_eda_stats.csv,StandingTackle,bar,histogram
0.0048,0.0026,1.0,88,50,0.0,0.0,0,1,0,0,18207,45.6614,21.2891,-0.2666,26.0; 23.0; 33.0; 13.0; 51.0; 22.0; 73.0; 38.0; 91.0; 18.0,fifa_eda_stats.csv,SlidingTackle,bar,histogram
0.0039,0.0026,1.0,71,50,0.0,0.0,0,1,0,0,18207,16.6162,17.6953,2.441,6.0; 7.0; 9.0; 90.0; 15.0; 11.0; 13.0; 27.0; 86.0; 10.0,fifa_eda_stats.csv,GKDiving,bar,histogram
0.0039,0.0026,1.0,70,50,0.0,0.0,0,1,0,0,18207,16.3916,16.9069,2.4335,11.0; 9.0; 85.0; 13.0; 12.0; 25.0; 8.0; 92.0; 6.0; 15.0,fifa_eda_stats.csv,GKHandling,bar,histogram
0.0044,0.0026,1.0,79,50,0.0,0.0,0,1,0,0,18207,16.2321,16.5029,2.4306,15.0; 87.0; 5.0; 6.0; 7.0; 31.0; 9.0; 78.0; 12.0; 13.0,fifa_eda_stats.csv,GKKicking,bar,histogram
0.0044,0.0026,1.0,79,50,0.0,0.0,0,1,0,0,18207,16.3889,17.0347,2.4638,14.0; 15.0; 88.0; 10.0; 8.0; 33.0; 7.0; 5.0; 6.0; 13.0,fifa_eda_stats.csv,GKPositioning,bar,histogram
0.0042,0.0026,1.0,76,50,0.0,0.0,0,1,0,0,18207,16.7109,17.9551,2.4526,8.0; 11.0; 94.0; 13.0; 9.0; 37.0; 89.0; 10.0; 15.0; 12.0,fifa_eda_stats.csv,GKReflexes,bar,histogram
0.0747,0.0859,0.0,1244,50,4.98,0.0,0,0,0,0,18207,0.0,0.0,0.0,€226.5M; €127.1M; €228.1M; €138.6M; €196.4M; €172.1M; €137.4M; €164M; €104.6M; €144.5M,fifa_eda_stats.csv,Release Clause,bar,bar
0.7931,0.0645,0.0,23,23,0.0,0.0,0,0,0,0,31,0.0,0.0,0.0,b'222.1'; b'\x96'; b'-27.4'; b'335.8'; b'246.5'; b'112'; b'-34.9'; b'144.5'; b'225.9'; b'179.8',Gross_Fiscal_Deficits.csv,1980-81,none,none
0.8966,0.0645,0.0,26,26,0.0,0.0,0,0,0,0,31,0.0,0.0,0.0,b'804'; b'23'; b'243'; b'461'; b'\x96'; b'61'; b'900'; b'170'; b'89'; b'244',Gross_Fiscal_Deficits.csv,1986-87,none,none
0.8621,0.0645,0.0,25,25,0.0,0.0,0,0,0,0,31,0.0,0.0,0.0,b'568'; b'38'; b'421'; b'825'; b'\x96'; b'72'; b'976'; b'216'; b'129'; b'417',Gross_Fiscal_Deficits.csv,1987-88,none,none
0.931,0.0645,0.0,27,27,0.0,0.0,0,0,0,0,31,0.0,0.0,0.0,b'1833.2'; b'16.1'; b'-17.9'; b'1339.3'; b'\x96'; b'59.6'; b'526.4'; b'479.9'; b'152.1'; b'87.7',Gross_Fiscal_Deficits.csv,1993-94,none,none
1.0,0.0645,0.0,29,29,0.0,0.0,0,0,0,1,31,0.0,0.0,0.0,b'7305.9'; b'210.1'; b'1540'; b'4884.3'; b'-47.5'; b'412.9'; b'7987.6'; b'2265.2'; b'1844.8'; b'2166.4',Gross_Fiscal_Deficits.csv,2000-01,none,none
1.0,0.0645,1.0,29,29,0.0,0.5172,0,0,0,0,31,3310.0931,3363.3143,1.1708,6723.1; 274.7; 1448.1; 4010.3; 1060.7; 412.8; 6510.8; 2739.6; 1511.3; 748.1,Gross_Fiscal_Deficits.csv,2001-02,histogram,line
1.0,0.0645,1.0,29,29,0.0,0.0,0,1,0,0,31,3521.7241,3627.0227,1.2949,7630.0; 210.0; 930.0; 4910.0; 970.0; 380.0; 6080.0; 1470.0; 2340.0; 1250.0,Gross_Fiscal_Deficits.csv,2002-03,histogram,histogram
1.0,0.0645,1.0,29,29,0.0,0.0,0,1,0,0,31,4243.4483,4845.6241,1.5651,7450.0; 250.0; 1390.0; 4110.0; 2200.0; 450.0; 9160.0; 2930.0; 2380.0; -20.0,Gross_Fiscal_Deficits.csv,2003-04,histogram,histogram
1.0,0.0645,1.0,29,29,0.0,0.0,0,1,0,0,31,3767.931,4457.4339,1.8167,8190.0; 390.0; 2060.0; 1240.0; 1230.0; 550.0; 8700.0; 1210.0; 1810.0; 1010.0,Gross_Fiscal_Deficits.csv,2004-05,histogram,histogram
0.9667,0.0323,1.0,29,29,0.0,0.0,0,1,0,0,31,3004.6667,4062.0122,2.0102,8300.0; 260.0; -360.0; 3700.0; 430.0; 600.0; 6270.0; 290.0; 720.0; 1590.0,Gross_Fiscal_Deficits.csv,2005-06,histogram,histogram
1.0,0.0323,1.0,30,30,0.0,0.0,0,1,0,0,31,2611.3333,3496.6168,1.3276,5640.0; -110.0; -710.0; 3020.0; -30.0; 490.0; 5650.0; -1180.0; 920.0; 1460.0,Gross_Fiscal_Deficits.csv,2006-07,histogram,histogram
1.0,0.0323,1.0,30,30,0.0,0.0,0,1,0,0,31,2594.0,3744.5976,1.439,8790.0; -20.0; -790.0; 1710.0; 130.0; 540.0; 4770.0; 1260.0; 550.0; 2610.0,Gross_Fiscal_Deficits.csv,2007-08,histogram,histogram
0.9667,0.0323,1.0,29,29,0.0,0.0,0,1,0,0,31,4592.6667,5328.0985,1.3042,12410.0; 330.0; -1410.0; 2510.0; 1030.0; 810.0; 10440.0; 6560.0; 2280.0; 2330.0,Gross_Fiscal_Deficits.csv,2008-09,histogram,histogram
0.9667,0.0323,1.0,29,29,0.0,0.0,0,1,0,0,31,6431.3333,7279.4892,1.4279,14010.0; 500.0; 4040.0; 5270.0; 1760.0; 1240.0; 15150.0; 10090.0; 2780.0; 2230.0,Gross_Fiscal_Deficits.csv,2009-10,histogram,histogram
0.9667,0.0323,1.0,29,29,0.0,0.0,0,1,0,0,31,5381.6667,6407.1997,1.1142,11800.0; -10.0; 1990.0; 3970.0; -410.0; 570.0; 15070.0; 7260.0; 1830.0; 2370.0,Gross_Fiscal_Deficits.csv,2010-11,histogram,histogram
1.0,0.0323,1.0,30,30,0.0,0.0,0,1,0,0,31,5724.0,6386.0044,0.9749,15400.0; 990.0; 1650.0; 5910.0; 800.0; 880.0; 11030.0; 7150.0; 1630.0; 3690.0,Gross_Fiscal_Deficits.csv,2011-12,histogram,histogram
0.9667,0.0323,1.0,29,29,0.0,0.0,0,1,0,0,31,6599.6667,6855.6513,0.6614,17510.0; 230.0; 1520.0; 6550.0; 2660.0; 1150.0; 16490.0; 10360.0; 2980.0; 4220.0,Gross_Fiscal_Deficits.csv,2012-13,histogram,histogram
1.0,0.0,1.0,31,31,0.0,0.4516,0,1,0,0,31,8138.7097,8504.8942,0.8702,18040; 1610; 3780; 8350; 5060; 1350; 18420; 8310; 4010; 4550,Gross_Fiscal_Deficits.csv,2013-14,histogram,line
1.0,0.0,1.0,31,31,0.0,0.3226,0,1,0,0,31,11818.0645,10812.0604,0.7057,20320; 3560; 16260; 32820; 5770; 1740; 18380; 15630; 3830; 6630,Gross_Fiscal_Deficits.csv,2014-15 (RE),histogram,line
1.0,0.0,1.0,31,31,0.0,0.2903,0,1,0,0,31,10785.4839,9997.7614,0.7095,17580; 510; 4680; 13580; 6840; 2710; 22050; 16420; 3280; 6630,Gross_Fiscal_Deficits.csv,2015-16 (BE),histogram,histogram
0.6897,0.0645,0.0,20,20,0.0,0.0,0,0,0,0,31,0.0,0.0,0.0,b'-104'; b'\x96'; b'-165'; b'-59'; b'-122'; b'15'; b'28'; b'-118'; b'-121'; b'-41',Revenue_Deficits.csv,1980-81,none,none
0.7241,0.0645,0.0,21,21,0.0,0.0,0,0,0,0,31,0.0,0.0,0.0,b'169'; b'\x96'; b'135.8'; b'-106.7'; b'-68.3'; b'-29.6'; b'-37.6'; b'70.9'; b'143.6'; b'13.7',Revenue_Deficits.csv,1984-85,none,none
1.0,0.0645,0.0,29,29,5.28,0.5172,0,0,0,0,31,0.0,0.0,0.0,2881.3; -28; 881.4; 2341.9; 538.4; 228.5; 6731.5; 1056; 860.5; -735.5,Revenue_Deficits.csv,2001-02,none,none
1.0,0.0323,1.0,30,30,0.0,0.0,0,1,0,0,31,89.3333,2058.4062,1.4871,64.0; -182.0; -1509.0; -81.0; -1381.0; 22.0; 399.0; -1213.0; -92.0; -1816.0,Revenue_Deficits.csv,2005-06,histogram,histogram
1.0,0.0323,1.0,30,30,0.0,0.0,0,1,0,0,31,-975.0333,2459.643,1.7738,-2807.0; -695.0; -2210.0; -2498.0; -2647.0; -141.0; -1770.0; -1590.0; -191.0; -1914.0,Revenue_Deficits.csv,2006-07,histogram,histogram
1.0,0.0323,1.0,30,30,0.0,0.0,0,1,0,0,31,-1600.6667,3787.4841,-0.8076,-159.0; -743.0; -2581.0; -4645.0; -3039.0; -166.0; -2150.0; -2224.0; -850.0; -2216.0,Revenue_Deficits.csv,2007-08,histogram,histogram
1.0,0.0323,1.0,30,30,0.0,0.0,0,1,0,0,31,-571.0,3637.8398,2.5922,-1000.0; -980.0; -3830.0; -4470.0; -1870.0; -100.0; 70.0; 2080.0; 130.0; -3360.0,Revenue_Deficits.csv,2008-09,histogram,histogram
0.9667,0.0323,1.0,29,29,0.0,0.0,0,1,0,0,31,823.3333,5369.1239,2.0012,-1230.0; -600.0; 1350.0; -2940.0; -890.0; 130.0; 6970.0; 4260.0; 800.0; -4450.0,Revenue_Deficits.csv,2009-10,histogram,histogram
0.9667,0.0323,1.0,29,29,0.0,0.0,0,1,0,0,31,-444.6667,4768.5765,1.4769,-2460.0; -1680.0; -50.0; -6320.0; -3360.0; -660.0; 5080.0; 2750.0; 540.0; -3770.0,Revenue_Deficits.csv,2010-11,histogram,histogram
1.0,0.0323,1.0,30,30,0.0,0.0,0,1,0,0,31,-931.3333,4568.2251,1.4362,-3140.0; -1080.0; -930.0; -4820.0; -3240.0; -300.0; -3210.0; 1460.0; -640.0; -2100.0,Revenue_Deficits.csv,2011-12,histogram,histogram
1.0,0.0323,1.0,30,30,0.0,0.0,0,1,0,0,31,-843.3333,4506.7385,1.6652,-1130.0; -980.0; -1550.0; -5100.0; -2610.0; 220.0; -5570.0; 4440.0; 580.0; -1100.0,Revenue_Deficits.csv,2012-13,histogram,histogram
1.0,0.0,1.0,31,31,0.0,0.4839,0,1,0,0,31,165.8065,5275.0607,1.5642,-340; -90; -240; -6440; 810; 350; -4720; 3880; 1640; -70,Revenue_Deficits.csv,2013-14,histogram,line
1.0,0.0,1.0,31,31,0.0,0.6129,0,1,0,0,31,391.6129,8249.044,-1.788,14240; 1210; 5090; 4510; -2380; -50; -6390; 9500; 1540; -3490,Revenue_Deficits.csv,2014-15,histogram,line
0.9677,0.0,1.0,30,30,0.0,0.5484,0,1,0,0,31,-1995.4839,7625.9971,-2.4317,7300; -2330; -5500; -11980; -4230; -410; -7310; 9560; -50; -3100,Revenue_Deficits.csv,2015-16 (RE),histogram,line
0.0023,0.0,0.0,65,50,20.0,0.0,0,0,0,0,28332,0.0,0.0,0.0,AVpgNzjwLJeJML43Kpxn,Datafiniti_Amazon_Consumer_Reviews_of_Amazon_Products_May19.csv,id,bar,none
0.0019,0.0,0.0,55,50,25.0,1.0,0,0,0,0,28332,0.0,0.0,0.0,2015-10-30 08:59:32+00:00,Datafiniti_Amazon_Consumer_Reviews_of_Amazon_Products_May19.csv,dateAdded,line,line
0.0018,0.0,0.0,52,50,25.0,1.0,0,0,0,0,28332,0.0,0.0,0.0,2019-04-25 09:08:16+00:00,Datafiniti_Amazon_Consumer_Reviews_of_Amazon_Products_May19.csv,dateUpdated,line,line
0.0023,0.0,0.0,65,50,72.58,0.0,0,0,0,0,28332,0.0,0.0,0.0,AmazonBasics AAA Performance Alkaline Batteries (36 Count),Datafiniti_Amazon_Consumer_Reviews_of_Amazon_Products_May19.csv,name,bar,bar
0.0023,0.0,0.0,65,50,17.16,0.0,0,0,0,0,28332,0.0,0.0,0.0,"B00QWO9P0O,B00LH3DMUO",Datafiniti_Amazon_Consumer_Reviews_of_Amazon_Products_May19.csv,asins,bar,bar
0.0001,0.0,0.0,3,3,8.58,0.0,0,0,0,0,28332,0.0,0.0,0.0,Amazonbasics,Datafiniti_Amazon_Consumer_Reviews_of_Amazon_Products_May19.csv,brand,bar,bar
0.0021,0.0,0.0,60,50,211.46,0.0,0,0,0,0,28332,0.0,0.0,0.0,"AA,AAA,Health,Electronics,Health & Household,Camcorder Batteries,Camera & Photo,Batteries,Household Batteries,Robot Check,Accessories,Camera Batteries,Health and Beauty,Household Supplies,Batteries & Chargers,Health, Household & Baby Care,Health Personal Care",Datafiniti_Amazon_Consumer_Reviews_of_Amazon_Products_May19.csv,categories,bar,bar
0.0003,0.0,0.0,9,9,13.73,0.0,0,0,0,0,28332,0.0,0.0,0.0,Health & Beauty,Datafiniti_Amazon_Consumer_Reviews_of_Amazon_Products_May19.csv,primaryCategories,bar,bar
0.0023,0.0,0.0,65,50,885.44,0.0,0,0,0,0,28332,0.0,0.0,0.0,"https://images-na.ssl-images-amazon.com/images/I/81qmNyJo%2BkL._SL1500_.jpg,https://images-na.ssl-images-amazon.com/images/I/81ZTa1BrkzL._SL1500_.jpg,http://ecx.images-amazon.com/images/I/41pSoRu7UlL._SS40_.jpg,https://www.upccodesearch.com/images/barcode/0841710106442.png,https://images-na.ssl-images-amazon.com/images/I/81qmNyJo%252525252BkL._SL1500_.jpg,https://images-na.ssl-images-amazon.com/im...",Datafiniti_Amazon_Consumer_Reviews_of_Amazon_Products_May19.csv,imageURLs,bar,bar
0.0023,0.0,0.0,65,50,324.29,0.0,0,0,0,0,28332,0.0,0.0,0.0,"amazonbasics/hl002619,amazonbasicsaaaperformancealkalinebatteries36count/b00lh3dmuo,0841710106442,841710106442,amazonbasicsaaaperformancealkalinebatteries36count/b00qwo9p0o",Datafiniti_Amazon_Consumer_Reviews_of_Amazon_Products_May19.csv,keys,bar,bar
0.0001,0.0,0.0,4,4,8.59,0.0,0,0,0,0,28332,0.0,0.0,0.0,AmazonBasics,Datafiniti_Amazon_Consumer_Reviews_of_Amazon_Products_May19.csv,manufacturer,bar,bar
0.0023,0.0,0.0,65,50,9.93,0.0,0,0,0,0,28332,0.0,0.0,0.0,HL-002619,Datafiniti_Amazon_Consumer_Reviews_of_Amazon_Products_May19.csv,manufacturerNumber,bar,bar
0.0461,0.0,0.0,1307,50,25.0,1.0,0,0,0,0,28332,0.0,0.0,0.0,2017-03-02 00:00:00+00:00; 2016-08-31 00:00:00+00:00; 2016-12-06 00:00:00+00:00; 2016-03-28 00:00:00+00:00; 2017-04-22 00:00:00+00:00; 2016-02-17 00:00:00+00:00; 2017-04-17 00:00:00+00:00; 2017-04-16 00:00:00+00:00; 2016-04-07 00:00:00+00:00; 2017-05-24 00:00:00+00:00,Datafiniti_Amazon_Consumer_Reviews_of_Amazon_Products_May19.csv,reviews.date,line,line
0.0214,0.0,0.0,606,50,57.97,0.4915,0,0,0,0,28332,0.0,0.0,0.0,2017-08-28T00:00:00Z,Datafiniti_Amazon_Consumer_Reviews_of_Amazon_Products_May19.csv,reviews.dateSeen,bar,line
0.2222,0.9997,0.0,2,2,4.11,0.0,1,0,0,0,28332,0.0,0.0,0.0,True; False,Datafiniti_Amazon_Consumer_Reviews_of_Amazon_Products_May19.csv,reviews.didPurchase,pie,pie
0.0001,0.4322,0.0,2,2,4.05,0.0,1,0,0,0,28332,0.0,0.0,0.0,True; False,Datafiniti_Amazon_Consumer_Reviews_of_Amazon_Products_May19.csv,reviews.doRecommend,pie,pie
1.0,0.9986,1.0,41,41,0.0,0.0,0,1,0,1,28332,184006622.2439,23370363.0127,-1.777,208530447.0; 208142753.0; 136303197.0; 177283626.0; 135864424.0; 111624418.0; 187043823.0; 118703863.0; 184417556.0; 185116510.0,Datafiniti_Amazon_Consumer_Reviews_of_Amazon_Products_May19.csv,reviews.id,none,none
0.0038,0.4312,1.0,61,50,0.0,0.0,0,1,0,0,28332,0.5293,9.345,44.9145,1.0; 0.0; 2.0; 40.0; 21.0; 12.0; 238.0; 6.0; 3.0; 9.0,Datafiniti_Amazon_Consumer_Reviews_of_Amazon_Products_May19.csv,reviews.numHelpful,bar,histogram
0.0002,0.0,1.0,5,5,0.0,0.0,0,1,0,0,28332,4.514,0.935,-2.3467,3; 4; 5; 1; 2,Datafiniti_Amazon_Consumer_Reviews_of_Amazon_Products_May19.csv,reviews.rating,bar,bar
0.3496,0.0,0.0,9906,50,123.18,0.0,0,0,0,0,28332,0.0,0.0,0.0,https://www.amazon.com/product-reviews/B00QWO9P0O/,Datafiniti_Amazon_Consumer_Reviews_of_Amazon_Products_May19.csv,reviews.sourceURLs,none,bar
0.6413,0.0,0.0,18168,50,137.52,0.0,0,0,0,0,28332,0.0,0.0,0.0,I order 3 of them and one of the item is bad quality. Is missing backup spring so I have to put a pcs of aluminum to make the battery work.; Bulk is always the less expensive way to go for products like these; Well they are not Duracell but for the price i am happy.; Seem to work as well as name brand batteries at a much better price; These batteries are very long lasting the price is great.; Boug...,Datafiniti_Amazon_Consumer_Reviews_of_Amazon_Products_May19.csv,reviews.text,none,none
0.3685,0.0,0.0,10441,50,19.75,0.0,0,0,0,0,28332,0.0,0.0,0.0,... 3 of them and one of the item is bad quality. Is missing backup spring so I have ...; ... always the less expensive way to go for products like; ... are not Duracell but for the price i am happy.; ... as well as name brand batteries at a much better; ... batteries are very long lasting the price is great.; ... batteries for Christmas and the AmazonBasics Cell have been good. I haven't noticed ...,Datafiniti_Amazon_Consumer_Reviews_of_Amazon_Products_May19.csv,reviews.title,none,bar
0.5743,0.0002,0.0,16268,50,9.1,0.0015,0,0,0,0,28332,0.0,0.0,0.0,Byger yang; ByMG; BySharon Lambert; Bymark sexson; Bylinda; ByPainter Marlow; ByAmazon Customer; ByLynn Pendegrass; ByK.R.; BySilverLane,Datafiniti_Amazon_Consumer_Reviews_of_Amazon_Products_May19.csv,reviews.username,none,none
0.0023,0.0,0.0,65,50,7351.24,0.0,0,0,0,0,28332,0.0,0.0,0.0,"https://www.barcodable.com/upc/841710106442,https://www.amazon.com/AmazonBasics-Performance-Alkaline-Batteries-Count/dp/B00LH3DMUO/,https://www.amazon.com/AmazonBasics-Performance-Alkaline-Batteries-Count/dp/B00LH3DMUO,https://www.amazon.com/AmazonBasics-Performance-Alkaline-Batteries-36-Pack/dp/B00LH3DMUO/,http://www.amazon.com/AmazonBasics-Performance-Alkaline-Batteries-36-Pack/dp/B00LH3DMUO",Datafiniti_Amazon_Consumer_Reviews_of_Amazon_Products_May19.csv,sourceURLs,bar,bar
0.7586,0.0645,0.0,22,22,0.0,0.0,0,0,0,0,31,0.0,0.0,0.0,b'703'; b'\x96'; b'90'; b'338'; b'661'; b'291'; b'42'; b'60'; b'607'; b'374',Own_Tax_Revenues.csv,1981-82,none,none
0.88,0.1935,1.0,22,22,0.0,0.0,0,1,0,0,31,1213.6,1338.6121,1.2169,2650.0; 0.0; 420.0; 1140.0; 90.0; 2400.0; 1070.0; 160.0; 2330.0; 1340.0,Own_Tax_Revenues.csv,1990-91,histogram,histogram
0.92,0.1935,1.0,23,23,0.0,0.0,0,1,0,0,31,1428.8,1566.6613,1.1582,3060.0; 0.0; 510.0; 1310.0; 110.0; 2890.0; 1300.0; 190.0; 160.0; 2900.0,Own_Tax_Revenues.csv,1991-92,histogram,histogram
0.92,0.1935,1.0,23,23,0.0,0.0,0,1,0,0,31,1594.8,1736.419,1.1329,3390.0; 0.0; 520.0; 1560.0; 140.0; 3460.0; 1450.0; 220.0; 210.0; 3100.0,Own_Tax_Revenues.csv,1992-93,histogram,histogram
0.9231,0.1613,1.0,24,24,0.0,0.0,0,1,0,0,31,1785.7692,1978.8869,1.2424,3830.0; 0.0; 610.0; 1750.0; 190.0; 3940.0; 1590.0; 260.0; 230.0; 3810.0,Own_Tax_Revenues.csv,1993-94,histogram,histogram
0.8846,0.1613,1.0,23,23,0.0,0.0,0,1,0,0,31,2143.8462,2367.0253,1.3382,4230.0; 10.0; 630.0; 1840.0; 230.0; 4740.0; 1890.0; 300.0; 240.0; 4290.0,Own_Tax_Revenues.csv,1994-95,histogram,histogram
0.9231,0.1613,1.0,24,24,0.0,0.0,0,1,0,0,31,2456.1538,2736.025,1.3929,4120.0; 10.0; 700.0; 1970.0; 270.0; 5320.0; 2170.0; 340.0; 290.0; 5270.0,Own_Tax_Revenues.csv,1995-96,histogram,histogram
0.9231,0.1613,1.0,24,24,0.0,0.0,0,1,0,0,31,2734.6154,3010.4541,1.2827,4880.0; 10.0; 770.0; 2250.0; 300.0; 6070.0; 2140.0; 410.0; 290.0; 5770.0,Own_Tax_Revenues.csv,1996-97,histogram,histogram
0.8462,0.1613,1.0,22,22,0.0,0.0,0,1,0,0,31,3124.2308,3470.2751,1.3331,7110.0; 10.0; 880.0; 2390.0; 370.0; 6590.0; 2370.0; 480.0; 6410.0; 4500.0,Own_Tax_Revenues.csv,1997-98,histogram,histogram
0.9231,0.1613,1.0,24,24,0.0,0.0,0,1,0,0,31,3423.4615,3735.2622,1.1884,7960.0; 10.0; 980.0; 2670.0; 360.0; 7620.0; 3120.0; 570.0; 440.0; 6940.0,Own_Tax_Revenues.csv,1998-99,histogram,histogram
0.8846,0.1613,1.0,23,23,0.0,0.0,0,1,0,0,31,3945.3846,4355.6356,1.3494,9010.0; 10.0; 1230.0; 3640.0; 460.0; 8160.0; 3520.0; 620.0; 580.0; 7740.0,Own_Tax_Revenues.csv,1999-00,histogram,histogram
0.9643,0.0968,1.0,27,27,0.0,0.0,0,1,0,0,31,4214.2857,4893.9581,1.4591,10550.0; 20.0; 1410.0; 2940.0; 750.0; 520.0; 9050.0; 4310.0; 730.0; 9040.0,Own_Tax_Revenues.csv,2000-01,histogram,histogram
0.9655,0.0645,1.0,28,28,0.0,0.0,0,1,0,0,31,4417.2414,5116.1459,1.6172,12560.0; 30.0; 1570.0; 2440.0; 1990.0; 570.0; 9250.0; 4970.0; 920.0; 860.0,Own_Tax_Revenues.csv,2001-02,histogram,histogram
1.0,0.0645,1.0,29,29,0.0,0.0,0,1,0,0,31,4902.069,5530.1901,1.521,12620.0; 40.0; 1940.0; 2760.0; 2330.0; 600.0; 9520.0; 5550.0; 890.0; 980.0,Own_Tax_Revenues.csv,2002-03,histogram,histogram
0.9655,0.0645,1.0,28,28,0.0,0.0,0,1,0,0,31,5514.4828,6153.414,1.4505,13810.0; 40.0; 2070.0; 3360.0; 2590.0; 710.0; 11170.0; 6350.0; 980.0; 1150.0,Own_Tax_Revenues.csv,2003-04,histogram,histogram
0.9655,0.0645,1.0,28,28,0.0,0.0,0,1,0,0,31,6522.069,7410.0363,1.5409,16250.0; 50.0; 2710.0; 3340.0; 3230.0; 860.0; 12960.0; 7440.0; 1250.0; 1400.0,Own_Tax_Revenues.csv,2004-05,histogram,histogram
0.9667,0.0323,1.0,29,29,0.0,0.0,0,1,0,0,31,7392.0,8425.4432,1.4251,19210.0; 60.0; 3230.0; 3560.0; 4050.0; 1100.0; 15700.0; 9080.0; 1500.0; 1690.0,Own_Tax_Revenues.csv,2005-06,histogram,histogram
0.9667,0.0323,1.0,29,29,0.0,0.0,0,1,0,0,31,8776.3333,10166.6804,1.4465,23930.0; 80.0; 3480.0; 4030.0; 5050.0; 1290.0; 18470.0; 10930.0; 1660.0; 1900.0,Own_Tax_Revenues.csv,2006-07,histogram,histogram
1.0,0.0323,1.0,30,30,0.0,0.0,0,1,0,0,31,9967.3333,11688.6759,1.5377,28790.0; 100.0; 3360.0; 5090.0; 5620.0; 1360.0; 21890.0; 11620.0; 1960.0; 2300.0,Own_Tax_Revenues.csv,2007-08,histogram,histogram
1.0,0.0323,1.0,30,30,0.0,0.0,0,1,0,0,31,11160.6667,12936.2738,1.5149,33360.0; 140.0; 4150.0; 6170.0; 6590.0; 1690.0; 23560.0; 11660.0; 2240.0; 2690.0,Own_Tax_Revenues.csv,2008-09,histogram,histogram
1.0,0.0323,1.0,30,30,0.0,0.0,0,1,0,0,31,12579.3333,14466.0694,1.5272,35180.0; 170.0; 4990.0; 8090.0; 7120.0; 1760.0; 26740.0; 13220.0; 2570.0; 3070.0,Own_Tax_Revenues.csv,2009-10,histogram,histogram
1.0,0.0323,1.0,30,30,0.0,0.0,0,1,0,0,31,15956.3333,18471.1093,1.5225,45140.0; 210.0; 5930.0; 9870.0; 9010.0; 2140.0; 36340.0; 16790.0; 3640.0; 3480.0,Own_Tax_Revenues.csv,2010-11,histogram,histogram
1.0,0.0323,1.0,30,30,0.0,0.0,0,1,0,0,31,19298.6667,22157.532,1.446,53280.0; 320.0; 7640.0; 12610.0; 10710.0; 2550.0; 44250.0; 20400.0; 4110.0; 4750.0,Own_Tax_Revenues.csv,2011-12,histogram,histogram
1.0,0.0323,1.0,30,30,0.0,0.0333,0,1,0,0,31,22663.0,25926.395,1.4535,59880.0; 320.0; 8250.0; 16250.0; 13030.0; 2940.0; 53900.0; 23560.0; 4630.0; 5830.0,Own_Tax_Revenues.csv,2012-13,histogram,histogram
1.0,0.0,1.0,31,31,0.0,0.2581,0,1,0,0,31,23877.7419,27599.2782,1.3999,64120; 430; 8990; 19960; 14340; 3580; 56370; 25570; 5120; 6270,Own_Tax_Revenues.csv,2013-14,histogram,histogram
1.0,0.0,1.0,31,31,0.0,0.2258,0,1,0,0,31,27308.7097,29387.5571,1.4182,38480; 490; 10750; 25660; 18130; 4080; 62070; 29600; 5700; 6440,Own_Tax_Revenues.csv,2014-15,histogram,histogram
0.9677,0.0,1.0,30,30,0.0,0.2581,0,1,0,0,31,31266.129,33167.8847,1.3095,44420; 510; 12890; 30880; 20090; 4290; 68420; 33250; 6340; 8010,Own_Tax_Revenues.csv,2015-16,histogram,histogram
1.0,0.1935,1.0,25,25,0.0,0.0,0,1,0,0,31,4582.64,4745.2818,1.1207,8191.0; 107.0; 2516.0; 7353.0; 398.0; 7427.0; 3386.0; 794.0; 1186.0; 6210.0,Nominal_GSDP_Series.csv,1980-81,histogram,histogram
1.0,0.1935,1.0,25,25,0.0,0.0,0,1,0,0,31,5272.36,5349.7546,1.0066,10041.0; 142.0; 3228.0; 8562.0; 436.0; 9253.0; 3911.0; 925.0; 1361.0; 7169.0,Nominal_GSDP_Series.csv,1981-82,histogram,histogram
1.0,0.1935,1.0,25,25,0.0,0.0,0,1,0,0,31,5864.84,5952.0163,1.0311,10844.0; 166.0; 3657.0; 9635.0; 519.0; 9887.0; 4485.0; 987.0; 1561.0; 8012.0,Nominal_GSDP_Series.csv,1982-83,histogram,histogram
1.0,0.1935,1.0,25,25,0.0,0.0,0,1,0,0,31,6843.24,6851.2207,0.9403,12564.0; 189.0; 4347.0; 10945.0; 549.0; 12681.0; 4890.0; 1127.0; 1782.0; 9610.0,Nominal_GSDP_Series.csv,1983-84,histogram,histogram
1.0,0.1935,1.0,25,25,0.0,0.0,0,1,0,0,31,7555.12,7570.843,0.9296,13576.0; 221.0; 5113.0; 13004.0; 666.0; 13311.0; 5382.0; 1139.0; 2021.0; 10831.0,Nominal_GSDP_Series.csv,1984-85,histogram,histogram
1.0,0.1935,1.0,25,25,0.0,0.0,0,1,0,0,31,8496.32,8573.3235,1.0053,15266.0; 269.0; 5673.0; 14295.0; 655.0; 13988.0; 6552.0; 1372.0; 2256.0; 11575.0,Nominal_GSDP_Series.csv,1985-86,histogram,histogram
1.0,0.1935,1.0,25,25,0.0,0.0,0,1,0,0,31,9376.2,9399.1069,0.9716,16404.0; 305.0; 6176.0; 16261.0; 771.0; 16174.0; 6889.0; 1517.0; 2620.0; 13271.0,Nominal_GSDP_Series.csv,1986-87,histogram,histogram
1.0,0.1935,1.0,25,25,0.0,0.0,0,1,0,0,31,10728.6,10907.5791,0.9981,19608.0; 330.0; 7001.0; 17638.0; 856.0; 16339.0; 7739.0; 1722.0; 2524.0; 15158.0,Nominal_GSDP_Series.csv,1987-88,histogram,histogram
1.0,0.1935,1.0,25,25,0.0,0.0,0,1,0,0,31,12816.2,12957.9843,0.9857,24732.0; 387.0; 7600.0; 21181.0; 978.0; 22349.0; 10015.0; 2157.0; 3065.0; 17709.0,Nominal_GSDP_Series.csv,1988-89,histogram,histogram
1.0,0.1935,1.0,25,25,0.0,0.0,0,1,0,0,31,14709.2,15187.8992,1.1282,28284.0; 412.0; 9084.0; 22610.0; 1128.0; 24777.0; 11147.0; 2436.0; 3299.0; 20214.0,Nominal_GSDP_Series.csv,1989-90,histogram,histogram
1.0,0.1935,1.0,25,25,0.0,0.0,0,1,0,0,31,17145.04,17759.3787,1.1159,33336.0; 508.0; 10621.0; 26429.0; 1257.0; 27996.0; 13636.0; 2815.0; 3614.0; 23300.0,Nominal_GSDP_Series.csv,1990-91,histogram,histogram
1.0,0.1935,1.0,25,25,0.0,0.0,0,1,0,0,31,19952.76,20457.3845,1.0823,40659.0; 629.0; 11848.0; 29519.0; 1551.0; 30632.0; 16339.0; 3317.0; 4110.0; 30092.0,Nominal_GSDP_Series.csv,1991-92,histogram,histogram
1.0,0.1935,1.0,25,25,0.0,0.0,0,1,0,0,31,22765.84,23840.8347,1.2252,44395.0; 741.0; 13048.0; 31914.0; 1872.0; 40316.0; 17343.0; 3824.0; 4558.0; 33036.0,Nominal_GSDP_Series.csv,1992-93,histogram,histogram
1.0,0.0323,1.0,30,30,0.0,0.0333,0,1,0,0,31,24618.2333,27222.2646,1.561,57867.0; 893.0; 15143.0; 22812.0; 16194.0; 2397.0; 49194.0; 22131.0; 4783.0; 6343.0,Nominal_GSDP_Series.csv,1993-94,histogram,histogram
1.0,0.0323,1.0,30,30,0.0,0.0,0,1,0,0,31,28963.4333,31888.7815,1.4768,68923.0; 970.0; 17551.0; 25945.0; 18087.0; 2838.0; 63516.0; 26245.0; 5825.0; 6977.0,Nominal_GSDP_Series.csv,1994-95,histogram,histogram
1.0,0.0323,1.0,30,30,0.0,0.0,0,1,0,0,31,33335.8667,37573.8148,1.6022,79854.0; 1184.0; 19411.0; 24483.0; 19749.0; 3319.0; 71886.0; 29789.0; 6698.0; 8097.0,Nominal_GSDP_Series.csv,1995-96,histogram,histogram
1.0,0.0323,1.0,30,30,0.0,0.0,0,1,0,0,31,38454.4,43360.3312,1.5668,90147.0; 1212.0; 21017.0; 32541.0; 21191.0; 3965.0; 85837.0; 35642.0; 7755.0; 9124.0,Nominal_GSDP_Series.csv,1996-97,histogram,histogram
1.0,0.0323,1.0,30,30,0.0,0.0333,0,1,0,0,31,42786.7667,47423.0798,1.5085,95782.0; 1337.0; 22806.0; 33662.0; 27716.0; 4921.0; 91188.0; 38649.0; 8837.0; 10286.0,Nominal_GSDP_Series.csv,1997-98,histogram,histogram
1.0,0.0323,1.0,30,30,0.0,0.1333,0,1,0,0,31,48728.0,53077.6634,1.3436,114937.0; 1515.0; 25558.0; 39033.0; 30551.0; 6075.0; 105305.0; 43646.0; 10696.0; 11415.0,Nominal_GSDP_Series.csv,1998-99,histogram,histogram
1.0,0.0323,1.0,30,30,0.0,0.0667,0,1,0,0,31,56610.6667,60929.6192,1.4051,128797.0; 1612.0; 34833.0; 50174.0; 34323.0; 6330.0; 109861.0; 51375.0; 14112.0; 15660.0,Nominal_GSDP_Series.csv,1999-00,histogram,histogram
1.0,0.0323,1.0,30,30,0.0,0.1333,0,1,0,0,31,59638.6667,63555.1965,1.3207,144723.0; 1787.0; 36814.0; 57242.0; 32093.0; 6757.0; 111139.0; 58183.0; 15661.0; 16700.0,Nominal_GSDP_Series.csv,2000-01,histogram,histogram
1.0,0.0323,1.0,30,30,0.0,0.0333,0,1,0,0,31,64075.1667,67994.568,1.3349,156711.0; 2104.0; 38313.0; 57657.0; 35069.0; 7097.0; 123573.0; 65505.0; 17148.0; 18039.0,Nominal_GSDP_Series.csv,2001-02,histogram,histogram
1.0,0.0323,1.0,30,30,0.0,0.0333,0,1,0,0,31,69156.1667,73634.3782,1.3907,167096.0; 2071.0; 43407.0; 64965.0; 37967.0; 8100.0; 141534.0; 72528.0; 18905.0; 20326.0,Nominal_GSDP_Series.csv,2002-03,histogram,histogram
1.0,0.0323,1.0,30,30,0.0,0.1,0,1,0,0,31,78214.2333,83254.6708,1.3885,190017.0; 2368.0; 47305.0; 66174.0; 42449.0; 9301.0; 168080.0; 82862.0; 20721.0; 22194.0,Nominal_GSDP_Series.csv,2003-04,histogram,histogram
1.0,0.0,1.0,31,31,0.0,0.3548,0,1,0,0,31,90232.7742,94910.0658,1.6187,134767; 3488; 53398; 77781; 47862; 12713; 203373; 95795; 24077; 27305,Nominal_GSDP_Series.csv,2004-05,histogram,line
1.0,0.0,1.0,31,31,0.0,0.2903,0,1,0,0,31,102888.2258,110236.9964,1.6907,147606; 3755; 59385; 82490; 53381; 14327; 244736; 108885; 27127; 29920,Nominal_GSDP_Series.csv,2005-06,histogram,histogram
1.0,0.0,1.0,31,31,0.0,0.3548,0,1,0,0,31,120469.6452,130499.2313,1.7644,174064; 4108; 64692; 100737; 66875; 16523; 283693; 128732; 30274; 33230,Nominal_GSDP_Series.csv,2006-07,histogram,line
1.0,0.0,1.0,31,31,0.0,0.2903,0,1,0,0,31,140244.9355,151460.0843,1.7865,212361; 4810; 71076; 113680; 80255; 19565; 329285; 151596; 33963; 37099,Nominal_GSDP_Series.csv,2007-08,histogram,histogram
1.0,0.0,1.0,31,31,0.0,0.2258,0,1,0,0,31,161659.2903,169777.9165,1.644,237383; 5687; 81074; 142279; 96972; 25414; 367912; 182522; 41483; 42315,Nominal_GSDP_Series.csv,2008-09,histogram,histogram
1.0,0.0,1.0,31,31,0.0,0.1613,0,1,0,0,31,185930.2258,195463.8475,1.6092,273327; 7474; 95975; 162923; 99364; 29126; 431262; 223600; 48189; 48385,Nominal_GSDP_Series.csv,2009-10,histogram,histogram
1.0,0.0,1.0,31,31,0.0,0.2258,0,1,0,0,31,222554.9355,235852.0074,1.6802,319864; 9021; 112688; 203555; 119420; 33605; 521519; 260621; 57452; 58073,Nominal_GSDP_Series.csv,2010-11,histogram,histogram
1.0,0.0,1.0,31,31,0.0,0.0968,0,0,0,0,31,277647.3573,290241.1993,1.5881,379229.63; 11062.68581; 143174.91; 247143.9562; 158073.8309; 42252.73688; 615606.0723; 300755.5681; 72719.83498; 77944.98239,Nominal_GSDP_Series.csv,2011-12,histogram,histogram
1.0,0.0,1.0,31,31,0.0,0.0968,0,0,0,0,31,316064.6671,331704.8639,1.5751,410960.81; 12546.64971; 156864.24; 282367.9373; 177511.32; 38647.28947; 724495.7885; 350406.6094; 82819.77858; 86537.33448,Nominal_GSDP_Series.csv,2012-13,histogram,histogram
1.0,0.0,1.0,31,31,0.0,0.0,0,0,0,0,31,359523.4246,378736.5401,1.5692,468493.95; 14607.35643; 177745.22; 317101.3413; 206785.73; 42243.44922; 807623.1973; 395747.7261; 94764.15963; 97400.30947,Nominal_GSDP_Series.csv,2013-14,histogram,histogram
1.0,0.0,1.0,31,31,0.0,0.0,0,0,0,0,31,401127.2568,418187.6558,1.4875,532921.99; 16389.23232; 198098.0; 373919.8816; 236317.82; 45547.55379; 895926.713; 441864.263; 104368.7884; 102680.5109,Nominal_GSDP_Series.csv,2014-15,histogram,histogram
1.0,0.5161,1.0,15,15,0.0,0.0,0,0,0,0,31,465248.5766,409564.6616,0.6681,603376.25; 19472.53454; 413503.2077; 241955.0; 1040147.944; 565053.43; 27304.50833; 332329.1338; 16636.78419; 1212667.991,Nominal_GSDP_Series.csv,2015-16,histogram,bar
1.0,0.0323,1.0,30,30,0.0,0.0,0,1,0,0,31,14878.1333,13937.9207,1.1362,34915.0; 1668.0; 10536.0; 17756.0; 7457.0; 2191.0; 25465.0; 12640.0; 6466.0; 9724.0,Revenue_Expenditure.csv,2005-06,histogram,histogram
1.0,0.0323,1.0,30,30,0.0,0.0,0,1,0,0,31,17179.3667,16416.0947,1.1999,41438.0; 1897.0; 11457.0; 20585.0; 8802.0; 2468.0; 29232.0; 16362.0; 7644.0; 10067.0,Revenue_Expenditure.csv,2006-07,histogram,histogram
1.0,0.0323,1.0,30,30,0.0,0.0,0,1,0,0,31,19759.3333,18732.9258,1.1235,53984.0; 2260.0; 12744.0; 23565.0; 10840.0; 2778.0; 33540.0; 17527.0; 8292.0; 11685.0,Revenue_Expenditure.csv,2007-08,histogram,histogram
0.9677,0.0,1.0,30,30,0.0,0.3548,0,0,0,0,31,22570.8742,22171.2742,1.1118,61854.22; 2871.68; 14243.31; 28511.57; 13793.7; 3425.41; 38741.45; 20534.73; 9438.13; 12446.86,Revenue_Expenditure.csv,2008-09,histogram,line
1.0,0.0,1.0,31,31,0.0,0.2903,0,0,0,0,31,26327.0332,25739.8014,1.2084,63447.93; 3698.74; 21232.18; 32584.17; 17265.44; 4227.48; 48638.28; 25257.38; 11151.01; 15099.93,Revenue_Expenditure.csv,2009-10,histogram,histogram
1.0,0.0,1.0,31,31,0.0,0.2903,0,0,0,0,31,30652.2081,30235.8314,1.2018,78534.26; 3744.24; 22951.82; 38215.92; 19355.75; 4783.79; 57440.0; 28310.18; 13246.09; 18466.81,Revenue_Expenditure.csv,2010-11,histogram,histogram
0.9677,0.0,1.0,30,30,0.0,0.3226,0,0,0,0,31,35384.1865,34876.0981,1.1968,90415.36; 4417.86; 26528.56; 46499.48; 22628.04; 5482.08; 59744.46; 32014.89; 13897.97; 22680.48,Revenue_Expenditure.csv,2011-12,histogram,line
1.0,0.0,1.0,31,31,0.0,0.3548,0,0,0,0,31,40497.1768,39888.164,1.1313,102702.38; 4786.24; 29136.92; 54466.14; 26971.84; 6061.34; 69658.49; 38071.72; 16174.25; 25117.22,Revenue_Expenditure.csv,2012-13,histogram,line
1.0,0.0,1.0,31,31,0.0,0.3226,0,0,0,0,31,45374.1768,44684.4025,1.1188,110374.49; 5731.4; 31971.81; 62477.23; 32859.57; 6803.28; 75258.55; 41887.1; 17352.48; 27057.77,Revenue_Expenditure.csv,2013-14,histogram,line
1.0,0.0,1.0,31,31,0.0,0.3226,0,0,0,0,31,59846.9294,52983.0223,1.0139,98308.63; 8522.8; 52429.18; 100254.89; 46665.43; 7953.96; 92597.89; 54919.09; 20445.03; 31050.59,Revenue_Expenditure.csv,2014-15 (RE),histogram,line
1.0,0.0,1.0,31,31,0.0,0.4194,0,0,0,0,31,64328.2003,57006.7328,1.0345,97424.78; 9302.43; 51562.85; 91208.11; 53729.81; 9529.02; 101986.68; 61869.62; 23487.69; 34714.08,Revenue_Expenditure.csv,2015-16 (BE),histogram,line
0.0831,0.0053,1.0,31,31,0.0,0.0,0,1,0,0,375,37.4316,7.0691,0.1975,32.0; 28.0; 45.0; 36.0; 52.0; 29.0; 42.0; 31.0; 26.0; 38.0,Salary Data.csv,Age,bar,histogram
0.0054,0.0053,0.0,2,2,4.96,0.0,1,0,0,0,375,0.0,0.0,0.0,Male; Female,Salary Data.csv,Gender,pie,pie
0.008,0.0053,0.0,3,3,8.52,0.0,0,0,0,0,375,0.0,0.0,0.0,Bachelor's; Master's; PhD,Salary Data.csv,Education Level,bar,bar
0.4665,0.0053,0.0,174,50,22.2,0.0,0,0,0,0,375,0.0,0.0,0.0,Software Engineer; Data Analyst; Senior Manager; Sales Associate; Director; Marketing Analyst; Product Manager; Sales Manager; Marketing Coordinator; Senior Scientist,Salary Data.csv,Job Title,none,bar
0.0751,0.0053,1.0,28,28,0.0,0.0,0,0,0,0,375,10.0308,6.557,0.3612,5.0; 3.0; 15.0; 7.0; 20.0; 2.0; 12.0; 4.0; 1.0; 10.0,Salary Data.csv,Years of Experience,bar,histogram
0.0965,0.0053,1.0,36,36,0.0,0.4665,0,1,0,0,375,100577.3458,48240.0135,0.4006,90000.0; 65000.0; 150000.0; 60000.0; 200000.0; 55000.0; 120000.0; 80000.0; 45000.0; 110000.0,Salary Data.csv,Salary,bar,line
0.7333,0.0323,0.0,22,22,0.0,0.0,0,0,0,0,31,0.0,0.0,0.0,b'613'; b'\x96'; b'176'; b'598'; b'472'; b'173'; b'113'; b'134'; b'400'; b'424',Social_Sector_Expenditure.csv,1981-82,none,none
0.7,0.0323,0.0,21,21,0.0,0.0,0,0,0,0,31,0.0,0.0,0.0,b'1073'; b'\x96'; b'339'; b'677'; b'669'; b'242'; b'139'; b'179'; b'525'; b'557',Social_Sector_Expenditure.csv,1983-84,none,none
0.8,0.0323,0.0,24,24,0.0,0.0,0,0,0,0,31,0.0,0.0,0.0,b'1470'; b'\x96'; b'467'; b'1231'; b'1046'; b'369'; b'223'; b'273'; b'1010'; b'918',Social_Sector_Expenditure.csv,1985-86,none,none
1.0,0.0323,1.0,30,30,0.0,0.0,0,1,0,0,31,6493.0,6122.3907,1.2689,14900.0; 742.0; 4452.0; 8663.0; 4295.0; 880.0; 10995.0; 4742.0; 2804.0; 4030.0,Social_Sector_Expenditure.csv,2005-06,histogram,histogram
1.0,0.0323,1.0,30,30,0.0,0.0,0,1,0,0,31,7630.8667,7295.7928,1.2514,18654.0; 843.0; 5220.0; 11127.0; 5707.0; 1010.0; 13104.0; 5605.0; 3334.0; 4348.0,Social_Sector_Expenditure.csv,2006-07,histogram,histogram
1.0,0.0323,1.0,30,30,0.0,0.0,0,1,0,0,31,9124.8667,8587.567,1.1048,24471.0; 953.0; 6056.0; 13815.0; 6947.0; 1124.0; 14893.0; 7343.0; 3736.0; 5108.0,Social_Sector_Expenditure.csv,2007-08,histogram,histogram
1.0,0.0323,1.0,30,30,0.0,0.0,0,1,0,0,31,11384.6667,10945.4301,1.1735,31440.0; 1280.0; 6760.0; 16340.0; 8870.0; 1460.0; 18180.0; 9810.0; 4570.0; 5610.0,Social_Sector_Expenditure.csv,2008-09,histogram,histogram
1.0,0.0323,1.0,30,30,0.0,0.0,0,1,0,0,31,13494.3333,13009.5113,1.254,30280.0; 1770.0; 9160.0; 17870.0; 11680.0; 1790.0; 23170.0; 13360.0; 4910.0; 6900.0,Social_Sector_Expenditure.csv,2009-10,histogram,histogram
1.0,0.0323,1.0,30,30,0.0,0.0,0,1,0,0,31,15476.3333,14972.6036,1.1555,39130.0; 1570.0; 10240.0; 19370.0; 11820.0; 2090.0; 28590.0; 13640.0; 6020.0; 7430.0,Social_Sector_Expenditure.csv,2010-11,histogram,histogram
1.0,0.0323,1.0,30,30,0.0,0.0,0,1,0,0,31,17950.6667,17280.0728,1.1351,45400.0; 2160.0; 11190.0; 24050.0; 14810.0; 2300.0; 30350.0; 16270.0; 6000.0; 8740.0,Social_Sector_Expenditure.csv,2011-12,histogram,histogram
1.0,0.0323,1.0,30,30,0.0,0.0,0,1,0,0,31,20631.3333,19828.2527,1.0528,49440.0; 1940.0; 12300.0; 30740.0; 16970.0; 2500.0; 38060.0; 18990.0; 7100.0; 9120.0,Social_Sector_Expenditure.csv,2012-13,histogram,histogram
1.0,0.0,1.0,31,31,0.0,0.3871,0,1,0,0,31,22468.0645,22423.2569,1.0758,53740; 2550; 14510; 34920; 21050; 2920; 41880; 18100; 7890; 9810,Social_Sector_Expenditure.csv,2013-14,histogram,line
1.0,0.0,1.0,31,31,0.0,0.3871,0,1,0,0,31,32330.0,28543.3987,0.9077,46150; 4150; 28280; 67080; 30350; 3800; 51980; 26670; 9560; 13540,Social_Sector_Expenditure.csv,2014-15,histogram,line
1.0,0.0,1.0,31,31,0.0,0.2903,0,1,0,0,31,34670.3226,30915.5138,1.0032,52450; 4060; 27810; 56140; 37350; 4680; 57900; 30790; 11320; 14200,Social_Sector_Expenditure.csv,2015-16 (RE),histogram,histogram
1.0,0.0,1.0,139,50,0.0,0.0,0,1,1,1,139,70.0,40.2699,0.0,1; 2; 3; 4; 5; 6; 7; 8; 9; 10,Travel details dataset.csv,Trip ID,none,none
0.4307,0.0144,0.0,59,50,10.76,0.0,0,0,0,0,139,0.0,0.0,0.0,"London, UK; Phuket, Thailand; Bali, Indonesia; New York, USA; Tokyo, Japan; Paris, France; Sydney, Australia; Rio de Janeiro, Brazil; Amsterdam, Netherlands; Dubai, United Arab Emirates",Travel details dataset.csv,Destination,none,bar
0.8102,0.0144,0.0,111,50,8.77,1.0,0,0,0,0,139,0.0,0.0,0.0,5/1/2023; 6/15/2023; 7/1/2023; 8/15/2023; 9/10/2023; 10/5/2023; 11/20/2023; 1/5/2024; 2/14/2024; 3/10/2024,Travel details dataset.csv,Start date,line,none
0.9124,0.0144,0.0,125,50,9.03,1.0,0,0,0,0,139,0.0,0.0,0.0,5/8/2023; 6/20/2023; 7/8/2023; 8/29/2023; 9/17/2023; 10/10/2023; 11/30/2023; 1/12/2024; 2/21/2024; 3/17/2024,Travel details dataset.csv,End date,line,none
0.0657,0.0144,1.0,9,9,0.0,0.0,0,1,0,0,139,7.6058,1.6013,0.9827,7.0; 5.0; 14.0; 10.0; 8.0; 9.0; 6.0; 13.0; 11.0,Travel details dataset.csv,Duration (days),bar,bar
0.7956,0.0144,0.0,109,50,11.01,0.0,0,0,0,0,139,0.0,0.0,0.0,John Smith; Jane Doe; David Lee; Sarah Johnson; Kim Nguyen; Michael Brown; Emily Davis; Lucas Santos; Laura Janssen; Mohammed Ali,Travel details dataset.csv,Traveler name,none,none
0.2117,0.0144,1.0,29,29,0.0,0.0,0,1,0,0,139,33.1752,7.1454,0.9712,35.0; 28.0; 45.0; 29.0; 26.0; 42.0; 33.0; 25.0; 31.0; 39.0,Travel details dataset.csv,Traveler age,bar,histogram
0.0146,0.0144,0.0,2,2,5.02,0.0,1,0,0,0,139,0.0,0.0,0.0,Male; Female,Travel details dataset.csv,Traveler gender,pie,pie
0.2993,0.0144,0.0,41,41,7.75,0.0,0,0,0,0,139,0.0,0.0,0.0,American; Canadian; Korean; British; Vietnamese; Australian; Brazilian; Dutch; Emirati; Mexican,Travel details dataset.csv,Traveler nationality,none,bar
0.0584,0.0144,0.0,8,8,5.74,0.0,0,0,0,0,139,0.0,0.0,0.0,Hotel; Resort; Villa; Airbnb; Hostel; Riad; Vacation rental; Guesthouse,Travel details dataset.csv,Accommodation type,bar,bar
0.3869,0.0144,0.0,53,50,4.8,0.3139,0,0,0,0,139,0.0,0.0,0.0,1200; 800; 1000; 2000; 700; 1500; 500; 900; 2500; 3000,Travel details dataset.csv,Accommodation cost,none,line
0.0662,0.0216,0.0,9,9,5.56,0.0,0,0,0,0,139,0.0,0.0,0.0,Flight; Train; Plane; Bus; Car rental; Subway; Car; Ferry; Airplane,Travel details dataset.csv,Transportation type,bar,bar
0.3529,0.0216,0.0,48,48,4.42,0.1471,0,0,0,0,139,0.0,0.0,0.0,600; 500; 700; 1000; 200; 800; 1200; 100; 400; 150,Travel details dataset.csv,Transportation cost,none,bar
1.0,0.0,1.0,17737,50,0.0,0.491,0,1,1,0,17737,8868.0,5120.3752,0.0,0; 1; 2; 3; 4; 5; 6; 7; 8; 9,all_players.csv,,line,line
0.9111,0.0,1.0,16161,50,0.0,0.5205,0,1,0,0,17737,7432.0336,4914.8882,0.1042,0; 1; 2; 3; 4; 5; 6; 7; 8; 9,all_players.csv,Unnamed: 0,histogram,line
0.0078,0.0,1.0,139,50,0.0,0.493,0,1,0,0,17737,8503.317,5109.9153,0.0842,1; 2; 4; 5; 7; 9; 11; 12; 13; 15,all_players.csv,Rank,bar,line
0.9927,0.0,0.0,17608,50,13.39,0.0,0,0,0,1,17737,0.0,0.0,0.0,Kylian Mbappé; Rodri; Erling Haaland; Jude Bellingham; Vini Jr.; Kevin De Bruyne; Harry Kane; Martin Ødegaard; Gianluigi Donnarumma; Alisson,all_players.csv,Name,none,none
0.0025,0.0,1.0,45,45,0.0,0.0,0,1,0,0,17737,66.7962,7.031,0.0981,91; 90; 89; 88; 87; 86; 85; 84; 83; 82,all_players.csv,OVR,bar,histogram
0.0039,0.0,1.0,69,50,0.0,0.0,0,1,0,0,17737,68.2379,10.5878,-0.4767,97; 66; 88; 80; 95; 67; 65; 70; 90; 86,all_players.csv,PAC,bar,histogram
0.0041,0.0,1.0,73,50,0.0,0.0,0,1,0,0,17737,54.8462,13.8587,-0.4156,90; 80; 92; 87; 84; 93; 82; 85; 89; 88,all_players.csv,SHO,bar,histogram
0.0038,0.0,1.0,68,50,0.0,0.0,0,1,0,0,17737,59.1525,9.8267,-0.1748,80; 86; 70; 83; 81; 94; 84; 89; 73; 85,all_players.csv,PAS,bar,histogram
0.0036,0.0,1.0,64,50,0.0,0.0,0,1,0,0,17737,64.2057,9.3592,-0.4381,92; 84; 81; 88; 91; 87; 83; 89; 90; 71,all_players.csv,DRI,bar,histogram
0.0043,0.0,1.0,76,50,0.0,0.0,0,1,0,0,17737,51.2225,16.4779,-0.2878,36; 87; 45; 78; 29; 65; 49; 67; 52; 56,all_players.csv,DEF,bar,histogram
0.0034,0.0,1.0,60,50,0.0,0.0,0,1,0,0,17737,65.4206,9.4684,-0.4191,78; 85; 88; 83; 69; 82; 66; 87; 90; 86,all_players.csv,PHY,bar,histogram
0.0047,0.0,1.0,83,50,0.0,0.0,0,1,0,0,17737,64.8143,15.4054,-0.9339,97; 65; 80; 81; 95; 67; 64; 72; 50; 60,all_players.csv,Acceleration,bar,histogram
0.0047,0.0,1.0,83,50,0.0,0.0,0,1,0,0,17737,64.8713,15.1739,-0.9303,97; 66; 94; 80; 95; 67; 69; 55; 49; 52,all_players.csv,Sprint Speed,bar,histogram
0.0052,0.0,1.0,93,50,0.0,0.0,0,1,0,0,17737,51.5733,20.2647,-0.8468,93; 76; 96; 91; 87; 88; 94; 84; 14; 13,all_players.csv,Positioning,bar,histogram
0.0053,0.0,1.0,94,50,0.0,0.0,0,1,0,0,17737,47.4278,20.226,-0.4443,94; 74; 96; 90; 89; 84; 95; 83; 12; 13,all_players.csv,Finishing,bar,histogram
0.0042,0.0,1.0,75,50,0.0,0.0,0,1,0,0,17737,58.4098,12.833,-0.235,90; 92; 94; 85; 81; 82; 55; 64; 57; 87,all_players.csv,Shot Power,bar,histogram
0.0048,0.0,1.0,86,50,0.0,0.0,0,1,0,0,17737,47.6007,19.7487,-0.5196,83; 89; 86; 90; 84; 18; 14; 17; 80; 64,all_players.csv,Long Shots,bar,histogram
0.005,0.0,1.0,88,50,0.0,0.0,0,1,0,0,17737,42.9771,17.9613,-0.2259,84; 71; 90; 77; 73; 83; 89; 79; 8; 20,all_players.csv,Volleys,bar,histogram
0.0047,0.0,1.0,83,50,0.0,0.0,0,1,0,0,17737,48.1154,15.8533,-0.3877,84; 62; 90; 74; 71; 83; 93; 68; 24; 23,all_players.csv,Penalties,bar,histogram
0.0045,0.0,1.0,80,50,0.0,0.0,0,1,0,0,17737,55.3304,13.6472,-0.3486,83; 84; 74; 90; 85; 95; 86; 91; 60; 66,all_players.csv,Vision,bar,histogram
0.0049,0.0,1.0,87,50,0.0,0.0,0,1,0,0,17737,50.024,18.192,-0.6672,78; 76; 58; 66; 81; 95; 80; 86; 12; 17,all_players.csv,Crossing,bar,histogram
0.0049,0.0,1.0,87,50,0.0,0.0,0,1,0,0,17737,43.4008,17.1555,-0.069,69; 64; 62; 68; 83; 85; 14; 18; 20; 65,all_players.csv,Free Kick Accuracy,bar,histogram
0.0046,0.0,1.0,82,50,0.0,0.0,0,1,0,0,17737,60.3085,14.6855,-1.1754,86; 93; 77; 89; 83; 94; 91; 36; 60; 33,all_players.csv,Short Passing,bar,histogram
0.0047,0.0,1.0,83,50,0.0,0.0,0,1,0,0,17737,54.7992,14.7365,-0.6886,71; 91; 66; 89; 77; 93; 88; 34; 58; 35,all_players.csv,Long Passing,bar,histogram
0.0049,0.0,1.0,87,50,0.0,0.0,0,1,0,0,17737,48.547,18.2316,-0.4211,80; 86; 77; 73; 79; 93; 82; 84; 12; 19,all_players.csv,Curve,bar,histogram
0.0051,0.0,1.0,90,50,0.0,0.0,0,1,0,0,17737,56.853,19.0406,-1.2507,93; 84; 79; 89; 86; 82; 28; 27; 13; 85,all_players.csv,Dribbling,bar,histogram
0.0043,0.0,1.0,77,50,0.0,0.0,0,1,0,0,17737,63.7299,15.0285,-0.6755,93; 66; 77; 82; 94; 75; 85; 57; 40; 63,all_players.csv,Agility,bar,histogram
0.0043,0.0,1.0,76,50,0.0,0.0,0,1,0,0,17737,64.1744,14.5386,-0.6415,82; 67; 69; 79; 84; 78; 73; 83; 38; 37,all_players.csv,Balance,bar,histogram
0.0037,0.0,1.0,65,50,0.0,0.0,0,1,0,0,17737,63.0115,9.0216,-0.116,93; 94; 91; 86; 92; 84; 87; 88; 85; 90,all_players.csv,Reactions,bar,histogram
0.0047,0.0,1.0,84,50,0.0,0.0,0,1,0,0,17737,59.7758,17.1158,-1.4099,92; 90; 83; 89; 87; 91; 30; 42; 23; 77,all_players.csv,Ball Control,bar,histogram
0.0045,0.0,1.0,79,50,0.0,0.0,0,1,0,0,17737,58.7664,12.4412,-0.595,88; 94; 87; 83; 92; 65; 66; 90; 70; 86,all_players.csv,Composure,bar,histogram
0.0048,0.0,1.0,85,50,0.0,0.0,0,1,0,0,17737,47.9528,21.0374,-0.4104,38; 84; 43; 82; 26; 66; 42; 69; 11; 15,all_players.csv,Interceptions,bar,histogram
0.005,0.0,1.0,89,50,0.0,0.0,0,1,0,0,17737,52.3764,17.6876,-0.8981,73; 81; 83; 75; 50; 55; 91; 12; 29; 13,all_players.csv,Heading Accuracy,bar,histogram
0.005,0.0,1.0,88,50,0.0,0.0,0,1,0,0,17737,47.526,20.7331,-0.4137,26; 92; 38; 77; 32; 66; 46; 68; 21; 15,all_players.csv,Def Awareness,bar,histogram
0.0047,0.0,1.0,84,50,0.0,0.0,0,1,0,0,17737,49.5796,21.2267,-0.4887,34; 87; 47; 79; 25; 70; 46; 72; 14; 19,all_players.csv,Standing Tackle,bar,histogram
0.0046,0.0,1.0,82,50,0.0,0.0,0,1,0,0,17737,47.0783,20.6539,-0.4046,32; 82; 29; 77; 18; 53; 38; 57; 16; 44,all_players.csv,Sliding Tackle,bar,histogram
0.0039,0.0,1.0,69,50,0.0,0.0,0,1,0,0,17737,66.4704,11.8375,-0.4067,88; 83; 92; 84; 74; 71; 87; 66; 73; 82,all_players.csv,Jumping,bar,histogram
0.0046,0.0,1.0,81,50,0.0,0.0,0,1,0,0,17737,63.4442,16.4817,-1.0076,88; 91; 76; 93; 84; 75; 41; 32; 38; 83,all_players.csv,Stamina,bar,histogram
0.0039,0.0,1.0,70,50,0.0,0.0,0,1,0,0,17737,65.3303,12.4217,-0.427,77; 83; 93; 65; 75; 86; 56; 78; 70; 85,all_players.csv,Strength,bar,histogram
0.0048,0.0,1.0,85,50,0.0,0.0,0,1,0,0,17737,56.401,16.8216,-0.6132,64; 85; 88; 58; 75; 80; 30; 27; 23; 87,all_players.csv,Aggression,bar,histogram
0.0007,0.0,0.0,12,12,2.14,0.0,0,0,0,0,17737,0.0,0.0,0.0,ST; CDM; CAM; LW; CM; GK; CB; RW; LB; LM,all_players.csv,Position,bar,bar
0.0003,0.0,1.0,5,5,0.0,0.0,0,1,0,0,17737,2.9472,0.6786,0.2587,4; 3; 5; 2,all_players.csv,Weak foot,bar,bar
0.0003,0.0,1.0,5,5,0.0,0.0,0,1,0,0,17737,2.4092,0.7937,0.1481,5; 3; 4; 1; 2,all_players.csv,Skill moves,bar,bar
0.0001,0.0,0.0,2,2,4.77,0.0,1,0,0,0,17737,0.0,0.0,0.0,Right; Left,all_players.csv,Preferred foot,pie,pie
0.0032,0.0,0.0,56,50,12.23,0.0,0,0,0,0,17737,0.0,0.0,0.0,"182cm / 6'0""; 191cm / 6'3""; 195cm / 6'5""; 186cm / 6'1""; 176cm / 5'9""; 181cm / 5'11""; 188cm / 6'2""; 178cm / 5'10""; 196cm / 6'5""; 193cm / 6'4""",all_players.csv,Height,bar,bar
0.0034,0.0,0.0,60,50,12.0,0.0,0,0,0,0,17737,0.0,0.0,0.0,75kg / 165lb; 82kg / 181lb; 94kg / 207lb; 73kg / 161lb; 86kg / 190lb; 68kg / 150lb; 90kg / 198lb; 91kg / 201lb; 96kg / 212lb; 72kg / 159lb,all_players.csv,Weight,bar,bar
0.022,0.4487,0.0,215,50,4.05,0.0,0,0,0,0,17737,0.0,0.0,0.0,"LW; CM; ST, LM; CAM; RM; LW, CAM, RM; ST, CAM, RM; RW; LM; LM, CM",all_players.csv,Alternative positions,bar,bar
0.0016,0.0,1.0,28,28,0.0,0.0,0,1,0,0,17737,25.7442,4.6401,0.4341,25; 28; 24; 21; 33; 31; 32; 27; 37; 36,all_players.csv,Age,bar,histogram
0.0087,0.0,0.0,154,50,7.77,0.0,0,0,0,0,17737,0.0,0.0,0.0,France; Spain; Norway; England; Brazil; Belgium; Italy; Argentina; Holland; Germany,all_players.csv,Nation,bar,bar
0.0032,0.0,0.0,57,50,11.75,0.0,0,0,0,0,17737,0.0,0.0,0.0,LALIGA EA SPORTS; Premier League; Bundesliga; Ligue 1 McDonald's; Serie A Enilive; MLS; ROSHN Saudi League; Liga Portugal; Libertadores; Serie BKT,all_players.csv,League,bar,bar
0.0386,0.0,0.0,685,50,10.99,0.0,0,0,0,0,17737,0.0,0.0,0.0,Real Madrid; Manchester City; FC Bayern München; Arsenal; Paris SG; Liverpool; Lombardia FC; FC Barcelona; Inter Miami CF; Atlético de Madrid,all_players.csv,Team,bar,bar
0.2081,0.5354,0.0,1715,50,20.56,0.0,0,0,0,0,17737,0.0,0.0,0.0,"Quick Step+, Acrobatic, Finesse Shot, Flair, Rapid, Trivela; Tiki Taka+, Aerial, Bruiser, Long Ball Pass, Power Shot, Press Proven; Acrobatic+, Bruiser, Power Header, Power Shot, Press Proven; Relentless+, Flair, Intercept, Slide Tackle, Technical; Quick Step+, Chip Shot, Finesse Shot, First Touch, Flair, Rapid, Trivela; Incisive Pass+, Dead Ball, Long Ball Pass, Pinged Pass, Trivela, Whipped Pass...",all_players.csv,play style,none,bar
1.0,0.0,0.0,17737,50,81.33,0.0,0,0,0,1,17737,0.0,0.0,0.0,https://www.ea.com/games/ea-sports-fc/ratings/player-ratings/kylian-mbappe/231747; https://www.ea.com/games/ea-sports-fc/ratings/player-ratings/rodri/231866; https://www.ea.com/games/ea-sports-fc/ratings/player-ratings/erling-haaland/239085; https://www.ea.com/games/ea-sports-fc/ratings/player-ratings/jude-bellingham/252371; https://www.ea.com/games/ea-sports-fc/ratings/player-ratings/vini-jr/2387...,all_players.csv,url,none,none
0.022,0.8873,1.0,44,44,0.0,0.0,0,1,0,0,17737,65.8829,7.542,0.1294,90.0; 86.0; 85.0; 87.0; 84.0; 83.0; 81.0; 82.0; 79.0; 80.0,all_players.csv,GK Diving,bar,histogram
0.022,0.8873,1.0,44,44,0.0,0.0,0,1,0,0,17737,63.9145,7.254,0.2217,84.0; 85.0; 89.0; 82.0; 90.0; 86.0; 83.0; 81.0; 80.0; 78.0,all_players.csv,GK Handling,bar,histogram
0.024,0.8873,1.0,48,48,0.0,0.0,0,1,0,0,17737,63.0215,7.614,0.3476,73.0; 85.0; 76.0; 89.0; 91.0; 78.0; 83.0; 90.0; 72.0; 77.0,all_players.csv,GK Kicking,bar,histogram
0.025,0.8873,1.0,50,50,0.0,0.0,0,1,0,0,17737,64.3932,8.2962,0.0894,87.0; 90.0; 88.0; 86.0; 84.0; 85.0; 83.0; 82.0; 79.0; 80.0,all_players.csv,GK Positioning,bar,histogram
0.0235,0.8873,1.0,47,47,0.0,0.0,0,1,0,0,17737,66.7454,7.9225,0.1556,90.0; 89.0; 91.0; 87.0; 88.0; 86.0; 83.0; 85.0; 82.0; 81.0,all_players.csv,GK Reflexes,bar,histogram
1.0,0.0,0.0,189500,50,14.0,0.0,0,0,0,1,189500,0.0,0.0,0.0,VRPJ892P3M98RA; ZWCH834I6M26HS; YRLD835V6L82GO; ZZBX143N6N83HQ; EWEG491A2W45DR; KTGG277R2I90ZB; VSJU956Z4T24LI; HBMD368H3K77KW; SQHG432Q6Z10BR; EHWL093H6L20UL,dfTransjakarta180kRows.csv,transID,none,none
0.0528,0.0,1.0,10000,50,0.0,0.0,0,1,0,0,189500,3.941664209489765e+17,1.2720126667381174e+18,2.9547,3561407960318444; 347728053419394; 377105453850671; 4486493302356581; 30139379978125; 30394281967910; 4974829151599657; 3532177104809428; 3537522260639116; 4677151756111287186,dfTransjakarta180kRows.csv,payCardID,bar,histogram
0.0,0.0,0.0,6,6,4.16,0.0,0,0,0,0,189500,0.0,0.0,0.0,dki; emoney; bni; brizzi; flazz; online,dfTransjakarta180kRows.csv,payCardBank,bar,bar
0.052,0.0,0.0,9849,50,17.22,0.0,0,0,0,0,189500,0.0,0.0,0.0,"Dr. Janet Nashiruddin, M.Ak; Balamantri Rahayu; Dian Mustofa; Cut Janet Suryatmi, M.Ak; dr. Mulyanto Pudjiastuti, M.Ak; Dasa Prakasa, S.I.Kom; Elvina Hasanah; Perkasa Prakasa, M.Pd; Ayu Wahyudin; H. Xanana Santoso, S.Farm",dfTransjakarta180kRows.csv,payCardName,bar,bar
0.0,0.0,0.0,2,2,1.0,0.0,1,0,0,0,189500,0.0,0.0,0.0,M; F,dfTransjakarta180kRows.csv,payCardSex,pie,pie
0.0004,0.0,1.0,67,50,0.0,1.0,0,1,0,0,189500,1990.1584,13.4533,-0.4757,2010; 2002; 1993; 1980; 1997; 1966; 2011; 2009; 2007; 1983,dfTransjakarta180kRows.csv,payCardBirthDate,line,line
0.0012,0.0368,0.0,221,50,3.71,0.1955,0,0,0,0,189500,0.0,0.0,0.0,4; JAK.28; B13; 8K; JAK.117; 9F; JAK.31; JAK.37; JAK.15; JAK.110A,dfTransjakarta180kRows.csv,corridorID,bar,bar
0.0012,0.0714,0.0,216,50,26.05,0.0,0,0,0,0,189500,0.0,0.0,0.0,Pulo Gadung 2 - Tosari; Kp. Rambutan - Taman Wiladatika; Bekasi Barat - Blok M; Batusari - Grogol; Tanjung Priok - Tanah Merdeka; Rusun Tambora - Pluit; Blok M - Andara; Cililitan - Condet via Kayu Manis; Bulak Turi - Tanjung Priok; Rusun Marunda - Terminal Terpadu Pulo Gebang,dfTransjakarta180kRows.csv,corridorName,bar,bar
0.0,0.0,1.0,2,2,0.0,0.0,1,1,0,0,189500,0.5003,0.5,-0.0011,1.0; 0.0,dfTransjakarta180kRows.csv,direction,bar,pie
0.0288,0.0382,0.0,5250,50,6.72,0.0,0,0,0,0,189500,0.0,0.0,0.0,P00167; B04633P; B02192P; B03637P; B04272P; P00090; B00042P; B05218P; B01327P; B04369P,dfTransjakarta180kRows.csv,tapInStops,bar,bar
0.0278,0.0,0.0,5277,50,16.83,0.0,0,0,0,0,189500,0.0,0.0,0.0,Pemuda Rawamangun; Sekolah Islam PB Soedirman; Mall Metropolitan; Sbr. Jln. Angsana Kemanggisan; BRI Menteng; Sbr. RPTRA Radar Pembangunan; Jembatan Dua; Andara Margasatwa 1; Simpang Waru Tengah; Jln. Lorong 5,dfTransjakarta180kRows.csv,tapInStopsName,bar,bar
0.0275,0.0,1.0,5220,50,0.0,0.0,0,0,0,0,189500,-6.2136,0.0583,-0.2886,-6.193488; -6.314293; -6.247861; -6.194813; -6.186792; -6.120126; -6.143279; -6.313471; -6.293301; -6.107716,dfTransjakarta180kRows.csv,tapInStopsLat,bar,histogram
0.025,0.0,1.0,4735,50,0.0,0.0,0,0,0,0,189500,106.8414,0.0607,-0.1411,106.89165; 106.86298; 106.99215; 106.78213; 106.83514; 106.89638; 106.79352; 106.80369; 106.85862; 106.8955,dfTransjakarta180kRows.csv,tapInStopsLon,bar,histogram
0.0004,0.0,1.0,75,50,0.0,0.0,0,1,0,0,189500,13.3951,12.1448,1.2606,12; 27; 6; 16; 2; 17; 5; 55; 10; 46,dfTransjakarta180kRows.csv,stopStartSeq,bar,histogram
0.8989,0.0,0.0,170337,50,19.0,1.0,0,0,0,0,189500,0.0,0.0,0.0,2023-04-03 06:53:02; 2023-04-03 05:59:19; 2023-04-03 05:13:24; 2023-04-03 05:20:24; 2023-04-03 06:00:54; 2023-04-03 05:06:00; 2023-04-03 06:21:07; 2023-04-03 06:34:03; 2023-04-03 05:48:17; 2023-04-03 05:09:13,dfTransjakarta180kRows.csv,tapInTime,line,none
0.0253,0.0653,0.0,4482,50,6.71,0.0,0,0,0,0,189500,0.0,0.0,0.0,P00127; B00865P; B00108P; B02755P; B04818P; P00170; B01147P; B00405P; B05728P; B06217P,dfTransjakarta180kRows.csv,tapOutStops,bar,bar
0.0246,0.0355,0.0,4505,50,16.5,0.0,0,0,0,0,189500,0.0,0.0,0.0,Layur; Jln. Ar Ridho; Bandar Djakarta Bekasi; Yayasan Alkahfi Jakbar; Perpustakaan Nasional; Simpang Gotong Royong 2; Penjaringan; Jln. H. Terin Pangkalan Jati; Gg. Ani Raya Condet; Term. Tj. Priok 1,dfTransjakarta180kRows.csv,tapOutStopsName,bar,bar
0.0244,0.0355,1.0,4463,50,0.0,0.0,0,0,0,0,189500,-6.2134,0.0594,-0.2853,-6.193539; -6.308148; -6.227085; -6.198896; -6.180673; -6.125482; -6.126306; -6.327961; -6.266674; -6.1098,dfTransjakarta180kRows.csv,tapOutStopsLat,bar,histogram
0.0225,0.0355,1.0,4117,50,0.0,0.0,0,0,0,0,189500,106.8408,0.0614,-0.1485,106.89909; 106.86935; 106.99683; 106.76889; 106.82643; 106.89331; 106.79203; 106.80054; 106.86054; 106.88118,dfTransjakarta180kRows.csv,tapOutStopsLon,bar,histogram
0.0004,0.0355,1.0,77,50,0.0,0.0,0,1,0,0,189500,20.9234,13.9324,0.856,13.0; 30.0; 9.0; 26.0; 5.0; 21.0; 7.0; 56.0; 37.0; 52.0,dfTransjakarta180kRows.csv,stopEndSeq,bar,histogram
0.9154,0.0355,0.0,167316,50,19.0,1.0,0,0,0,0,189500,0.0,0.0,0.0,2023-04-03 07:13:28; 2023-04-03 06:57:06; 2023-04-03 06:01:23; 2023-04-03 06:01:25; 2023-04-03 06:47:32; 2023-04-03 05:41:04; 2023-04-03 06:52:58; 2023-04-03 07:32:53; 2023-04-03 06:13:38; 2023-04-03 06:07:24,dfTransjakarta180kRows.csv,tapOutTime,line,none
0.0,0.0196,1.0,3,3,0.0,0.0,0,1,0,0,189500,2673.2218,4136.5962,3.2013,3500.0; 0.0; 20000.0,dfTransjakarta180kRows.csv,payAmount,bar,bar
0.9999,0.0,0.0,66493,50,19.0,1.0,0,0,0,0,66497,0.0,0.0,0.0,2011-12-31 01:00:00; 2011-12-31 02:00:00; 2011-12-31 03:00:00; 2011-12-31 04:00:00; 2011-12-31 05:00:00; 2011-12-31 06:00:00; 2011-12-31 07:00:00; 2011-12-31 08:00:00; 2011-12-31 09:00:00; 2011-12-31 10:00:00,COMED_hourly.csv,Datetime,line,none
0.1577,0.0,1.0,10485,50,0.0,0.0,0,1,0,0,66497,11420.1521,2304.1395,1.1618,9970.0; 9428.0; 9059.0; 8817.0; 8743.0; 8735.0; 8993.0; 9363.0; 9545.0; 9676.0,COMED_hourly.csv,COMED_MW,bar,histogram
1.0,0.0,0.0,121269,50,19.0,1.0,0,0,0,0,121273,0.0,0.0,0.0,2004-12-31 01:00:00; 2004-12-31 02:00:00; 2004-12-31 03:00:00; 2004-12-31 04:00:00; 2004-12-31 05:00:00; 2004-12-31 06:00:00; 2004-12-31 07:00:00; 2004-12-31 08:00:00; 2004-12-31 09:00:00; 2004-12-31 10:00:00,AEP_hourly.csv,Datetime,line,none
0.1043,0.0,1.0,12643,50,0.0,0.0,0,1,0,0,121273,15499.5137,2591.3991,0.379,13478.0; 12865.0; 12577.0; 12517.0; 12670.0; 13038.0; 13692.0; 14297.0; 14719.0; 14941.0,AEP_hourly.csv,AEP_MW,bar,histogram
1.0,0.0,0.0,121271,50,19.0,1.0,0,0,0,0,121275,0.0,0.0,0.0,2004-12-31 01:00:00; 2004-12-31 02:00:00; 2004-12-31 03:00:00; 2004-12-31 04:00:00; 2004-12-31 05:00:00; 2004-12-31 06:00:00; 2004-12-31 07:00:00; 2004-12-31 08:00:00; 2004-12-31 09:00:00; 2004-12-31 10:00:00,DAYTON_hourly.csv,Datetime,line,none
0.0195,0.0,1.0,2361,50,0.0,0.0,0,1,0,0,121275,2037.8511,393.4032,0.5238,1596.0; 1517.0; 1486.0; 1469.0; 1472.0; 1518.0; 1598.0; 1691.0; 1748.0; 1825.0,DAYTON_hourly.csv,DAYTON_MW,bar,histogram
0.9999,0.0,0.0,57735,50,19.0,1.0,0,0,0,0,57739,0.0,0.0,0.0,2012-12-31 01:00:00; 2012-12-31 02:00:00; 2012-12-31 03:00:00; 2012-12-31 04:00:00; 2012-12-31 05:00:00; 2012-12-31 06:00:00; 2012-12-31 07:00:00; 2012-12-31 08:00:00; 2012-12-31 09:00:00; 2012-12-31 10:00:00,DEOK_hourly.csv,Datetime,line,none
0.0553,0.0,1.0,3192,50,0.0,0.0,0,1,0,0,57739,3105.0965,599.859,0.6766,2945.0; 2868.0; 2812.0; 2860.0; 2957.0; 3072.0; 3182.0; 3192.0; 3266.0; 3308.0,DEOK_hourly.csv,DEOK_MW,bar,histogram
0.0002,0.0057,0.0,4,4,4.69,0.0,0,0,0,0,16716,0.0,0.0,0.0,"Non-binary, genderqueer, or gender non-conforming; Female; Male; A different identity",multipleChoiceResponses.csv,GenderSelect,bar,bar
0.0031,0.0072,0.0,52,50,8.94,0.0,0,0,0,0,16716,0.0,0.0,0.0,United States; Canada; Taiwan; Brazil; India; Australia; Russia; Netherlands; Italy; United Kingdom,multipleChoiceResponses.csv,Country,bar,bar
0.0051,0.0198,1.0,84,50,0.0,0.0,0,1,0,0,16716,32.3728,10.4735,1.3235,30.0; 28.0; 56.0; 38.0; 46.0; 35.0; 22.0; 43.0; 33.0; 20.0,multipleChoiceResponses.csv,Age,bar,histogram
0.0004,0.0,0.0,7,7,23.78,0.0,0,0,0,0,16716,0.0,0.0,0.0,"Employed full-time; Not employed, but looking for work; Independent contractor, freelancer, or self-employed; Not employed, and not looking for work; Employed part-time; Retired; I prefer not to say",multipleChoiceResponses.csv,EmploymentStatus,bar,bar
0.0016,0.9234,0.0,2,2,2.77,0.0,1,0,0,0,16716,0.0,0.0,0.0,Yes; No,multipleChoiceResponses.csv,StudentStatus,pie,pie
0.0023,0.9232,0.0,3,3,59.55,0.0,0,0,0,0,16716,0.0,0.0,0.0,"Yes, I'm focused on learning mostly data science skills; Yes, but data science is a small part of what I'm focused on learning; No, I am not focused on learning data science skills",multipleChoiceResponses.csv,LearningDataScience,bar,bar
0.0002,0.2112,0.0,2,2,2.77,0.0,1,0,0,0,16716,0.0,0.0,0.0,Yes; No,multipleChoiceResponses.csv,CodeWriter,pie,pie
0.0007,0.8198,0.0,2,2,2.71,0.0,1,0,0,0,16716,0.0,0.0,0.0,Yes; No,multipleChoiceResponses.csv,CareerSwitcher,pie,pie
0.0014,0.2923,0.0,16,16,16.97,0.0,0,0,0,0,16716,0.0,0.0,0.0,DBA/Database Engineer; Operations Research Practitioner; Computer Scientist; Data Scientist; Software Developer/Software Engineer; Business Analyst; Engineer; Scientist/Researcher; Researcher; Other,multipleChoiceResponses.csv,CurrentJobTitleSelect,bar,bar
0.0003,0.3118,0.0,3,3,5.3,0.0,0,0,0,0,16716,0.0,0.0,0.0,Fine; Poorly; Perfectly,multipleChoiceResponses.csv,TitleFit,bar,bar
0.0078,0.306,0.0,91,50,51.46,0.0,0,0,0,0,16716,0.0,0.0,0.0,"Employed by a company that doesn't perform advanced analytics,Employed by non-profit or NGO; Self-employed; Employed by a company that doesn't perform advanced analytics; Employed by college or university; Employed by government; Employed by professional services/consulting firm; Employed by non-profit or NGO; Employed by professional services/consulting firm,Employed by a company that performs ad...",multipleChoiceResponses.csv,CurrentEmployerType,bar,bar
0.0046,0.3421,0.0,51,50,12.35,0.0,0,0,0,0,16716,0.0,0.0,0.0,SAS Base; Python; Amazon Web services; TensorFlow; Google Cloud Compute; Microsoft Excel Data Mining; C/C++; Other; DataRobot; Amazon Machine Learning,multipleChoiceResponses.csv,MLToolNextYearSelect,bar,bar
0.0023,0.3519,0.0,25,25,16.04,0.0,0,0,0,0,16716,0.0,0.0,0.0,Random Forests; Deep learning; Neural Nets; Text Mining; Genetic & Evolutionary Algorithms; Link Analysis; Rule Induction; Regression; Proprietary Algorithms; I don't plan on learning a new ML/DS method,multipleChoiceResponses.csv,MLMethodNextYearSelect,bar,bar
0.0012,0.3421,0.0,13,13,4.68,0.0,0,0,0,0,16716,0.0,0.0,0.0,F#; Python; R; SQL; Java; Matlab; C/C++/C#; SAS; Stata; Other,multipleChoiceResponses.csv,LanguageRecommendationSelect,bar,bar
0.0106,0.3542,0.0,114,50,78.84,0.0,0,0,0,0,16716,0.0,0.0,0.0,"Dataset aggregator/platform (i.e. Socrata/Kaggle Datasets/data.world/etc.),University/Non-profit research group websites,Other; Dataset aggregator/platform (i.e. Socrata/Kaggle Datasets/data.world/etc.); I collect my own data (e.g. web-scraping); GitHub; Dataset aggregator/platform (i.e. Socrata/Kaggle Datasets/data.world/etc.),I collect my own data (e.g. web-scraping); Dataset aggregator/platform...",multipleChoiceResponses.csv,PublicDatasetsSelect,bar,bar
0.4757,0.3257,0.0,5362,50,68.77,0.0,0,0,0,0,16716,0.0,0.0,0.0,"College/University,Conferences,Podcasts,Trade book; Kaggle; Arxiv,College/University,Kaggle,Online courses,YouTube Videos; Blogs,College/University,Conferences,Friends network,Official documentation,Online courses,Personal Projects; Arxiv,Conferences,Kaggle,Textbook; Kaggle,Online courses,Stack Overflow Q&A,Textbook; Arxiv,Blogs,Kaggle,Personal Projects,Textbook; College/University,Kaggle,Online c...",multipleChoiceResponses.csv,LearningPlatformSelect,none,bar
0.0013,0.857,0.0,3,3,12.72,0.0,0,0,0,0,16716,0.0,0.0,0.0,Very useful; Somewhat useful; Not Useful,multipleChoiceResponses.csv,LearningPlatformUsefulnessArxiv,bar,bar
0.0006,0.7149,0.0,3,3,13.01,0.0,0,0,0,0,16716,0.0,0.0,0.0,Very useful; Somewhat useful; Not Useful,multipleChoiceResponses.csv,LearningPlatformUsefulnessBlogs,bar,bar
0.0009,0.7991,0.0,3,3,12.64,0.0,0,0,0,0,16716,0.0,0.0,0.0,Somewhat useful; Very useful; Not Useful,multipleChoiceResponses.csv,LearningPlatformUsefulnessCollege,bar,bar
0.0031,0.9413,0.0,3,3,13.01,0.0,0,0,0,0,16716,0.0,0.0,0.0,Very useful; Somewhat useful; Not Useful,multipleChoiceResponses.csv,LearningPlatformUsefulnessCompany,bar,bar
0.0014,0.8695,0.0,3,3,13.34,0.0,0,0,0,0,16716,0.0,0.0,0.0,Very useful; Somewhat useful; Not Useful,multipleChoiceResponses.csv,LearningPlatformUsefulnessConferences,bar,bar
0.0019,0.9054,0.0,3,3,12.93,0.0,0,0,0,0,16716,0.0,0.0,0.0,Very useful; Somewhat useful; Not Useful,multipleChoiceResponses.csv,LearningPlatformUsefulnessFriends,bar,bar
0.0005,0.6062,0.0,3,3,12.48,0.0,0,0,0,0,16716,0.0,0.0,0.0,Somewhat useful; Very useful; Not Useful,multipleChoiceResponses.csv,LearningPlatformUsefulnessKaggle,bar,bar
0.0028,0.9349,0.0,3,3,13.47,0.0,0,0,0,0,16716,0.0,0.0,0.0,Very useful; Somewhat useful; Not Useful,multipleChoiceResponses.csv,LearningPlatformUsefulnessNewsletters,bar,bar
0.0026,0.9317,0.0,3,3,12.97,0.0,0,0,0,0,16716,0.0,0.0,0.0,Very useful; Somewhat useful; Not Useful,multipleChoiceResponses.csv,LearningPlatformUsefulnessCommunities,bar,bar
0.0013,0.8612,0.0,3,3,12.82,0.0,0,0,0,0,16716,0.0,0.0,0.0,Very useful; Somewhat useful; Not Useful,multipleChoiceResponses.csv,LearningPlatformUsefulnessDocumentation,bar,bar
0.0005,0.6415,0.0,3,3,12.16,0.0,0,0,0,0,16716,0.0,0.0,0.0,Very useful; Somewhat useful; Not Useful,multipleChoiceResponses.csv,LearningPlatformUsefulnessCourses,bar,bar
0.0006,0.7132,0.0,3,3,11.98,0.0,0,0,0,0,16716,0.0,0.0,0.0,Very useful; Somewhat useful; Not Useful,multipleChoiceResponses.csv,LearningPlatformUsefulnessProjects,bar,bar
0.0025,0.9274,0.0,3,3,13.59,0.0,0,0,0,0,16716,0.0,0.0,0.0,Very useful; Somewhat useful; Not Useful,multipleChoiceResponses.csv,LearningPlatformUsefulnessPodcasts,bar,bar
0.0005,0.6626,0.0,3,3,12.44,0.0,0,0,0,0,16716,0.0,0.0,0.0,Very useful; Somewhat useful; Not Useful,multipleChoiceResponses.csv,LearningPlatformUsefulnessSO,bar,bar
0.0007,0.7499,0.0,3,3,12.7,0.0,0,0,0,0,16716,0.0,0.0,0.0,Somewhat useful; Very useful; Not Useful,multipleChoiceResponses.csv,LearningPlatformUsefulnessTextbook,bar,bar
0.009,0.9801,0.0,3,3,12.92,0.0,0,0,0,0,16716,0.0,0.0,0.0,Somewhat useful; Very useful; Not Useful,multipleChoiceResponses.csv,LearningPlatformUsefulnessTradeBook,bar,none
0.0021,0.9147,0.0,3,3,12.57,0.0,0,0,0,0,16716,0.0,0.0,0.0,Very useful; Somewhat useful; Not Useful,multipleChoiceResponses.csv,LearningPlatformUsefulnessTutoring,bar,bar
0.0006,0.6872,0.0,3,3,12.97,0.0,0,0,0,0,16716,0.0,0.0,0.0,Very useful; Somewhat useful; Not Useful,multipleChoiceResponses.csv,LearningPlatformUsefulnessYouTube,bar,bar
0.1243,0.513,0.0,1012,50,56.32,0.0,0,0,0,0,16716,0.0,0.0,0.0,"Becoming a Data Scientist Podcast,Data Machina Newsletter,O'Reilly Data Newsletter,Partially Derivative Podcast,R Bloggers Blog Aggregator; Becoming a Data Scientist Podcast,Siraj Raval YouTube Channel; FastML Blog,No Free Hunch Blog,Talking Machines Podcast; KDnuggets Blog; Data Machina Newsletter,Jack's Import AI Newsletter,O'Reilly Data Newsletter; Other (Separate different answers with semicol...",multipleChoiceResponses.csv,BlogsPodcastsNewslettersSelect,bar,bar
0.0014,0.7398,0.0,6,6,8.55,0.0,0,0,0,0,16716,0.0,0.0,0.0,1-2 years; < 1 year; 3-5 years; 15+ years; 5-10 years,multipleChoiceResponses.csv,LearningDataScienceTime,bar,bar
0.0008,0.7633,0.0,3,3,10.81,0.0,0,0,0,0,16716,0.0,0.0,0.0,Necessary; Nice to have; Unnecessary,multipleChoiceResponses.csv,JobSkillImportanceBigData,bar,bar
0.0008,0.7662,0.0,3,3,11.04,0.0,0,0,0,0,16716,0.0,0.0,0.0,Nice to have; Unnecessary; Necessary,multipleChoiceResponses.csv,JobSkillImportanceDegree,bar,bar
0.0008,0.7631,0.0,3,3,10.43,0.0,0,0,0,0,16716,0.0,0.0,0.0,Unnecessary; Nice to have; Necessary,multipleChoiceResponses.csv,JobSkillImportanceStats,bar,bar
0.0008,0.779,0.0,3,3,11.28,0.0,0,0,0,0,16716,0.0,0.0,0.0,Nice to have; Unnecessary; Necessary,multipleChoiceResponses.csv,JobSkillImportanceEnterpriseTools,bar,bar
0.0007,0.7589,0.0,3,3,10.04,0.0,0,0,0,0,16716,0.0,0.0,0.0,Unnecessary; Nice to have; Necessary,multipleChoiceResponses.csv,JobSkillImportancePython,bar,bar
0.0008,0.7641,0.0,3,3,10.68,0.0,0,0,0,0,16716,0.0,0.0,0.0,Necessary; Nice to have; Unnecessary,multipleChoiceResponses.csv,JobSkillImportanceR,bar,bar
0.0008,0.7672,0.0,3,3,10.62,0.0,0,0,0,0,16716,0.0,0.0,0.0,Necessary; Unnecessary; Nice to have,multipleChoiceResponses.csv,JobSkillImportanceSQL,bar,bar
0.0008,0.7685,0.0,3,3,11.44,0.0,0,0,0,0,16716,0.0,0.0,0.0,Nice to have; Unnecessary; Necessary,multipleChoiceResponses.csv,JobSkillImportanceKaggleRanking,bar,bar
0.0008,0.7708,0.0,3,3,11.39,0.0,0,0,0,0,16716,0.0,0.0,0.0,Nice to have; Unnecessary; Necessary,multipleChoiceResponses.csv,JobSkillImportanceMOOC,bar,bar
0.0008,0.7687,0.0,3,3,10.58,0.0,0,0,0,0,16716,0.0,0.0,0.0,Nice to have; Necessary; Unnecessary,multipleChoiceResponses.csv,JobSkillImportanceVisualizations,bar,bar
0.0084,0.9786,0.0,3,3,10.23,0.0,0,0,0,0,16716,0.0,0.0,0.0,Nice to have; Unnecessary; Necessary,multipleChoiceResponses.csv,JobSkillImportanceOtherSelect1,bar,none
0.0174,0.9897,0.0,3,3,10.48,0.0,0,0,0,0,16716,0.0,0.0,0.0,Nice to have; Unnecessary; Necessary,multipleChoiceResponses.csv,JobSkillImportanceOtherSelect2,bar,none
0.0265,0.9932,0.0,3,3,10.93,0.0,0,0,0,0,16716,0.0,0.0,0.0,Nice to have; Unnecessary; Necessary,multipleChoiceResponses.csv,JobSkillImportanceOtherSelect3,bar,none
0.0131,0.8626,0.0,30,30,13.23,0.0,0,0,0,0,16716,0.0,0.0,0.0,"Coursera,edX; Coursera; Coursera,DataCamp,edX; Other; Coursera,edX,Udacity; Coursera,Udacity; Coursera,DataCamp; DataCamp,Udacity,Other; Coursera,DataCamp,edX,Udacity,Other; edX",multipleChoiceResponses.csv,CoursePlatformSelect,bar,bar
0.0226,0.7484,0.0,95,50,37.59,0.0,0,0,0,0,16716,0.0,0.0,0.0,"Basic laptop (Macbook); Basic laptop (Macbook),Gaming Laptop (Laptop + CUDA capable GPU); Laptop or Workstation and local IT supported servers; Basic laptop (Macbook),Traditional Workstation; Gaming Laptop (Laptop + CUDA capable GPU),Traditional Workstation; GPU accelerated Workstation; Gaming Laptop (Laptop + CUDA capable GPU); Basic laptop (Macbook),GPU accelerated Workstation,Laptop + Cloud ser...",multipleChoiceResponses.csv,HardwarePersonalProjectsSelect,bar,bar
0.001,0.759,0.0,4,4,11.44,0.583,0,0,0,0,16716,0.0,0.0,0.0,2 - 10 hours; 0 - 1 hour; 11 - 39 hours; 40+,multipleChoiceResponses.csv,TimeSpentStudying,bar,line
0.0017,0.7511,0.0,7,7,27.47,0.0,0,0,0,0,16716,0.0,0.0,0.0,Master's degree; Github Portfolio; Kaggle Competitions; Online Courses and Certifications; PhD; Experience from work in a company related to ML; Other,multipleChoiceResponses.csv,ProveKnowledgeSelect,bar,bar
0.0002,0.242,0.0,3,3,7.23,0.0,0,0,0,0,16716,0.0,0.0,0.0,Yes; No; Sort of (Explain more),multipleChoiceResponses.csv,DataScienceIdentitySelect,bar,bar
0.0005,0.1018,0.0,7,7,19.12,0.0,0,0,0,0,16716,0.0,0.0,0.0,Bachelor's degree; Master's degree; Doctoral degree; Some college/university study without earning a bachelor's degree; I did not complete any formal education past high school; Professional degree; I prefer not to answer,multipleChoiceResponses.csv,FormalEducation,bar,bar
0.0011,0.2055,0.0,15,15,21.14,0.0,0,0,0,0,16716,0.0,0.0,0.0,"Management information systems; Computer Science; Engineering (non-computer focused); Mathematics or statistics; Electrical Engineering; Other; Biology; Physics; Information technology, networking, or system administration; A social science",multipleChoiceResponses.csv,MajorSelect,bar,bar
0.0004,0.1905,0.0,6,6,14.76,0.0,0,0,0,0,16716,0.0,0.0,0.0,More than 10 years; Less than a year; 3 to 5 years; 6 to 10 years; 1 to 2 years; I don't write code to analyze data,multipleChoiceResponses.csv,Tenure,bar,bar
0.1307,0.151,0.0,1855,50,38.86,0.0,0,0,0,0,16716,0.0,0.0,0.0,"Predictive Modeler,Programmer,Researcher; Software Developer/Software Engineer; Data Scientist,Machine Learning Engineer; Business Analyst,Operations Research Practitioner,Predictive Modeler,Programmer,Other; Computer Scientist,Data Analyst,Data Miner,Data Scientist,Engineer,Machine Learning Engineer,Predictive Modeler,Programmer,Researcher,Software Developer/Software Engineer; Data Analyst,Engine...",multipleChoiceResponses.csv,PastJobTitlesSelect,bar,bar
0.0004,0.1199,0.0,6,6,24.05,0.0,0,0,0,0,16716,0.0,0.0,0.0,"University courses; Online courses (coursera, udemy, edx, etc.); Work; Self-taught; Kaggle competitions; Other",multipleChoiceResponses.csv,FirstTrainingSelect,bar,bar
0.0062,0.2158,1.0,81,50,0.0,0.0,0,0,0,0,16716,33.3668,25.7872,0.8037,0.0; 10.0; 20.0; 30.0; 60.0; 45.0; 40.0; 70.0; 50.0; 55.0,multipleChoiceResponses.csv,LearningCategorySelftTaught,bar,histogram
0.0049,0.2148,1.0,64,50,0.0,0.0,0,0,0,0,16716,27.3755,26.8608,1.001,0.0; 30.0; 50.0; 5.0; 25.0; 40.0; 70.0; 20.0; 60.0; 15.0,multipleChoiceResponses.csv,LearningCategoryOnlineCourses,bar,histogram
0.0047,0.2157,1.0,61,50,0.0,0.0,0,0,0,0,16716,15.2176,18.9968,1.5084,100.0; 0.0; 40.0; 5.0; 20.0; 30.0; 15.0; 10.0; 25.0; 35.0,multipleChoiceResponses.csv,LearningCategoryWork,bar,histogram
0.0047,0.215,1.0,62,50,0.0,0.0,0,0,0,0,16716,16.9886,23.6769,1.5097,0.0; 30.0; 50.0; 40.0; 10.0; 80.0; 5.0; 20.0; 2.0; 15.0,multipleChoiceResponses.csv,LearningCategoryUniversity,bar,histogram
0.0035,0.2148,1.0,46,46,0.0,0.0,0,0,0,0,16716,5.5314,11.0727,3.2718,0.0; 30.0; 10.0; 5.0; 50.0; 20.0; 25.0; 15.0; 1.0; 70.0,multipleChoiceResponses.csv,LearningCategoryKaggle,bar,histogram
0.0032,0.2167,1.0,42,42,0.0,0.0,0,0,0,0,16716,1.7959,9.3579,7.201,0.0; 20.0; 25.0; 30.0; 10.0; 15.0; 100.0; 40.0,multipleChoiceResponses.csv,LearningCategoryOther,bar,histogram
0.0813,0.2371,0.0,1037,50,70.11,0.0,0,0,0,0,16716,0.0,0.0,0.0,"Computer Vision,Natural Language Processing,Supervised Machine Learning (Tabular Data),Time Series; Computer Vision,Supervised Machine Learning (Tabular Data),Unsupervised Learning; Adversarial Learning,Computer Vision,Natural Language Processing; Recommendation Engines,Reinforcement learning,Supervised Machine Learning (Tabular Data),Survival Analysis,Time Series,Unsupervised Learning; Computer V...",multipleChoiceResponses.csv,MLSkillsSelect,bar,bar
0.1431,0.2472,0.0,1801,50,103.44,0.0,0,0,0,0,16716,0.0,0.0,0.0,"Evolutionary Approaches,Neural Networks - GANs,Neural Networks - RNNs; Bayesian Techniques,Decision Trees - Gradient Boosted Machines,Decision Trees - Random Forests,Logistic Regression,Neural Networks - CNNs,Support Vector Machines (SVMs); Decision Trees - Random Forests,Ensemble Methods,Neural Networks - CNNs,Support Vector Machines (SVMs); Bayesian Techniques,Decision Trees - Gradient Boosted M...",multipleChoiceResponses.csv,MLTechniquesSelect,bar,bar
0.0008,0.2422,0.0,10,10,20.63,0.0,0,0,0,0,16716,0.0,0.0,0.0,"A doctoral degree; A bachelor's degree; High school; Primary/elementary school; A master's degree; Some college/university study, no bachelor's degree; A professional degree; I prefer not to answer; I don't know/not sure; No education",multipleChoiceResponses.csv,ParentsEducation,bar,bar
0.0015,0.3571,0.0,16,16,10.5,0.0,0,0,0,0,16716,0.0,0.0,0.0,Internet-based; Mix of fields; Technology; Academic; Government; Non-profit; Financial; Retail; Telecommunications; Other,multipleChoiceResponses.csv,EmployerIndustry,bar,bar
0.0013,0.5351,0.0,10,10,21.23,0.0,0,0,0,0,16716,0.0,0.0,0.0,"100 to 499 employees; 5,000 to 9,999 employees; 500 to 999 employees; 10,000 or more employees; 20 to 99 employees; Fewer than 10 employees; I don't know; 1,000 to 4,999 employees; 10 to 19 employees; I prefer not to answer",multipleChoiceResponses.csv,EmployerSize,bar,bar
0.0007,0.5479,0.0,5,5,18.34,0.0,0,0,0,0,16716,0.0,0.0,0.0,Increased slightly; Stayed the same; Increased significantly; Decreased significantly; Decreased slightly,multipleChoiceResponses.csv,EmployerSizeChange,bar,bar
0.0008,0.5423,0.0,6,6,11.9,0.0,0,0,0,0,16716,0.0,0.0,0.0,3-5 years; Don't know; 6-10 years; 1-2 years; More than 10 years; Less than one year,multipleChoiceResponses.csv,EmployerMLTime,bar,bar
0.001,0.5377,0.0,8,8,46.99,0.0,0,0,0,0,16716,0.0,0.0,0.0,"I visited the company's Web site and found a job listing there; A tech-specific job board; I was contacted directly by someone at the company (e.g. internal recruiter); A career fair or on-campus recruiting event; A friend, family member, or former colleague told me; Some other way; An external recruiter or headhunter; A general-purpose job board",multipleChoiceResponses.csv,EmployerSearchMethod,bar,bar
0.0007,0.5156,0.0,6,6,14.15,0.0,0,0,0,0,16716,0.0,0.0,0.0,"Not very important; Very important; Somewhat important; Not at all important; Important; N/A, I did not receive any formal education",multipleChoiceResponses.csv,UniversityImportance,bar,bar
0.0008,0.5226,0.0,6,6,72.97,0.0,0,0,0,0,16716,0.0,0.0,0.0,"Build prototypes to explore applying machine learning to new areas; Analyze and understand data to influence product or business decisions; Research that advances the state of the art of machine learning; Build and/or run the data infrastructure that your business uses for storing, analyzing, and operationalizing data; Build and/or run a machine learning service that operationally improves your pr...",multipleChoiceResponses.csv,JobFunctionSelect,bar,bar
0.0277,0.5203,0.0,222,50,54.09,0.0,0,0,0,0,16716,0.0,0.0,0.0,"Gaming Laptop (Laptop + CUDA capable GPU),Workstation + Cloud service; Laptop + Cloud service (AWS, Azure, GCE ...); Gaming Laptop (Laptop + CUDA capable GPU),GPU accelerated Workstation,Laptop or Workstation and private datacenters,Workstation + Cloud service; GPU accelerated Workstation,Laptop or Workstation and private datacenters,Workstation + Cloud service; Traditional Workstation,Workstation...",multipleChoiceResponses.csv,WorkHardwareSelect,bar,bar
0.0036,0.52,0.0,29,29,17.96,0.0,0,0,0,0,16716,0.0,0.0,0.0,"Text data,Relational data; Relational data; Image data,Relational data; Image data,Text data,Relational data; Image data,Text data; Other; Image data; Text data; Video data; Image data,Video data",multipleChoiceResponses.csv,WorkDataTypeSelect,bar,bar
0.0008,0.5739,0.0,6,6,9.74,0.0,0,0,0,0,16716,0.0,0.0,0.0,Rarely; Always; Most of the time; Sometimes; Never; Don't know,multipleChoiceResponses.csv,WorkProductionFrequency,bar,bar
0.0021,0.576,0.0,15,15,3.98,0.0,0,0,0,0,16716,0.0,0.0,0.0,10GB; 1GB; 100GB; 10TB; 100MB; 1TB; 10MB; 1MB; <1MB; 1PB,multipleChoiceResponses.csv,WorkDatasetSize,bar,bar
0.1945,0.5632,0.0,1420,50,62.48,0.0,0,0,0,0,16716,0.0,0.0,0.0,"Neural Networks,Random Forests,RNNs; Bayesian Techniques,Decision Trees,Random Forests,Regression/Logistic Regression; Bayesian Techniques,CNNs,Ensemble Methods,Neural Networks,Regression/Logistic Regression,SVMs; Bayesian Techniques,CNNs,Decision Trees,Gradient Boosted Machines,Neural Networks,Random Forests,Regression/Logistic Regression; CNNs,Decision Trees,Gradient Boosted Machines,Random Fore...",multipleChoiceResponses.csv,WorkAlgorithmsSelect,bar,bar
0.6597,0.5241,0.0,5248,50,65.37,0.0,0,0,0,0,16716,0.0,0.0,0.0,"Amazon Web services,Oracle Data Mining/ Oracle R Enterprise,Perl; Amazon Machine Learning,Amazon Web services,Cloudera,Hadoop/Hive/Pig,Impala,Java,Mathematica,MATLAB/Octave,Microsoft Excel Data Mining,Microsoft SQL Server Data Mining,NoSQL,Python,R,SAS Base,SAS JMP,SQL,Tableau; C/C++,Jupyter notebooks,MATLAB/Octave,Python,R,TensorFlow; Jupyter notebooks,Python,SQL,TensorFlow; C/C++,Cloudera,Hadoop...",multipleChoiceResponses.csv,WorkToolsSelect,none,none
0.01,0.9761,0.0,4,4,7.41,0.0,0,0,0,0,16716,0.0,0.0,0.0,Rarely; Sometimes; Often; Most of the time,multipleChoiceResponses.csv,WorkToolsFrequencyAmazonML,bar,none
0.0022,0.8911,0.0,4,4,9.36,0.0,0,0,0,0,16716,0.0,0.0,0.0,Rarely; Often; Sometimes; Most of the time,multipleChoiceResponses.csv,WorkToolsFrequencyAWS,bar,bar
0.1818,0.9987,0.0,4,4,9.0,0.0,0,0,0,0,16716,0.0,0.0,0.0,Rarely; Most of the time; Sometimes; Often,multipleChoiceResponses.csv,WorkToolsFrequencyAngoss,bar,none
0.0027,0.9102,0.0,4,4,8.71,0.0,0,0,0,0,16716,0.0,0.0,0.0,Most of the time; Sometimes; Rarely; Often,multipleChoiceResponses.csv,WorkToolsFrequencyC,bar,bar
0.0091,0.9737,0.0,4,4,9.08,0.0,0,0,0,0,16716,0.0,0.0,0.0,Rarely; Most of the time; Often; Sometimes,multipleChoiceResponses.csv,WorkToolsFrequencyCloudera,bar,none
0.0635,0.9962,0.0,4,4,8.24,0.0,0,0,0,0,16716,0.0,0.0,0.0,Most of the time; Sometimes; Rarely; Often,multipleChoiceResponses.csv,WorkToolsFrequencyDataRobot,bar,none
0.0284,0.9916,0.0,4,4,8.84,0.0,0,0,0,0,16716,0.0,0.0,0.0,Most of the time; Often; Rarely; Sometimes,multipleChoiceResponses.csv,WorkToolsFrequencyFlume,bar,none
0.0076,0.9687,0.0,4,4,8.6,0.0,0,0,0,0,16716,0.0,0.0,0.0,Often; Sometimes; Most of the time; Rarely,multipleChoiceResponses.csv,WorkToolsFrequencyGCP,bar,none
0.003,0.92,0.0,4,4,8.89,0.0,0,0,0,0,16716,0.0,0.0,0.0,Rarely; Most of the time; Often; Sometimes,multipleChoiceResponses.csv,WorkToolsFrequencyHadoop,bar,bar
0.0258,0.9907,0.0,4,4,8.05,0.0,0,0,0,0,16716,0.0,0.0,0.0,Rarely; Often; Sometimes; Most of the time,multipleChoiceResponses.csv,WorkToolsFrequencyIBMCognos,bar,none
0.015,0.9841,0.0,4,4,8.43,0.0,0,0,0,0,16716,0.0,0.0,0.0,Sometimes; Rarely; Most of the time; Often,multipleChoiceResponses.csv,WorkToolsFrequencyIBMSPSSModeler,bar,none
0.0087,0.9726,0.0,4,4,8.48,0.0,0,0,0,0,16716,0.0,0.0,0.0,Sometimes; Rarely; Most of the time; Often,multipleChoiceResponses.csv,WorkToolsFrequencyIBMSPSSStatistics,bar,none
0.0165,0.9855,0.0,4,4,7.88,0.0,0,0,0,0,16716,0.0,0.0,0.0,Rarely; Sometimes; Most of the time; Often,multipleChoiceResponses.csv,WorkToolsFrequencyIBMWatson,bar,none
0.0159,0.9849,0.0,4,4,8.54,0.0,0,0,0,0,16716,0.0,0.0,0.0,Rarely; Most of the time; Often; Sometimes,multipleChoiceResponses.csv,WorkToolsFrequencyImpala,bar,none
0.0028,0.9159,0.0,4,4,8.97,0.0,0,0,0,0,16716,0.0,0.0,0.0,Rarely; Most of the time; Often; Sometimes,multipleChoiceResponses.csv,WorkToolsFrequencyJava,bar,bar
0.0222,0.9892,0.0,4,4,7.74,0.0,0,0,0,0,16716,0.0,0.0,0.0,Rarely; Sometimes; Often; Most of the time,multipleChoiceResponses.csv,WorkToolsFrequencyJulia,bar,none
0.0013,0.8104,0.0,4,4,10.62,0.0,0,0,0,0,16716,0.0,0.0,0.0,Sometimes; Most of the time; Rarely; Often,multipleChoiceResponses.csv,WorkToolsFrequencyJupyter,bar,bar
0.1111,0.9978,0.0,4,4,8.94,0.0,0,0,0,0,16716,0.0,0.0,0.0,Rarely; Often; Most of the time; Sometimes,multipleChoiceResponses.csv,WorkToolsFrequencyKNIMECommercial,bar,none
0.015,0.984,0.0,4,4,8.21,0.0,0,0,0,0,16716,0.0,0.0,0.0,Sometimes; Rarely; Often; Most of the time,multipleChoiceResponses.csv,WorkToolsFrequencyKNIMEFree,bar,none
0.0137,0.9825,0.0,4,4,8.06,0.0,0,0,0,0,16716,0.0,0.0,0.0,Rarely; Sometimes; Most of the time; Often,multipleChoiceResponses.csv,WorkToolsFrequencyMathematica,bar,none
0.0028,0.9148,0.0,4,4,8.68,0.0,0,0,0,0,16716,0.0,0.0,0.0,Rarely; Often; Sometimes; Most of the time,multipleChoiceResponses.csv,WorkToolsFrequencyMATLAB,bar,bar
0.007,0.9656,0.0,4,4,8.11,0.0,0,0,0,0,16716,0.0,0.0,0.0,Sometimes; Often; Most of the time; Rarely,multipleChoiceResponses.csv,WorkToolsFrequencyAzure,bar,none
0.0038,0.9373,0.0,4,4,9.41,0.0,0,0,0,0,16716,0.0,0.0,0.0,Sometimes; Often; Most of the time; Rarely,multipleChoiceResponses.csv,WorkToolsFrequencyExcel,bar,bar
0.0108,0.9777,0.0,4,4,8.45,0.0,0,0,0,0,16716,0.0,0.0,0.0,Often; Most of the time; Sometimes; Rarely,multipleChoiceResponses.csv,WorkToolsFrequencyMicrosoftRServer,bar,none
0.0091,0.9737,0.0,4,4,9.1,0.0,0,0,0,0,16716,0.0,0.0,0.0,Rarely; Often; Most of the time; Sometimes,multipleChoiceResponses.csv,WorkToolsFrequencyMicrosoftSQL,bar,none
0.0278,0.9914,0.0,4,4,7.38,0.0,0,0,0,0,16716,0.0,0.0,0.0,Often; Rarely; Sometimes; Most of the time,multipleChoiceResponses.csv,WorkToolsFrequencyMinitab,bar,none
0.0027,0.9116,0.0,4,4,8.84,0.0,0,0,0,0,16716,0.0,0.0,0.0,Rarely; Most of the time; Often; Sometimes,multipleChoiceResponses.csv,WorkToolsFrequencyNoSQL,bar,bar
0.0192,0.9876,0.0,4,4,8.42,0.0,0,0,0,0,16716,0.0,0.0,0.0,Sometimes; Rarely; Often; Most of the time,multipleChoiceResponses.csv,WorkToolsFrequencyOracle,bar,none
0.0328,0.9927,0.0,4,4,7.81,0.0,0,0,0,0,16716,0.0,0.0,0.0,Rarely; Most of the time; Sometimes; Often,multipleChoiceResponses.csv,WorkToolsFrequencyOrange,bar,none
0.0132,0.9819,0.0,4,4,8.12,0.0,0,0,0,0,16716,0.0,0.0,0.0,Most of the time; Rarely; Sometimes; Often,multipleChoiceResponses.csv,WorkToolsFrequencyPerl,bar,none
0.0007,0.6417,0.0,4,4,11.85,0.0,0,0,0,0,16716,0.0,0.0,0.0,Rarely; Sometimes; Most of the time; Often,multipleChoiceResponses.csv,WorkToolsFrequencyPython,bar,bar
0.011,0.9782,0.0,4,4,8.66,0.0,0,0,0,0,16716,0.0,0.0,0.0,Most of the time; Sometimes; Rarely; Often,multipleChoiceResponses.csv,WorkToolsFrequencyQlik,bar,none
0.0009,0.7225,0.0,4,4,10.75,0.0,0,0,0,0,16716,0.0,0.0,0.0,Rarely; Sometimes; Most of the time; Often,multipleChoiceResponses.csv,WorkToolsFrequencyR,bar,bar
0.0541,0.9956,0.0,4,4,9.12,0.0,0,0,0,0,16716,0.0,0.0,0.0,Rarely; Sometimes; Most of the time; Often,multipleChoiceResponses.csv,WorkToolsFrequencyRapidMinerCommercial,bar,none
0.0122,0.9804,0.0,4,4,7.87,0.0,0,0,0,0,16716,0.0,0.0,0.0,Sometimes; Rarely; Most of the time; Often,multipleChoiceResponses.csv,WorkToolsFrequencyRapidMinerFree,bar,none
0.125,0.9981,0.0,4,4,7.16,0.0,0,0,0,0,16716,0.0,0.0,0.0,Sometimes; Rarely; Often; Most of the time,multipleChoiceResponses.csv,WorkToolsFrequencySalfrod,bar,none
0.044,0.9946,0.0,4,4,8.57,0.0,0,0,0,0,16716,0.0,0.0,0.0,Rarely; Often; Sometimes; Most of the time,multipleChoiceResponses.csv,WorkToolsFrequencySAPBusinessObjects,bar,none
0.0056,0.9572,0.0,4,4,9.98,0.0,0,0,0,0,16716,0.0,0.0,0.0,Sometimes; Often; Most of the time; Rarely,multipleChoiceResponses.csv,WorkToolsFrequencySASBase,bar,none
0.0103,0.9768,0.0,4,4,9.25,0.0,0,0,0,0,16716,0.0,0.0,0.0,Rarely; Sometimes; Most of the time; Often,multipleChoiceResponses.csv,WorkToolsFrequencySASEnterprise,bar,none
0.0348,0.9931,0.0,4,4,8.83,0.0,0,0,0,0,16716,0.0,0.0,0.0,Rarely; Most of the time; Sometimes; Often,multipleChoiceResponses.csv,WorkToolsFrequencySASJMP,bar,none
0.003,0.9207,0.0,4,4,9.27,0.0,0,0,0,0,16716,0.0,0.0,0.0,Sometimes; Most of the time; Often; Rarely,multipleChoiceResponses.csv,WorkToolsFrequencySpark,bar,bar
0.001,0.7495,0.0,4,4,11.24,0.0,0,0,0,0,16716,0.0,0.0,0.0,Often; Sometimes; Most of the time; Rarely,multipleChoiceResponses.csv,WorkToolsFrequencySQL,bar,bar
0.0263,0.9909,0.0,4,4,7.8,0.0,0,0,0,0,16716,0.0,0.0,0.0,Rarely; Sometimes; Often; Most of the time,multipleChoiceResponses.csv,WorkToolsFrequencyStan,bar,none
0.0952,0.9975,0.0,4,4,7.98,0.0,0,0,0,0,16716,0.0,0.0,0.0,Sometimes; Most of the time; Rarely; Often,multipleChoiceResponses.csv,WorkToolsFrequencyStatistica,bar,none
0.0025,0.9052,0.0,4,4,9.01,0.0,0,0,0,0,16716,0.0,0.0,0.0,Rarely; Often; Sometimes; Most of the time,multipleChoiceResponses.csv,WorkToolsFrequencyTableau,bar,bar
0.0018,0.8671,0.0,4,4,8.87,0.0,0,0,0,0,16716,0.0,0.0,0.0,Sometimes; Often; Most of the time; Rarely,multipleChoiceResponses.csv,WorkToolsFrequencyTensorFlow,bar,bar
0.0288,0.9917,0.0,4,4,8.84,0.0,0,0,0,0,16716,0.0,0.0,0.0,Sometimes; Rarely; Most of the time; Often,multipleChoiceResponses.csv,WorkToolsFrequencyTIBCO,bar,none
0.0022,0.8906,0.0,4,4,10.58,0.0,0,0,0,0,16716,0.0,0.0,0.0,Most of the time; Sometimes; Often; Rarely,multipleChoiceResponses.csv,WorkToolsFrequencyUnix,bar,bar
0.0058,0.959,0.0,4,4,11.07,0.0,0,0,0,0,16716,0.0,0.0,0.0,Often; Most of the time; Sometimes; Rarely,multipleChoiceResponses.csv,WorkToolsFrequencySelect1,bar,none
0.0296,0.9919,0.0,4,4,10.49,0.0,0,0,0,0,16716,0.0,0.0,0.0,Most of the time; Often; Sometimes; Rarely,multipleChoiceResponses.csv,WorkToolsFrequencySelect2,bar,none
0.0494,0.9952,0.0,4,4,11.17,0.0,0,0,0,0,16716,0.0,0.0,0.0,Often; Sometimes; Most of the time; Rarely,multipleChoiceResponses.csv,WorkFrequencySelect3,bar,none
0.7963,0.535,0.0,6190,50,133.99,0.0,0,0,0,0,16716,0.0,0.0,0.0,"Association Rules,Collaborative Filtering,Neural Networks,PCA and Dimensionality Reduction,Random Forests; A/B Testing,Bayesian Techniques,Data Visualization,Decision Trees,Ensemble Methods,Logistic Regression,Markov Logic Networks,Naive Bayes,Neural Networks,Random Forests,Simulation,Time Series Analysis; Association Rules,Bayesian Techniques,CNNs,Collaborative Filtering,Data Visualization,Decisi...",multipleChoiceResponses.csv,WorkMethodsSelect,none,none
0.0021,0.8881,0.0,4,4,8.26,0.0,0,0,0,0,16716,0.0,0.0,0.0,Sometimes; Often; Rarely; Most of the time,multipleChoiceResponses.csv,WorkMethodsFrequencyA/B,bar,bar
0.0036,0.9344,0.0,4,4,7.94,0.0,0,0,0,0,16716,0.0,0.0,0.0,Rarely; Sometimes; Often; Most of the time,multipleChoiceResponses.csv,WorkMethodsFrequencyAssociationRules,bar,bar
0.0022,0.8896,0.0,4,4,8.23,0.0,0,0,0,0,16716,0.0,0.0,0.0,Sometimes; Often; Most of the time; Rarely,multipleChoiceResponses.csv,WorkMethodsFrequencyBayesian,bar,bar
0.003,0.9191,0.0,4,4,9.38,0.0,0,0,0,0,16716,0.0,0.0,0.0,Most of the time; Sometimes; Often; Rarely,multipleChoiceResponses.csv,WorkMethodsFrequencyCNNs,bar,bar
0.0053,0.9545,0.0,4,4,8.12,0.0,0,0,0,0,16716,0.0,0.0,0.0,Often; Sometimes; Most of the time; Rarely,multipleChoiceResponses.csv,WorkMethodsFrequencyCollaborativeFiltering,bar,none
0.0011,0.7751,0.0,4,4,10.55,0.0,0,0,0,0,16716,0.0,0.0,0.0,Sometimes; Most of the time; Often; Rarely,multipleChoiceResponses.csv,WorkMethodsFrequencyCross-Validation,bar,bar
0.0008,0.7065,0.0,4,4,11.94,0.0,0,0,0,0,16716,0.0,0.0,0.0,Sometimes; Most of the time; Often; Rarely,multipleChoiceResponses.csv,WorkMethodsFrequencyDataVisualization,bar,bar
0.0011,0.7857,0.0,4,4,8.74,0.0,0,0,0,0,16716,0.0,0.0,0.0,Often; Sometimes; Most of the time; Rarely,multipleChoiceResponses.csv,WorkMethodsFrequencyDecisionTrees,bar,bar
0.002,0.8814,0.0,4,4,9.1,0.0,0,0,0,0,16716,0.0,0.0,0.0,Sometimes; Often; Most of the time; Rarely,multipleChoiceResponses.csv,WorkMethodsFrequencyEnsembleMethods,bar,bar
0.0097,0.9752,0.0,4,4,8.63,0.0,0,0,0,0,16716,0.0,0.0,0.0,Sometimes; Rarely; Often; Most of the time,multipleChoiceResponses.csv,WorkMethodsFrequencyEvolutionaryApproaches,bar,none
0.0174,0.9862,0.0,4,4,8.23,0.0,0,0,0,0,16716,0.0,0.0,0.0,Rarely; Sometimes; Often; Most of the time,multipleChoiceResponses.csv,WorkMethodsFrequencyGANs,bar,none
0.0027,0.91,0.0,4,4,9.44,0.0,0,0,0,0,16716,0.0,0.0,0.0,Often; Sometimes; Most of the time; Rarely,multipleChoiceResponses.csv,WorkMethodsFrequencyGBM,bar,bar
0.01,0.9761,0.0,4,4,8.25,0.0,0,0,0,0,16716,0.0,0.0,0.0,Often; Sometimes; Rarely; Most of the time,multipleChoiceResponses.csv,WorkMethodsFrequencyHMMs,bar,none
0.0016,0.8478,0.0,4,4,8.28,0.0,0,0,0,0,16716,0.0,0.0,0.0,Most of the time; Sometimes; Often; Rarely,multipleChoiceResponses.csv,WorkMethodsFrequencyKNN,bar,bar
0.0064,0.9627,0.0,4,4,8.49,0.0,0,0,0,0,16716,0.0,0.0,0.0,Often; Sometimes; Most of the time; Rarely,multipleChoiceResponses.csv,WorkMethodsFrequencyLiftAnalysis,bar,none
0.001,0.7504,0.0,4,4,8.92,0.0,0,0,0,0,16716,0.0,0.0,0.0,Sometimes; Often; Most of the time; Rarely,multipleChoiceResponses.csv,WorkMethodsFrequencyLogisticRegression,bar,bar
0.0165,0.9855,0.0,4,4,8.31,0.0,0,0,0,0,16716,0.0,0.0,0.0,Often; Sometimes; Rarely; Most of the time,multipleChoiceResponses.csv,WorkMethodsFrequencyMLN,bar,none
0.0022,0.892,0.0,4,4,8.38,0.0,0,0,0,0,16716,0.0,0.0,0.0,Sometimes; Most of the time; Often; Rarely,multipleChoiceResponses.csv,WorkMethodsFrequencyNaiveBayes,bar,bar
0.0021,0.8878,0.0,4,4,9.47,0.0,0,0,0,0,16716,0.0,0.0,0.0,Most of the time; Often; Sometimes; Rarely,multipleChoiceResponses.csv,WorkMethodsFrequencyNLP,bar,bar
0.0015,0.8379,0.0,4,4,9.44,0.0,0,0,0,0,16716,0.0,0.0,0.0,Sometimes; Most of the time; Often; Rarely,multipleChoiceResponses.csv,WorkMethodsFrequencyNeuralNetworks,bar,bar
0.0015,0.8384,0.0,4,4,8.66,0.0,0,0,0,0,16716,0.0,0.0,0.0,Often; Sometimes; Most of the time; Rarely,multipleChoiceResponses.csv,WorkMethodsFrequencyPCA,bar,bar
0.0049,0.9511,0.0,4,4,8.73,0.0,0,0,0,0,16716,0.0,0.0,0.0,Often; Rarely; Sometimes; Most of the time,multipleChoiceResponses.csv,WorkMethodsFrequencyPrescriptiveModeling,bar,none
0.0012,0.7992,0.0,4,4,8.85,0.0,0,0,0,0,16716,0.0,0.0,0.0,Most of the time; Sometimes; Often; Rarely,multipleChoiceResponses.csv,WorkMethodsFrequencyRandomForests,bar,bar
0.0036,0.9335,0.0,4,4,8.57,0.0,0,0,0,0,16716,0.0,0.0,0.0,Sometimes; Most of the time; Rarely; Often,multipleChoiceResponses.csv,WorkMethodsFrequencyRecommenderSystems,bar,bar
0.0047,0.9493,0.0,4,4,8.89,0.0,0,0,0,0,16716,0.0,0.0,0.0,Sometimes; Often; Rarely; Most of the time,multipleChoiceResponses.csv,WorkMethodsFrequencyRNNs,bar,bar
0.002,0.8817,0.0,4,4,8.89,0.0,0,0,0,0,16716,0.0,0.0,0.0,Often; Sometimes; Most of the time; Rarely,multipleChoiceResponses.csv,WorkMethodsFrequencySegmentation,bar,bar
0.003,0.9192,0.0,4,4,9.21,0.0,0,0,0,0,16716,0.0,0.0,0.0,Often; Sometimes; Most of the time; Rarely,multipleChoiceResponses.csv,WorkMethodsFrequencySimulation,bar,bar
0.0021,0.8862,0.0,4,4,8.62,0.0,0,0,0,0,16716,0.0,0.0,0.0,Most of the time; Sometimes; Often; Rarely,multipleChoiceResponses.csv,WorkMethodsFrequencySVMs,bar,bar
0.0017,0.8606,0.0,4,4,9.19,0.0,0,0,0,0,16716,0.0,0.0,0.0,Most of the time; Often; Sometimes; Rarely,multipleChoiceResponses.csv,WorkMethodsFrequencyTextAnalysis,bar,bar
0.0013,0.8162,0.0,4,4,9.33,0.0,0,0,0,0,16716,0.0,0.0,0.0,Often; Sometimes; Most of the time; Rarely,multipleChoiceResponses.csv,WorkMethodsFrequencyTimeSeriesAnalysis,bar,bar
0.0172,0.9861,0.0,4,4,11.06,0.0,0,0,0,0,16716,0.0,0.0,0.0,Often; Sometimes; Most of the time; Rarely,multipleChoiceResponses.csv,WorkMethodsFrequencySelect1,bar,none
0.1026,0.9977,0.0,4,4,9.82,0.0,0,0,0,0,16716,0.0,0.0,0.0,Often; Most of the time; Sometimes; Rarely,multipleChoiceResponses.csv,WorkMethodsFrequencySelect2,bar,none
0.043,0.9944,0.0,4,4,9.65,0.0,0,0,0,0,16716,0.0,0.0,0.0,Rarely; Most of the time; Often; Sometimes,multipleChoiceResponses.csv,WorkMethodsFrequencySelect3,bar,none
0.0089,0.5495,1.0,67,50,0.0,0.0,0,1,0,0,16716,36.1448,21.6496,0.3372,0.0; 50.0; 30.0; 60.0; 40.0; 35.0; 20.0; 25.0; 15.0; 10.0,multipleChoiceResponses.csv,TimeGatheringData,bar,histogram
0.0066,0.5497,1.0,50,50,0.0,0.0,0,0,0,0,16716,21.2681,16.166,1.2866,100.0; 20.0; 10.0; 30.0; 80.0; 0.0; 60.0; 50.0; 5.0; 35.0,multipleChoiceResponses.csv,TimeModelBuilding,bar,histogram
0.0057,0.5503,1.0,43,43,0.0,0.0,0,0,0,0,16716,10.8064,12.2579,2.2693,0.0; 15.0; 10.0; 30.0; 5.0; 25.0; 20.0; 40.0; 3.0; 80.0,multipleChoiceResponses.csv,TimeProduction,bar,histogram
0.0064,0.5496,1.0,48,48,0.0,0.0,0,0,0,0,16716,13.8694,11.7229,2.2362,0.0; 10.0; 15.0; 20.0; 5.0; 25.0; 30.0; 50.0; 12.0; 2.0,multipleChoiceResponses.csv,TimeVisualizing,bar,histogram
0.0078,0.55,1.0,59,50,0.0,0.0,0,0,0,0,16716,13.0948,12.9748,3.1638,0.0; 20.0; 10.0; 5.0; 30.0; 15.0; 40.0; 18.0; 25.0; 100.0,multipleChoiceResponses.csv,TimeFindingInsights,bar,histogram
0.0039,0.5506,1.0,29,29,0.0,0.0,0,1,0,0,16716,2.3962,12.1571,6.1413,0.0; 10.0; 100.0; 40.0; 8.0; 25.0,multipleChoiceResponses.csv,TimeOtherSelect,bar,histogram
0.0008,0.5567,0.0,6,6,53.93,0.0,0,0,0,0,16716,0.0,0.0,0.0,"Enough to explain the algorithm to someone non-technical; Enough to refine and innovate on the algorithm; Enough to tune the parameters properly; Enough to code it again from scratch, albeit it may run slowly; Enough to run the code / standard library; Enough to code it from scratch and it will run blazingly fast and be super efficient",multipleChoiceResponses.csv,AlgorithmUnderstandingLevel,bar,bar
0.5812,0.5587,0.0,4287,50,218.34,0.0,0,0,0,0,16716,0.0,0.0,0.0,"Company politics / Lack of management/financial support for a data science team,Privacy issues,Scaling data science solution up to full database; Company politics / Lack of management/financial support for a data science team,Data Science results not used by business decision makers,Did not instrument data useful for scientific analysis and decision-making,Difficulties in deployment/scoring,Dirty ...",multipleChoiceResponses.csv,WorkChallengesSelect,none,none
0.0015,0.8397,0.0,4,4,9.12,0.0,0,0,0,0,16716,0.0,0.0,0.0,Rarely; Often; Most of the time; Sometimes,multipleChoiceResponses.csv,WorkChallengeFrequencyPolitics,bar,bar
0.0023,0.8957,0.0,4,4,8.24,0.0,0,0,0,0,16716,0.0,0.0,0.0,Often; Sometimes; Most of the time; Rarely,multipleChoiceResponses.csv,WorkChallengeFrequencyUnusedResults,bar,bar
0.0063,0.9618,0.0,4,4,8.36,0.0,0,0,0,0,16716,0.0,0.0,0.0,Often; Sometimes; Most of the time; Rarely,multipleChoiceResponses.csv,WorkChallengeFrequencyUnusefulInstrumenting,bar,none
0.0047,0.9493,0.0,4,4,8.24,0.0,0,0,0,0,16716,0.0,0.0,0.0,Often; Sometimes; Most of the time; Rarely,multipleChoiceResponses.csv,WorkChallengeFrequencyDeployment,bar,bar
0.0011,0.7876,0.0,4,4,10.35,0.0,0,0,0,0,16716,0.0,0.0,0.0,Often; Most of the time; Sometimes; Rarely,multipleChoiceResponses.csv,WorkChallengeFrequencyDirtyData,bar,bar
0.0025,0.9052,0.0,4,4,8.57,0.0,0,0,0,0,16716,0.0,0.0,0.0,Often; Sometimes; Most of the time; Rarely,multipleChoiceResponses.csv,WorkChallengeFrequencyExplaining,bar,bar
0.0094,0.9746,0.0,4,4,9.32,0.0,0,0,0,0,16716,0.0,0.0,0.0,Rarely; Often; Sometimes; Most of the time,multipleChoiceResponses.csv,WorkChallengeFrequencyPass,bar,none
0.0041,0.9419,0.0,4,4,8.5,0.0,0,0,0,0,16716,0.0,0.0,0.0,Often; Most of the time; Sometimes; Rarely,multipleChoiceResponses.csv,WorkChallengeFrequencyIntegration,bar,bar
0.0013,0.8208,0.0,4,4,9.45,0.0,0,0,0,0,16716,0.0,0.0,0.0,Often; Sometimes; Most of the time; Rarely,multipleChoiceResponses.csv,WorkChallengeFrequencyTalent,bar,bar
0.0042,0.943,0.0,4,4,9.33,0.0,0,0,0,0,16716,0.0,0.0,0.0,Often; Sometimes; Most of the time; Rarely,multipleChoiceResponses.csv,WorkChallengeFrequencyDataFunds,bar,bar
0.0028,0.9158,0.0,4,4,8.61,0.0,0,0,0,0,16716,0.0,0.0,0.0,Most of the time; Sometimes; Often; Rarely,multipleChoiceResponses.csv,WorkChallengeFrequencyDomainExpertise,bar,bar
0.0052,0.9542,0.0,4,4,8.43,0.0,0,0,0,0,16716,0.0,0.0,0.0,Often; Sometimes; Most of the time; Rarely,multipleChoiceResponses.csv,WorkChallengeFrequencyML,bar,none
0.0034,0.9295,0.0,4,4,8.8,0.0,0,0,0,0,16716,0.0,0.0,0.0,Often; Rarely; Most of the time; Sometimes,multipleChoiceResponses.csv,WorkChallengeFrequencyTools,bar,bar
0.0035,0.9322,0.0,4,4,8.52,0.0,0,0,0,0,16716,0.0,0.0,0.0,Often; Sometimes; Most of the time; Rarely,multipleChoiceResponses.csv,WorkChallengeFrequencyExpectations,bar,bar
0.0034,0.9301,0.0,4,4,9.69,0.0,0,0,0,0,16716,0.0,0.0,0.0,Sometimes; Most of the time; Often; Rarely,multipleChoiceResponses.csv,WorkChallengeFrequencyITCoordination,bar,bar
0.0031,0.923,0.0,4,4,10.08,0.0,0,0,0,0,16716,0.0,0.0,0.0,Often; Sometimes; Most of the time; Rarely,multipleChoiceResponses.csv,WorkChallengeFrequencyHiringFunds,bar,bar
0.0028,0.9149,0.0,4,4,9.19,0.0,0,0,0,0,16716,0.0,0.0,0.0,Often; Most of the time; Rarely; Sometimes,multipleChoiceResponses.csv,WorkChallengeFrequencyPrivacy,bar,bar
0.0048,0.9502,0.0,4,4,8.56,0.0,0,0,0,0,16716,0.0,0.0,0.0,Most of the time; Often; Rarely; Sometimes,multipleChoiceResponses.csv,WorkChallengeFrequencyScaling,bar,none
0.0032,0.925,0.0,4,4,9.18,0.0,0,0,0,0,16716,0.0,0.0,0.0,Often; Sometimes; Most of the time; Rarely,multipleChoiceResponses.csv,WorkChallengeFrequencyEnvironments,bar,bar
0.0018,0.8696,0.0,4,4,9.23,0.0,0,0,0,0,16716,0.0,0.0,0.0,Often; Sometimes; Most of the time; Rarely,multipleChoiceResponses.csv,WorkChallengeFrequencyClarity,bar,bar
0.0018,0.869,0.0,4,4,9.22,0.0,0,0,0,0,16716,0.0,0.0,0.0,Often; Sometimes; Most of the time; Rarely,multipleChoiceResponses.csv,WorkChallengeFrequencyDataAccess,bar,bar
0.0144,0.9834,0.0,4,4,10.8,0.0,0,0,0,0,16716,0.0,0.0,0.0,Most of the time; Often; Rarely; Sometimes,multipleChoiceResponses.csv,WorkChallengeFrequencyOtherSelect,bar,none
0.0009,0.598,0.0,6,6,18.53,0.0,0,0,0,0,16716,0.0,0.0,0.0,26-50% of projects; 100% of projects; 10-25% of projects; 76-99% of projects; Less than 10% of projects; 51-75% of projects,multipleChoiceResponses.csv,WorkDataVisualizations,bar,bar
0.0009,0.5958,0.0,6,6,24.95,0.0,0,0,0,0,16716,0.0,0.0,0.0,Do not know; Entirely internal; Approximately half internal and half external; More internal than external; More external than internal; Entirely external,multipleChoiceResponses.csv,WorkInternalVsExternalTools,bar,bar
0.0007,0.5999,0.0,5,5,13.75,0.0,0,0,0,0,16716,0.0,0.0,0.0,Standalone Team; Business Department; Other; IT Department; Central Insights Team,multipleChoiceResponses.csv,WorkMLTeamSeatSelect,bar,bar
0.8579,0.8792,0.0,1732,50,0.0,0.0,0,0,0,0,16716,0.0,0.0,0.0,"b'Electricity data sets from government and states'; b'Address database; geo data'; b'data.gov; Open Data'; b'Mostly work with generated idealized data sets for testing algorithms'; b'georeference data;financial scoring;customer behavioral data'; b'INEGI,google APIs'; b'None.'; b'511 traffic data'; b'none currently'; b'adni, ppmi, other'",multipleChoiceResponses.csv,WorkDatasets,none,none
0.8755,0.8472,0.0,2236,50,0.0,0.0,0,0,0,0,16716,0.0,0.0,0.0,"b'Everything is custom, there is never a tool that can do it all as they claim.  Nothing is as easy as it might be, but that is the nature of the beast'; b'Data Clean Up'; b""Generating good data sets that aren't tailored to a particular problem""; b'Clean, to the point data'; b'huge amount of data, with few metaqdata and local understanding of the data structures, there is a darth of information re...",multipleChoiceResponses.csv,WorkDatasetsChallenge,none,none
0.0244,0.6103,0.0,159,50,119.48,0.0,0,0,0,0,16716,0.0,0.0,0.0,"Document-oriented (e.g. MongoDB/Elasticsearch),Flat files not in a database or cache (e.g. CSV, JSON, XML, PNG, MPG),Graph (e.g. GraphBase/Neo4j); Column-oriented relational (e.g. KDB/MariaDB),Flat files not in a database or cache (e.g. CSV, JSON, XML, PNG, MPG),Other tabular (e.g. Cassandra/BigTable/BigQuery/Redshift),Row-oriented relational (e.g. MySQL/Microsoft SQL Server); Flat files not in a ...",multipleChoiceResponses.csv,WorkDataStorage,bar,bar
0.0074,0.611,0.0,48,48,28.58,0.0,0,0,0,0,16716,0.0,0.0,0.0,"Company Developed Platform,I don't typically share data,Share Drive/SharePoint; Company Developed Platform,Email; Company Developed Platform; I don't typically share data; I don't typically share data,Share Drive/SharePoint; Email,Share Drive/SharePoint; Company Developed Platform,Share Drive/SharePoint; Commercial Data Platform,Share Drive/SharePoint; Email; Commercial Data Platform,Company Devel...",multipleChoiceResponses.csv,WorkDataSharing,bar,bar
0.715,0.9773,0.0,271,50,0.0,0.0,0,0,0,0,16716,0.0,0.0,0.0,"b'github'; b'NAS'; b'Physical hard drives'; b'AWS S3'; b'git'; b'Network drives'; b'USB external disk'; b'S3'; b'Git LFS, Jupyterhub'; b'Git'",multipleChoiceResponses.csv,WorkDataSourcing,none,none
0.0123,0.6289,0.0,76,50,34.5,0.0,0,0,0,0,16716,0.0,0.0,0.0,"Mercurial,Subversion,Other; Generic cloud file sharing software (Dropbox/Box/etc.),Generic non-cloud file sharing software (Email/Shared Server/etc.); Git; Bitbucket,Git,Other; Bitbucket,Git; Generic non-cloud file sharing software (Email/Shared Server/etc.); Bitbucket; Git,Subversion; Mercurial; Generic cloud file sharing software (Dropbox/Box/etc.),Generic non-cloud file sharing software (Email/...",multipleChoiceResponses.csv,WorkCodeSharing,bar,bar
0.001,0.6353,0.0,6,6,8.2,0.0,0,0,0,0,16716,0.0,0.0,0.0,Always; Rarely; Sometimes; Most of the time; Never; Don't know,multipleChoiceResponses.csv,RemoteWork,bar,bar
0.1734,0.6875,0.0,906,50,5.66,0.082,0,0,0,0,16716,0.0,0.0,0.0,"250,000; 80000; 1200000; 95,000; 1100000; 120,000; 20000; 100000; 624000; 65000",multipleChoiceResponses.csv,CompensationAmount,bar,bar
0.0192,0.729,0.0,87,50,3.0,0.0,0,0,0,0,16716,0.0,0.0,0.0,USD; AUD; RUB; INR; TWD; CZK; COP; EUR; PLN; GBP,multipleChoiceResponses.csv,CompensationCurrency,bar,bar
0.0014,0.6178,0.0,9,9,40.21,0.0,0,0,0,0,16716,0.0,0.0,0.0,I am not currently employed; Has increased 20% or more; I do not want to share information about my salary/compensation; Has stayed about the same (has not increased or decreased more than 5%); Has increased between 6% and 19%; Has decreased between 6% and 19%; I was not employed 3 years ago; Has decreased 20% or more; Other,multipleChoiceResponses.csv,SalaryChange,bar,bar
0.0016,0.6006,0.0,11,11,3.76,0.0,0,0,0,0,16716,0.0,0.0,0.0,5; 10 - Highly Satisfied; 2; 8; 7; 6; 9; 1 - Highly Dissatisfied; I prefer not to share; 3,multipleChoiceResponses.csv,JobSatisfaction,bar,bar
0.0019,0.7763,0.0,7,7,36.16,0.0,0,0,0,0,16716,0.0,0.0,0.0,"Asking friends, family members, or former colleagues for leads; Career fair or on-campus recruiting event; Tech-specific job board; Company's Web site/job listing page; Searching general-purpose job board; Meeting with recruiters who've contacted you directly; Other",multipleChoiceResponses.csv,JobSearchResource,bar,bar
0.0019,0.7768,0.0,7,7,2.33,0.5655,0,0,0,0,16716,0.0,0.0,0.0,1-2; 0; 3-5; 11-15; 20+; 6-10; 16-20,multipleChoiceResponses.csv,JobHuntTime,bar,line
0.0008,0.7876,0.0,3,3,14.98,0.0,0,0,0,0,16716,0.0,0.0,0.0,Very Important; Somewhat important; Not important,multipleChoiceResponses.csv,JobFactorLearning,bar,bar
0.0009,0.7915,0.0,3,3,15.91,0.0,0,0,0,0,16716,0.0,0.0,0.0,Very Important; Somewhat important; Not important,multipleChoiceResponses.csv,JobFactorSalary,bar,bar
0.0009,0.7925,0.0,3,3,15.56,0.0,0,0,0,0,16716,0.0,0.0,0.0,Very Important; Somewhat important; Not important,multipleChoiceResponses.csv,JobFactorOffice,bar,bar
0.0009,0.7921,0.0,3,3,15.7,0.0,0,0,0,0,16716,0.0,0.0,0.0,Very Important; Somewhat important; Not important,multipleChoiceResponses.csv,JobFactorLanguages,bar,bar
0.0009,0.7938,0.0,3,3,15.96,0.0,0,0,0,0,16716,0.0,0.0,0.0,Very Important; Somewhat important; Not important,multipleChoiceResponses.csv,JobFactorCommute,bar,bar
0.0009,0.7946,0.0,3,3,15.78,0.0,0,0,0,0,16716,0.0,0.0,0.0,Very Important; Somewhat important; Not important,multipleChoiceResponses.csv,JobFactorManagement,bar,bar
0.0009,0.7944,0.0,3,3,15.89,0.0,0,0,0,0,16716,0.0,0.0,0.0,Very Important; Somewhat important; Not important,multipleChoiceResponses.csv,JobFactorExperienceLevel,bar,bar
0.0009,0.7956,0.0,3,3,15.77,0.0,0,0,0,0,16716,0.0,0.0,0.0,Very Important; Somewhat important; Not important,multipleChoiceResponses.csv,JobFactorDepartment,bar,bar
0.0009,0.7958,0.0,3,3,15.63,0.0,0,0,0,0,16716,0.0,0.0,0.0,Very Important; Somewhat important; Not important,multipleChoiceResponses.csv,JobFactorTitle,bar,bar
0.0009,0.7959,0.0,3,3,16.1,0.0,0,0,0,0,16716,0.0,0.0,0.0,Very Important; Somewhat important; Not important,multipleChoiceResponses.csv,JobFactorCompanyFunding,bar,bar
0.0009,0.797,0.0,3,3,15.85,0.0,0,0,0,0,16716,0.0,0.0,0.0,Very Important; Somewhat important; Not important,multipleChoiceResponses.csv,JobFactorImpact,bar,bar
0.0009,0.7952,0.0,3,3,15.48,0.0,0,0,0,0,16716,0.0,0.0,0.0,Very Important; Not important; Somewhat important,multipleChoiceResponses.csv,JobFactorRemote,bar,bar
0.0009,0.7961,0.0,3,3,15.84,0.0,0,0,0,0,16716,0.0,0.0,0.0,Very Important; Somewhat important; Not important,multipleChoiceResponses.csv,JobFactorIndustry,bar,bar
0.0009,0.7965,0.0,3,3,15.87,0.0,0,0,0,0,16716,0.0,0.0,0.0,Somewhat important; Very Important; Not important,multipleChoiceResponses.csv,JobFactorLeaderReputation,bar,bar
0.0009,0.796,0.0,3,3,15.7,0.0,0,0,0,0,16716,0.0,0.0,0.0,Very Important; Somewhat important; Not important,multipleChoiceResponses.csv,JobFactorDiversity,bar,bar
0.0009,0.7952,0.0,3,3,15.55,0.0,0,0,0,0,16716,0.0,0.0,0.0,Very Important; Somewhat important; Not important,multipleChoiceResponses.csv,JobFactorPublishingOpportunity,bar,bar
0.9999,0.0,0.0,45330,50,19.0,1.0,0,0,0,0,45334,0.0,0.0,0.0,2013-12-31 01:00:00; 2013-12-31 02:00:00; 2013-12-31 03:00:00; 2013-12-31 04:00:00; 2013-12-31 05:00:00; 2013-12-31 06:00:00; 2013-12-31 07:00:00; 2013-12-31 08:00:00; 2013-12-31 09:00:00; 2013-12-31 10:00:00,EKPC_hourly.csv,Datetime,line,none
0.0471,0.0,1.0,2134,50,0.0,0.0,0,1,0,0,45334,1464.2184,378.8684,0.9486,1861.0; 1835.0; 1841.0; 1872.0; 1934.0; 1995.0; 2101.0; 2186.0; 2180.0; 2090.0,EKPC_hourly.csv,EKPC_MW,bar,histogram
1.0,0.0,1.0,16161,50,0.0,0.5395,0,1,1,0,16161,8080.0,4665.4232,0.0,0; 1; 2; 3; 4; 5; 6; 7; 8; 9,male_players.csv,,line,line
0.0064,0.0,1.0,104,50,0.0,0.4725,0,1,1,0,16161,8934.1397,5003.9259,0.0022,1; 2; 4; 5; 7; 9; 11; 12; 13; 15,male_players.csv,Rank,bar,line
0.9921,0.0,0.0,16034,50,13.39,0.0,0,0,0,1,16161,0.0,0.0,0.0,Kylian Mbappé; Rodri; Erling Haaland; Jude Bellingham; Vini Jr.; Kevin De Bruyne; Harry Kane; Martin Ødegaard; Gianluigi Donnarumma; Alisson,male_players.csv,Name,none,none
0.0028,0.0,1.0,45,45,0.0,0.0,0,1,1,0,16161,66.1724,6.762,0.0731,91; 90; 89; 88; 87; 86; 85; 84; 83; 82,male_players.csv,OVR,bar,histogram
0.0043,0.0,1.0,69,50,0.0,0.0,0,1,0,0,16161,68.1496,10.6122,-0.4671,97; 66; 88; 80; 95; 67; 65; 70; 90; 86,male_players.csv,PAC,bar,histogram
0.0045,0.0,1.0,73,50,0.0,0.0,0,1,0,0,16161,54.1468,13.7404,-0.4272,90; 80; 92; 87; 84; 93; 82; 85; 89; 88,male_players.csv,SHO,bar,histogram
0.0042,0.0,1.0,68,50,0.0,0.0,0,1,0,0,16161,58.4349,9.6606,-0.1778,80; 86; 70; 83; 81; 94; 84; 89; 73; 85,male_players.csv,PAS,bar,histogram
0.004,0.0,1.0,64,50,0.0,0.0,0,1,0,0,16161,63.5992,9.2624,-0.4685,92; 84; 81; 88; 91; 87; 83; 89; 90; 71,male_players.csv,DRI,bar,histogram
0.0046,0.0,1.0,74,50,0.0,0.0,0,1,0,0,16161,50.592,16.3239,-0.303,36; 87; 45; 78; 29; 65; 49; 67; 52; 56,male_players.csv,DEF,bar,histogram
0.0037,0.0,1.0,60,50,0.0,0.0,0,1,0,0,16161,65.2418,9.5097,-0.4146,78; 85; 88; 83; 69; 82; 66; 87; 90; 86,male_players.csv,PHY,bar,histogram
0.0051,0.0,1.0,83,50,0.0,0.0,0,1,0,0,16161,64.7787,15.4786,-0.9413,97; 65; 80; 81; 95; 67; 64; 72; 50; 60,male_players.csv,Acceleration,bar,histogram
0.0051,0.0,1.0,83,50,0.0,0.0,0,1,0,0,16161,64.8123,15.2587,-0.9333,97; 66; 94; 80; 95; 67; 69; 55; 49; 52,male_players.csv,Sprint Speed,bar,histogram
0.0058,0.0,1.0,93,50,0.0,0.0,0,1,0,0,16161,50.9833,19.903,-0.876,93; 76; 96; 91; 87; 88; 94; 84; 14; 13,male_players.csv,Positioning,bar,histogram
0.0057,0.0,1.0,92,50,0.0,0.0,0,1,0,0,16161,46.6802,19.9125,-0.4408,94; 74; 96; 90; 89; 84; 95; 83; 12; 13,male_players.csv,Finishing,bar,histogram
0.0046,0.0,1.0,75,50,0.0,0.0,0,1,0,0,16161,58.001,12.8769,-0.2324,90; 92; 94; 85; 81; 82; 55; 64; 57; 87,male_players.csv,Shot Power,bar,histogram
0.0053,0.0,1.0,85,50,0.0,0.0,0,1,0,0,16161,46.9347,19.4791,-0.5123,83; 89; 86; 90; 84; 18; 14; 17; 80; 64,male_players.csv,Long Shots,bar,histogram
0.0053,0.0,1.0,86,50,0.0,0.0,0,1,0,0,16161,42.5795,17.7078,-0.2257,84; 71; 90; 77; 73; 83; 89; 79; 8; 20,male_players.csv,Volleys,bar,histogram
0.0051,0.0,1.0,83,50,0.0,0.0,0,1,0,0,16161,47.6148,15.7102,-0.357,84; 62; 90; 74; 71; 83; 93; 68; 24; 23,male_players.csv,Penalties,bar,histogram
0.0049,0.0,1.0,79,50,0.0,0.0,0,1,0,0,16161,54.8651,13.3704,-0.3626,83; 84; 74; 90; 85; 95; 86; 91; 60; 66,male_players.csv,Vision,bar,histogram
0.0053,0.0,1.0,85,50,0.0,0.0,0,1,0,0,16161,49.5549,17.922,-0.6766,78; 76; 58; 66; 81; 95; 80; 86; 12; 17,male_players.csv,Crossing,bar,histogram
0.0054,0.0,1.0,87,50,0.0,0.0,0,1,0,0,16161,42.7706,16.9561,-0.0277,69; 64; 62; 68; 83; 85; 14; 18; 20; 65,male_players.csv,Free Kick Accuracy,bar,histogram
0.005,0.0,1.0,81,50,0.0,0.0,0,1,0,0,16161,59.5078,14.1837,-1.2064,86; 93; 77; 89; 83; 94; 91; 36; 60; 33,male_players.csv,Short Passing,bar,histogram
0.0051,0.0,1.0,83,50,0.0,0.0,0,1,0,0,16161,54.2072,14.4247,-0.6828,71; 91; 66; 89; 77; 93; 88; 34; 58; 35,male_players.csv,Long Passing,bar,histogram
0.0053,0.0,1.0,86,50,0.0,0.0,0,1,0,0,16161,48.1187,18.0848,-0.3992,80; 86; 77; 73; 79; 93; 82; 84; 12; 19,male_players.csv,Curve,bar,histogram
0.0055,0.0,1.0,89,50,0.0,0.0,0,1,0,0,16161,56.3469,18.8102,-1.2556,93; 84; 79; 89; 86; 82; 28; 27; 13; 85,male_players.csv,Dribbling,bar,histogram
0.0048,0.0,1.0,77,50,0.0,0.0,0,1,0,0,16161,63.6647,15.0971,-0.6683,93; 66; 77; 82; 94; 75; 85; 57; 40; 63,male_players.csv,Agility,bar,histogram
0.0047,0.0,1.0,76,50,0.0,0.0,0,1,0,0,16161,64.1031,14.6408,-0.6512,82; 67; 69; 79; 84; 78; 73; 83; 38; 37,male_players.csv,Balance,bar,histogram
0.004,0.0,1.0,65,50,0.0,0.0,0,1,0,0,16161,62.2239,8.7572,-0.127,93; 94; 91; 86; 92; 84; 87; 88; 85; 90,male_players.csv,Reactions,bar,histogram
0.0052,0.0,1.0,84,50,0.0,0.0,0,1,0,0,16161,59.0398,16.7121,-1.4279,92; 90; 83; 89; 87; 91; 30; 42; 23; 77,male_players.csv,Ball Control,bar,histogram
0.0049,0.0,1.0,79,50,0.0,0.0,0,1,0,0,16161,58.2997,12.1552,-0.564,88; 94; 87; 83; 92; 65; 66; 90; 70; 86,male_players.csv,Composure,bar,histogram
0.0052,0.0,1.0,84,50,0.0,0.0,0,1,0,0,16161,47.3333,20.7468,-0.4109,38; 84; 43; 82; 26; 66; 42; 69; 11; 15,male_players.csv,Interceptions,bar,histogram
0.0054,0.0,1.0,87,50,0.0,0.0,0,1,0,0,16161,51.8687,17.3717,-0.901,73; 81; 83; 75; 50; 55; 91; 12; 29; 13,male_players.csv,Heading Accuracy,bar,histogram
0.0054,0.0,1.0,87,50,0.0,0.0,0,1,0,0,16161,47.0189,20.4089,-0.4421,26; 92; 38; 77; 32; 66; 46; 68; 21; 15,male_players.csv,Def Awareness,bar,histogram
0.0051,0.0,1.0,83,50,0.0,0.0,0,1,0,0,16161,48.8796,20.9791,-0.4828,34; 87; 47; 79; 25; 70; 46; 72; 14; 19,male_players.csv,Standing Tackle,bar,histogram
0.005,0.0,1.0,81,50,0.0,0.0,0,1,0,0,16161,46.6355,20.5094,-0.4072,32; 82; 29; 77; 18; 53; 38; 57; 16; 44,male_players.csv,Sliding Tackle,bar,histogram
0.0043,0.0,1.0,69,50,0.0,0.0,0,1,0,0,16161,66.1734,11.7552,-0.4155,88; 83; 92; 84; 74; 71; 87; 66; 73; 82,male_players.csv,Jumping,bar,histogram
0.005,0.0,1.0,81,50,0.0,0.0,0,1,0,0,16161,63.4269,16.4504,-1.0039,88; 91; 76; 93; 84; 75; 41; 32; 38; 83,male_players.csv,Stamina,bar,histogram
0.0043,0.0,1.0,70,50,0.0,0.0,0,1,0,0,16161,65.3171,12.3707,-0.3978,77; 83; 93; 65; 75; 86; 56; 78; 70; 85,male_players.csv,Strength,bar,histogram
0.0052,0.0,1.0,84,50,0.0,0.0,0,1,0,0,16161,56.343,16.7714,-0.5945,64; 85; 88; 58; 75; 80; 30; 27; 23; 87,male_players.csv,Aggression,bar,histogram
0.0007,0.0,0.0,12,12,2.14,0.0,0,0,0,0,16161,0.0,0.0,0.0,ST; CDM; CAM; LW; CM; GK; CB; RW; LB; LM,male_players.csv,Position,bar,bar
0.0003,0.0,1.0,5,5,0.0,0.0,0,1,0,0,16161,2.952,0.6771,0.2426,4; 3; 5; 2,male_players.csv,Weak foot,bar,bar
0.0003,0.0,1.0,5,5,0.0,0.0,0,1,0,0,16161,2.3933,0.7837,0.157,5; 3; 4; 1; 2,male_players.csv,Skill moves,bar,bar
0.0001,0.0,0.0,2,2,4.76,0.0,1,0,0,0,16161,0.0,0.0,0.0,Right; Left,male_players.csv,Preferred foot,pie,pie
0.003,0.0,0.0,48,48,12.25,0.0,0,0,0,0,16161,0.0,0.0,0.0,"182cm / 6'0""; 191cm / 6'3""; 195cm / 6'5""; 186cm / 6'1""; 176cm / 5'9""; 181cm / 5'11""; 188cm / 6'2""; 178cm / 5'10""; 196cm / 6'5""; 193cm / 6'4""",male_players.csv,Height,bar,bar
0.0033,0.0,0.0,53,50,12.0,0.0,0,0,0,0,16161,0.0,0.0,0.0,75kg / 165lb; 82kg / 181lb; 94kg / 207lb; 73kg / 161lb; 86kg / 190lb; 68kg / 150lb; 90kg / 198lb; 91kg / 201lb; 96kg / 212lb; 72kg / 159lb,male_players.csv,Weight,bar,bar
0.0239,0.4484,0.0,213,50,4.1,0.0,0,0,0,0,16161,0.0,0.0,0.0,"LW; CM; ST, LM; CAM; RM; LW, CAM, RM; ST, CAM, RM; RW; LM; LM, CM",male_players.csv,Alternative positions,bar,bar
0.0017,0.0,1.0,28,28,0.0,0.0,0,1,0,0,16161,25.7905,4.6627,0.4276,25; 28; 24; 21; 33; 31; 32; 27; 37; 36,male_players.csv,Age,bar,histogram
0.0095,0.0,0.0,154,50,7.77,0.0,0,0,0,0,16161,0.0,0.0,0.0,France; Spain; Norway; England; Brazil; Belgium; Italy; Argentina; Holland; Germany,male_players.csv,Nation,bar,bar
0.0028,0.0,0.0,45,45,12.11,0.0,0,0,0,0,16161,0.0,0.0,0.0,LALIGA EA SPORTS; Premier League; Bundesliga; Ligue 1 McDonald's; Serie A Enilive; MLS; ROSHN Saudi League; Liga Portugal; Libertadores; Serie BKT,male_players.csv,League,bar,bar
0.0407,0.0,0.0,657,50,10.96,0.0,0,0,0,0,16161,0.0,0.0,0.0,Real Madrid; Manchester City; FC Bayern München; Arsenal; Paris SG; Liverpool; Lombardia FC; FC Barcelona; Inter Miami CF; Atlético de Madrid,male_players.csv,Team,bar,bar
0.1992,0.5372,0.0,1490,50,19.91,0.0,0,0,0,0,16161,0.0,0.0,0.0,"Quick Step+, Acrobatic, Finesse Shot, Flair, Rapid, Trivela; Tiki Taka+, Aerial, Bruiser, Long Ball Pass, Power Shot, Press Proven; Acrobatic+, Bruiser, Power Header, Power Shot, Press Proven; Relentless+, Flair, Intercept, Slide Tackle, Technical; Quick Step+, Chip Shot, Finesse Shot, First Touch, Flair, Rapid, Trivela; Incisive Pass+, Dead Ball, Long Ball Pass, Pinged Pass, Trivela, Whipped Pass...",male_players.csv,play style,bar,bar
1.0,0.0,0.0,16161,50,81.33,0.0,0,0,0,1,16161,0.0,0.0,0.0,https://www.ea.com/games/ea-sports-fc/ratings/player-ratings/kylian-mbappe/231747; https://www.ea.com/games/ea-sports-fc/ratings/player-ratings/rodri/231866; https://www.ea.com/games/ea-sports-fc/ratings/player-ratings/erling-haaland/239085; https://www.ea.com/games/ea-sports-fc/ratings/player-ratings/jude-bellingham/252371; https://www.ea.com/games/ea-sports-fc/ratings/player-ratings/vini-jr/2387...,male_players.csv,url,none,none
0.0242,0.8876,1.0,44,44,0.0,0.0,0,1,0,0,16161,65.2825,7.3515,0.1378,90.0; 86.0; 85.0; 87.0; 84.0; 83.0; 81.0; 82.0; 79.0; 80.0,male_players.csv,GK Diving,bar,histogram
0.0242,0.8876,1.0,44,44,0.0,0.0,0,1,0,0,16161,63.2814,7.0193,0.2423,84.0; 85.0; 89.0; 82.0; 90.0; 86.0; 83.0; 81.0; 80.0; 78.0,male_players.csv,GK Handling,bar,histogram
0.0264,0.8876,1.0,48,48,0.0,0.0,0,1,0,0,16161,62.3618,7.403,0.4268,73.0; 85.0; 76.0; 89.0; 91.0; 78.0; 83.0; 90.0; 72.0; 77.0,male_players.csv,GK Kicking,bar,histogram
0.027,0.8876,1.0,49,49,0.0,0.0,0,1,0,0,16161,63.6459,8.0265,0.1012,87.0; 90.0; 88.0; 86.0; 84.0; 85.0; 83.0; 82.0; 79.0; 80.0,male_players.csv,GK Positioning,bar,histogram
0.0259,0.8876,1.0,47,47,0.0,0.0,0,1,0,0,16161,66.1206,7.7755,0.1931,90.0; 89.0; 91.0; 87.0; 88.0; 86.0; 83.0; 85.0; 82.0; 81.0,male_players.csv,GK Reflexes,bar,histogram
1.0,0.0,0.0,116185,50,19.0,1.0,0,0,0,0,116189,0.0,0.0,0.0,2005-12-31 01:00:00; 2005-12-31 02:00:00; 2005-12-31 03:00:00; 2005-12-31 04:00:00; 2005-12-31 05:00:00; 2005-12-31 06:00:00; 2005-12-31 07:00:00; 2005-12-31 08:00:00; 2005-12-31 09:00:00; 2005-12-31 10:00:00,DOM_hourly.csv,Datetime,line,none
0.1004,0.0,1.0,11664,50,0.0,0.0,0,1,0,0,116189,10949.2036,2413.9466,0.6981,9389.0; 9070.0; 9001.0; 9042.0; 9132.0; 9353.0; 9722.0; 10193.0; 10586.0; 10916.0,DOM_hourly.csv,DOM_MW,bar,histogram
1.0,0.0,0.0,119064,50,19.0,1.0,0,0,0,0,119068,0.0,0.0,0.0,2005-12-31 01:00:00; 2005-12-31 02:00:00; 2005-12-31 03:00:00; 2005-12-31 04:00:00; 2005-12-31 05:00:00; 2005-12-31 06:00:00; 2005-12-31 07:00:00; 2005-12-31 08:00:00; 2005-12-31 09:00:00; 2005-12-31 10:00:00,DUQ_hourly.csv,Datetime,line,none
0.0158,0.0,1.0,1882,50,0.0,0.0,0,1,0,0,119068,1658.8203,301.7406,0.8513,1458.0; 1377.0; 1351.0; 1336.0; 1356.0; 1372.0; 1402.0; 1425.0; 1502.0; 1556.0,DUQ_hourly.csv,DUQ_MW,bar,histogram
0.9998,0.0,0.0,27972,50,464.58,0.0,0,0,0,1,27977,0.0,0.0,0.0,dear american teens question dutch person heard guys get way easier things learn age us sooooo thth graders like  right guys learn math; nothing look forward lifei dont many reasons keep going feel like nothing keeps going next day makes want hang myself; music recommendations im looking expand playlist usual genres alt pop minnesota hip hop steampunk various indie genres artists people like cavet...,mental_health.csv,text,none,none
0.0001,0.0,1.0,2,2,0.0,0.0,1,1,0,0,27977,0.4946,0.5,0.0215,0; 1,mental_health.csv,label,bar,pie
0.9999,0.0,0.0,62870,50,19.0,1.0,0,0,0,0,62874,0.0,0.0,0.0,2011-12-31 01:00:00; 2011-12-31 02:00:00; 2011-12-31 03:00:00; 2011-12-31 04:00:00; 2011-12-31 05:00:00; 2011-12-31 06:00:00; 2011-12-31 07:00:00; 2011-12-31 08:00:00; 2011-12-31 09:00:00; 2011-12-31 10:00:00,FE_hourly.csv,Datetime,line,none
0.107,0.0,1.0,6725,50,0.0,0.0,0,1,0,0,62874,7792.1591,1331.268,0.6642,6222.0; 5973.0; 5778.0; 5707.0; 5691.0; 5803.0; 5995.0; 6307.0; 6548.0; 6786.0,FE_hourly.csv,FE_MW,bar,histogram
0.002,0.0,0.0,2,2,5.04,0.0,1,0,0,0,1000,0.0,0.0,0.0,female; male,StudentsPerformance.csv,gender,pie,pie
0.005,0.0,0.0,5,5,7.0,0.0,0,0,0,0,1000,0.0,0.0,0.0,group B; group C; group A; group D; group E,StudentsPerformance.csv,race/ethnicity,bar,bar
0.006,0.0,0.0,6,6,14.62,0.0,0,0,0,0,1000,0.0,0.0,0.0,bachelor's degree; some college; master's degree; associate's degree; high school; some high school,StudentsPerformance.csv,parental level of education,bar,bar
0.002,0.0,0.0,2,2,9.42,0.0,1,0,0,0,1000,0.0,0.0,0.0,standard; free/reduced,StudentsPerformance.csv,lunch,pie,pie
0.002,0.0,0.0,2,2,5.79,0.0,1,0,0,0,1000,0.0,0.0,0.0,none; completed,StudentsPerformance.csv,test preparation course,pie,pie
0.081,0.0,1.0,81,50,0.0,0.0,0,1,0,0,1000,66.089,15.1631,-0.2789,72; 69; 90; 47; 76; 71; 88; 40; 64; 38,StudentsPerformance.csv,math score,bar,histogram
0.072,0.0,1.0,72,50,0.0,0.0,0,1,0,0,1000,69.169,14.6002,-0.2591,72; 90; 95; 57; 78; 83; 43; 64; 60; 54,StudentsPerformance.csv,reading score,bar,histogram
0.077,0.0,1.0,77,50,0.0,0.0,0,1,0,0,1000,68.054,15.1957,-0.2894,74; 88; 93; 44; 75; 78; 92; 39; 67; 50,StudentsPerformance.csv,writing score,bar,histogram
0.2734,0.0,0.0,6523,50,3.61,0.43,0,0,0,0,23860,0.0,0.0,0.0,Duration (in seconds); 710; 434; 718; 621; 731; 1142; 959; 1758; 641,multipleChoiceResponses.csv,Time from Start to Finish (seconds),none,line
0.0002,0.0,0.0,5,5,4.59,0.0,0,0,0,0,23860,0.0,0.0,0.0,What is your gender? - Selected Choice; Female; Male; Prefer not to say,multipleChoiceResponses.csv,Q1,bar,bar
0.0028,0.0,0.0,68,50,2.0,0.0,0,0,0,0,23860,0.0,0.0,0.0,What is your gender? - Prefer to self-describe - Text; -1,multipleChoiceResponses.csv,Q1_OTHER_TEXT,bar,bar
0.0005,0.0,0.0,13,13,5.0,0.0,0,0,0,0,23860,0.0,0.0,0.0,What is your age (# years)?; 45-49; 30-34; 35-39; 22-24; 25-29; 18-21; 40-44; 55-59; 60-69,multipleChoiceResponses.csv,Q2,bar,bar
0.0025,0.0,0.0,59,50,11.72,0.0,0,0,0,0,23860,0.0,0.0,0.0,In which country do you currently reside?; United States of America; Indonesia; India; Colombia; Chile; Turkey; Hungary; Ireland; France,multipleChoiceResponses.csv,Q3,bar,bar
0.0003,0.0176,0.0,8,8,18.08,0.0,0,0,0,0,23860,0.0,0.0,0.0,What is the highest level of formal education that you have attained or plan to attain within the next 2 years?; Doctoral degree; Bachelor’s degree; Master’s degree; Professional degree; Some college/university study without earning a bachelor’s degree; I prefer not to answer,multipleChoiceResponses.csv,Q4,bar,bar
0.0006,0.0382,0.0,14,14,40.62,0.0,0,0,0,0,23860,0.0,0.0,0.0,"Which best describes your undergraduate major? - Selected Choice; Other; Engineering (non-computer focused); Computer science (software engineering, etc.); Social sciences (anthropology, psychology, sociology, etc.); Mathematics or statistics; Physics or astronomy; Information technology, networking, or system administration; A business discipline (accounting, economics, finance, etc.); Environmen...",multipleChoiceResponses.csv,Q5,bar,bar
0.001,0.0402,0.0,22,22,12.31,0.0,0,0,0,0,23860,0.0,0.0,0.0,Select the title most similar to your current role (or most recent title if retired): - Selected Choice; Consultant; Other; Data Scientist; Not employed; Data Analyst; Software Engineer; Student; Research Assistant; Chief Officer,multipleChoiceResponses.csv,Q6,bar,bar
0.0362,0.0,0.0,864,50,2.04,0.0,0,0,0,0,23860,0.0,0.0,0.0,Select the title most similar to your current role (or most recent title if retired): - Other - Text; -1; 0; 1; 2; 3; 4; 5; 6; 7,multipleChoiceResponses.csv,Q6_OTHER_TEXT,bar,bar
0.0009,0.0911,0.0,20,20,19.08,0.0,0,0,0,0,23860,0.0,0.0,0.0,In what industry is your current employer/contract (or your most recent employer if retired)? - Selected Choice; Other; Manufacturing/Fabrication; I am a student; Computers/Technology; Academics/Education; Online Service/Internet-based Services; Medical/Pharmaceutical; Energy/Mining; Retail/Sales,multipleChoiceResponses.csv,Q7,bar,bar
0.0234,0.0,0.0,559,50,2.02,0.0,0,0,0,0,23860,0.0,0.0,0.0,In what industry is your current employer/contract (or your most recent employer if retired)? - Other - Text; 0; -1; 1; 2; 3; 4; 5; 6; 7,multipleChoiceResponses.csv,Q7_OTHER_TEXT,bar,bar
0.0006,0.1156,0.0,12,12,3.41,0.632,0,0,0,0,23860,0.0,0.0,0.0,How many years of experience do you have in your current role?; 5-10; 0-1; 10-15; 3-4; 1-2; 2-3; 15-20; 4-5; 20-25,multipleChoiceResponses.csv,Q8,bar,line
0.001,0.154,0.0,20,20,21.04,0.0,0,0,0,0,23860,0.0,0.0,0.0,"What is your current yearly compensation (approximate $USD)?; 10-20,000; 0-10,000; I do not wish to disclose my approximate yearly compensation; 20-30,000; 125-150,000; 30-40,000; 50-60,000; 100-125,000; 90-100,000",multipleChoiceResponses.csv,Q9,bar,bar
0.0003,0.1337,0.0,7,7,61.16,0.0,0,0,0,0,23860,0.0,0.0,0.0,"Does your current employer incorporate machine learning methods into their business?; I do not know; No (we do not use ML methods); We are exploring ML methods (and may one day put a model into production); We recently started using ML methods (i.e., models in production for less than 2 years); We have well established ML methods (i.e., models in production for more than 2 years); We use ML method...",multipleChoiceResponses.csv,Q10,bar,bar
0.0002,0.6005,0.0,2,2,70.01,0.0,1,0,0,0,23860,0.0,0.0,0.0,Select any activities that make up an important part of your role at work: (Select all that apply) - Selected Choice - Analyze and understand data to influence product or business decisions; Analyze and understand data to influence product or business decisions,multipleChoiceResponses.csv,Q11_Part_1,pie,pie
0.0004,0.7702,0.0,2,2,95.02,0.0,1,0,0,0,23860,0.0,0.0,0.0,Select any activities that make up an important part of your role at work: (Select all that apply) - Selected Choice - Build and/or run a machine learning service that operationally improves my product or workflows; Build and/or run a machine learning service that operationally improves my product or workflows,multipleChoiceResponses.csv,Q11_Part_2,pie,pie
0.0004,0.7806,0.0,2,2,112.02,0.0,1,0,0,0,23860,0.0,0.0,0.0,"Select any activities that make up an important part of your role at work: (Select all that apply) - Selected Choice - Build and/or run the data infrastructure that my business uses for storing, analyzing, and operationalizing data; Build and/or run the data infrastructure that my business uses for storing, analyzing, and operationalizing data",multipleChoiceResponses.csv,Q11_Part_3,pie,pie
0.0003,0.6968,0.0,2,2,66.02,0.0,1,0,0,0,23860,0.0,0.0,0.0,Select any activities that make up an important part of your role at work: (Select all that apply) - Selected Choice - Build prototypes to explore applying machine learning to new areas; Build prototypes to explore applying machine learning to new areas,multipleChoiceResponses.csv,Q11_Part_4,pie,pie
0.0004,0.7932,0.0,2,2,66.02,0.0,1,0,0,0,23860,0.0,0.0,0.0,Select any activities that make up an important part of your role at work: (Select all that apply) - Selected Choice - Do research that advances the state of the art of machine learning; Do research that advances the state of the art of machine learning,multipleChoiceResponses.csv,Q11_Part_5,pie,pie
0.0006,0.8545,0.0,2,2,65.03,0.0,1,0,0,0,23860,0.0,0.0,0.0,Select any activities that make up an important part of your role at work: (Select all that apply) - Selected Choice - None of these activities are an important part of my role at work; None of these activities are an important part of my role at work,multipleChoiceResponses.csv,Q11_Part_6,pie,pie
0.0017,0.95,0.0,2,2,5.1,0.0,1,0,0,0,23860,0.0,0.0,0.0,Select any activities that make up an important part of your role at work: (Select all that apply) - Selected Choice - Other; Other,multipleChoiceResponses.csv,Q11_Part_7,pie,pie
0.0168,0.0,0.0,400,50,2.02,0.0,0,0,0,0,23860,0.0,0.0,0.0,Select any activities that make up an important part of your role at work: (Select all that apply) - Other - Text; -1; 0; 1; 2; 3; 4; 5; 6,multipleChoiceResponses.csv,Q11_OTHER_TEXT,bar,bar
0.0004,0.1953,0.0,7,7,59.11,0.0,0,0,0,0,23860,0.0,0.0,0.0,"What is the primary tool that you use at work or school to analyze data? (include text response) - Selected Choice; Cloud-based data software & APIs (AWS, GCP, Azure, etc.); Basic statistical software (Microsoft Excel, Google Sheets, etc.); Local or hosted development environments (RStudio, JupyterLab, etc.); Advanced statistical software (SPSS, SAS, etc.); Other; Business intelligence software (S...",multipleChoiceResponses.csv,Q12_MULTIPLE_CHOICE,bar,bar
0.0508,0.0,0.0,1211,50,2.01,0.0105,0,0,0,0,23860,0.0,0.0,0.0,"What is the primary tool that you use at work or school to analyze data? (include text response) - Basic statistical software (Microsoft Excel, Google Sheets, etc.) - Text; -1; 1; 2; 3; 4; 5; 6; 7; 8",multipleChoiceResponses.csv,Q12_Part_1_TEXT,bar,bar
0.0212,0.0,0.0,506,50,2.01,0.0,0,0,0,0,23860,0.0,0.0,0.0,"What is the primary tool that you use at work or school to analyze data? (include text response) - Advanced statistical software (SPSS, SAS, etc.) - Text; -1; 1; 2; 3; 4; 5; 6; 7; 8",multipleChoiceResponses.csv,Q12_Part_2_TEXT,bar,bar
0.0202,0.0,0.0,483,50,2.01,0.0,0,0,0,0,23860,0.0,0.0,0.0,"What is the primary tool that you use at work or school to analyze data? (include text response) - Business intelligence software (Salesforce, Tableau, Spotfire, etc.) - Text; -1; 2; 3; 4; 5; 6; 7",multipleChoiceResponses.csv,Q12_Part_3_TEXT,bar,bar
0.1412,0.0,0.0,3368,50,2.23,0.1165,0,0,0,0,23860,0.0,0.0,0.0,"What is the primary tool that you use at work or school to analyze data? (include text response) - Local or hosted development environments (RStudio, JupyterLab, etc.) - Text; -1; 0; 1; 2; 3; 4; 5; 6; 7",multipleChoiceResponses.csv,Q12_Part_4_TEXT,bar,bar
0.0231,0.0,0.0,551,50,2.0,0.0,0,0,0,0,23860,0.0,0.0,0.0,"What is the primary tool that you use at work or school to analyze data? (include text response) - Cloud-based data software & APIs (AWS, GCP, Azure, etc.) - Text; 0; -1; 1; 2; 3; 4; 5; 6; 7",multipleChoiceResponses.csv,Q12_Part_5_TEXT,bar,bar
0.0466,0.0,0.0,1112,50,2.05,0.0055,0,0,0,0,23860,0.0,0.0,0.0,What is the primary tool that you use at work or school to analyze data? (include text response) - Other - Text; -1; 0; 1; 2; 3; 4; 5; 6; 7,multipleChoiceResponses.csv,Q12_OTHER_TEXT,bar,bar
0.0001,0.4128,0.0,2,2,15.01,0.0,1,0,0,0,23860,0.0,0.0,0.0,Which of the following integrated development environments (IDE's) have you used at work or school in the last 5 years? (Select all that apply) - Selected Choice - Jupyter/IPython; Jupyter/IPython,multipleChoiceResponses.csv,Q13_Part_1,pie,pie
0.0002,0.6436,0.0,2,2,7.02,0.0,1,0,0,0,23860,0.0,0.0,0.0,Which of the following integrated development environments (IDE's) have you used at work or school in the last 5 years? (Select all that apply) - Selected Choice - RStudio; RStudio,multipleChoiceResponses.csv,Q13_Part_2,pie,pie
0.0003,0.7041,0.0,2,2,7.02,0.0,1,0,0,0,23860,0.0,0.0,0.0,Which of the following integrated development environments (IDE's) have you used at work or school in the last 5 years? (Select all that apply) - Selected Choice - PyCharm; PyCharm,multipleChoiceResponses.csv,Q13_Part_3,pie,pie
0.0004,0.787,0.0,2,2,18.03,0.0,1,0,0,0,23860,0.0,0.0,0.0,Which of the following integrated development environments (IDE's) have you used at work or school in the last 5 years? (Select all that apply) - Selected Choice - Visual Studio Code; Visual Studio Code,multipleChoiceResponses.csv,Q13_Part_4,pie,pie
0.0156,0.9946,0.0,2,2,8.28,0.0,1,0,0,0,23860,0.0,0.0,0.0,Which of the following integrated development environments (IDE's) have you used at work or school in the last 5 years? (Select all that apply) - Selected Choice - nteract; nteract,multipleChoiceResponses.csv,Q13_Part_5,pie,pie
0.0005,0.8363,0.0,2,2,4.04,0.0,1,0,0,0,23860,0.0,0.0,0.0,Which of the following integrated development environments (IDE's) have you used at work or school in the last 5 years? (Select all that apply) - Selected Choice - Atom; Atom,multipleChoiceResponses.csv,Q13_Part_6,pie,pie
0.0004,0.7623,0.0,2,2,6.03,0.0,1,0,0,0,23860,0.0,0.0,0.0,Which of the following integrated development environments (IDE's) have you used at work or school in the last 5 years? (Select all that apply) - Selected Choice - MATLAB; MATLAB,multipleChoiceResponses.csv,Q13_Part_7,pie,pie
0.0004,0.7858,0.0,2,2,13.03,0.0,1,0,0,0,23860,0.0,0.0,0.0,Which of the following integrated development environments (IDE's) have you used at work or school in the last 5 years? (Select all that apply) - Selected Choice - Visual Studio; Visual Studio,multipleChoiceResponses.csv,Q13_Part_8,pie,pie
0.0003,0.6718,0.0,2,2,9.02,0.0,1,0,0,0,23860,0.0,0.0,0.0,Which of the following integrated development environments (IDE's) have you used at work or school in the last 5 years? (Select all that apply) - Selected Choice - Notepad++; Notepad++,multipleChoiceResponses.csv,Q13_Part_9,pie,pie
0.0003,0.7491,0.0,2,2,12.03,0.0,1,0,0,0,23860,0.0,0.0,0.0,Which of the following integrated development environments (IDE's) have you used at work or school in the last 5 years? (Select all that apply) - Selected Choice - Sublime Text; Sublime Text,multipleChoiceResponses.csv,Q13_Part_10,pie,pie
0.0005,0.8223,0.0,2,2,3.04,0.0,1,0,0,0,23860,0.0,0.0,0.0,Which of the following integrated development environments (IDE's) have you used at work or school in the last 5 years? (Select all that apply) - Selected Choice - Vim; Vim,multipleChoiceResponses.csv,Q13_Part_11,pie,pie
0.0006,0.8551,0.0,2,2,8.05,0.0,1,0,0,0,23860,0.0,0.0,0.0,Which of the following integrated development environments (IDE's) have you used at work or school in the last 5 years? (Select all that apply) - Selected Choice - IntelliJ; IntelliJ,multipleChoiceResponses.csv,Q13_Part_12,pie,pie
0.0004,0.7762,0.0,2,2,6.03,0.0,1,0,0,0,23860,0.0,0.0,0.0,Which of the following integrated development environments (IDE's) have you used at work or school in the last 5 years? (Select all that apply) - Selected Choice - Spyder; Spyder,multipleChoiceResponses.csv,Q13_Part_13,pie,pie
1.0,1.0,0.0,1,1,168.0,0.0,0,0,0,1,23860,0.0,0.0,0.0,Which of the following integrated development environments (IDE's) have you used at work or school in the last 5 years? (Select all that apply) - Selected Choice - None,multipleChoiceResponses.csv,Q13_Part_14,none,none
0.0016,0.9473,0.0,2,2,5.13,0.0,1,0,0,0,23860,0.0,0.0,0.0,Which of the following integrated development environments (IDE's) have you used at work or school in the last 5 years? (Select all that apply) - Selected Choice - Other; Other,multipleChoiceResponses.csv,Q13_Part_15,pie,pie
0.0207,0.0,0.0,495,50,2.02,0.0,0,0,0,0,23860,0.0,0.0,0.0,Which of the following integrated development environments (IDE's) have you used at work or school in the last 5 years? (Select all that apply) - Other - Text; -1; 0; 1; 2; 3,multipleChoiceResponses.csv,Q13_OTHER_TEXT,bar,bar
0.0003,0.7467,0.0,2,2,14.02,0.0,1,0,0,0,23860,0.0,0.0,0.0,Which of the following hosted notebooks have you used at work or school in the last 5 years? (Select all that apply) - Selected Choice - Kaggle Kernels; Kaggle Kernels,multipleChoiceResponses.csv,Q14_Part_1,pie,pie
0.0006,0.8519,0.0,2,2,12.04,0.0,1,0,0,0,23860,0.0,0.0,0.0,Which of the following hosted notebooks have you used at work or school in the last 5 years? (Select all that apply) - Selected Choice - Google Colab; Google Colab,multipleChoiceResponses.csv,Q14_Part_2,pie,pie
0.0015,0.9453,0.0,2,2,14.1,0.0,1,0,0,0,23860,0.0,0.0,0.0,Which of the following hosted notebooks have you used at work or school in the last 5 years? (Select all that apply) - Selected Choice - Azure Notebook; Azure Notebook,multipleChoiceResponses.csv,Q14_Part_3,pie,pie
0.0167,0.995,0.0,2,2,15.14,0.0,1,0,0,0,23860,0.0,0.0,0.0,Which of the following hosted notebooks have you used at work or school in the last 5 years? (Select all that apply) - Selected Choice - Domino Datalab; Domino Datalab,multipleChoiceResponses.csv,Q14_Part_4,pie,pie
0.0015,0.9452,0.0,2,2,20.1,0.0,1,0,0,0,23860,0.0,0.0,0.0,Which of the following hosted notebooks have you used at work or school in the last 5 years? (Select all that apply) - Selected Choice - Google Cloud Datalab; Google Cloud Datalab,multipleChoiceResponses.csv,Q14_Part_5,pie,pie
0.0042,0.9798,0.0,2,2,10.28,0.0,1,0,0,0,23860,0.0,0.0,0.0,Which of the following hosted notebooks have you used at work or school in the last 5 years? (Select all that apply) - Selected Choice - Paperspace; Paperspace,multipleChoiceResponses.csv,Q14_Part_6,pie,pie
0.0055,0.9848,0.0,2,2,8.38,0.0,1,0,0,0,23860,0.0,0.0,0.0,Which of the following hosted notebooks have you used at work or school in the last 5 years? (Select all that apply) - Selected Choice - Floydhub; Floydhub,multipleChoiceResponses.csv,Q14_Part_7,pie,pie
0.0144,0.9942,0.0,2,2,7.99,0.0,1,0,0,0,23860,0.0,0.0,0.0,Which of the following hosted notebooks have you used at work or school in the last 5 years? (Select all that apply) - Selected Choice - Crestle; Crestle,multipleChoiceResponses.csv,Q14_Part_8,pie,pie
0.0004,0.7939,0.0,2,2,17.03,0.0,1,0,0,0,23860,0.0,0.0,0.0,Which of the following hosted notebooks have you used at work or school in the last 5 years? (Select all that apply) - Selected Choice - JupyterHub/Binder; JupyterHub/Binder,multipleChoiceResponses.csv,Q14_Part_9,pie,pie
1.0,1.0,0.0,1,1,141.0,0.0,0,0,0,1,23860,0.0,0.0,0.0,Which of the following hosted notebooks have you used at work or school in the last 5 years? (Select all that apply) - Selected Choice - None,multipleChoiceResponses.csv,Q14_Part_10,none,none
0.0029,0.971,0.0,2,2,5.2,0.0,1,0,0,0,23860,0.0,0.0,0.0,Which of the following hosted notebooks have you used at work or school in the last 5 years? (Select all that apply) - Selected Choice - Other; Other,multipleChoiceResponses.csv,Q14_Part_11,pie,pie
0.0132,0.0,0.0,315,50,2.02,0.0,0,0,0,0,23860,0.0,0.0,0.0,Which of the following hosted notebooks have you used at work or school in the last 5 years? (Select all that apply) - Other - Text; -1; 0; 1; 2; 3; 4,multipleChoiceResponses.csv,Q14_OTHER_TEXT,bar,bar
0.0004,0.7995,0.0,2,2,27.03,0.0,1,0,0,0,23860,0.0,0.0,0.0,Which of the following cloud computing services have you used at work or school in the last 5 years? (Select all that apply) - Selected Choice - Google Cloud Platform (GCP); Google Cloud Platform (GCP),multipleChoiceResponses.csv,Q15_Part_1,pie,pie
0.0003,0.6873,0.0,2,2,25.02,0.0,1,0,0,0,23860,0.0,0.0,0.0,Which of the following cloud computing services have you used at work or school in the last 5 years? (Select all that apply) - Selected Choice - Amazon Web Services (AWS); Amazon Web Services (AWS),multipleChoiceResponses.csv,Q15_Part_2,pie,pie
0.0005,0.8405,0.0,2,2,15.04,0.0,1,0,0,0,23860,0.0,0.0,0.0,Which of the following cloud computing services have you used at work or school in the last 5 years? (Select all that apply) - Selected Choice - Microsoft Azure; Microsoft Azure,multipleChoiceResponses.csv,Q15_Part_3,pie,pie
0.0017,0.9495,0.0,2,2,9.12,0.0,1,0,0,0,23860,0.0,0.0,0.0,Which of the following cloud computing services have you used at work or school in the last 5 years? (Select all that apply) - Selected Choice - IBM Cloud; IBM Cloud,multipleChoiceResponses.csv,Q15_Part_4,pie,pie
0.0036,0.9769,0.0,2,2,13.26,0.0,1,0,0,0,23860,0.0,0.0,0.0,Which of the following cloud computing services have you used at work or school in the last 5 years? (Select all that apply) - Selected Choice - Alibaba Cloud; Alibaba Cloud,multipleChoiceResponses.csv,Q15_Part_5,pie,pie
0.0003,0.7023,0.0,2,2,35.02,0.0,1,0,0,0,23860,0.0,0.0,0.0,Which of the following cloud computing services have you used at work or school in the last 5 years? (Select all that apply) - Selected Choice - I have not used any cloud providers; I have not used any cloud providers,multipleChoiceResponses.csv,Q15_Part_6,pie,pie
0.0026,0.9674,0.0,2,2,5.19,0.0,1,0,0,0,23860,0.0,0.0,0.0,Which of the following cloud computing services have you used at work or school in the last 5 years? (Select all that apply) - Selected Choice - Other; Other,multipleChoiceResponses.csv,Q15_Part_7,pie,pie
0.0156,0.0,0.0,372,50,2.02,0.0,0,0,0,0,23860,0.0,0.0,0.0,Which of the following cloud computing services have you used at work or school in the last 5 years? (Select all that apply) - Other - Text; -1; 0; 1; 2; 3; 4; 5; 6; 7,multipleChoiceResponses.csv,Q15_OTHER_TEXT,bar,bar
0.0001,0.3415,0.0,2,2,6.01,0.0,1,0,0,0,23860,0.0,0.0,0.0,What programming languages do you use on a regular basis? (Select all that apply) - Selected Choice - Python; Python,multipleChoiceResponses.csv,Q16_Part_1,pie,pie
0.0003,0.7198,0.0,2,2,1.02,0.0,1,0,0,0,23860,0.0,0.0,0.0,What programming languages do you use on a regular basis? (Select all that apply) - Selected Choice - R; R,multipleChoiceResponses.csv,Q16_Part_2,pie,pie
0.0002,0.6535,0.0,2,2,3.01,0.0,1,0,0,0,23860,0.0,0.0,0.0,What programming languages do you use on a regular basis? (Select all that apply) - Selected Choice - SQL; SQL,multipleChoiceResponses.csv,Q16_Part_3,pie,pie
0.0007,0.8865,0.0,2,2,4.04,0.0,1,0,0,0,23860,0.0,0.0,0.0,What programming languages do you use on a regular basis? (Select all that apply) - Selected Choice - Bash; Bash,multipleChoiceResponses.csv,Q16_Part_4,pie,pie
0.0005,0.8324,0.0,2,2,4.03,0.0,1,0,0,0,23860,0.0,0.0,0.0,What programming languages do you use on a regular basis? (Select all that apply) - Selected Choice - Java; Java,multipleChoiceResponses.csv,Q16_Part_5,pie,pie
0.0006,0.8638,0.0,2,2,21.03,0.0,1,0,0,0,23860,0.0,0.0,0.0,What programming languages do you use on a regular basis? (Select all that apply) - Selected Choice - Javascript/Typescript; Javascript/Typescript,multipleChoiceResponses.csv,Q16_Part_6,pie,pie
0.0016,0.9466,0.0,2,2,16.08,0.0,1,0,0,0,23860,0.0,0.0,0.0,What programming languages do you use on a regular basis? (Select all that apply) - Selected Choice - Visual Basic/VBA; Visual Basic/VBA,multipleChoiceResponses.csv,Q16_Part_7,pie,pie
0.0005,0.8163,0.0,2,2,5.02,0.0,1,0,0,0,23860,0.0,0.0,0.0,What programming languages do you use on a regular basis? (Select all that apply) - Selected Choice - C/C++; C/C++,multipleChoiceResponses.csv,Q16_Part_8,pie,pie
0.0008,0.8888,0.0,2,2,6.04,0.0,1,0,0,0,23860,0.0,0.0,0.0,What programming languages do you use on a regular basis? (Select all that apply) - Selected Choice - MATLAB; MATLAB,multipleChoiceResponses.csv,Q16_Part_9,pie,pie
0.0025,0.9669,0.0,2,2,5.13,0.0,1,0,0,0,23860,0.0,0.0,0.0,What programming languages do you use on a regular basis? (Select all that apply) - Selected Choice - Scala; Scala,multipleChoiceResponses.csv,Q16_Part_10,pie,pie
0.0087,0.9903,0.0,2,2,5.44,0.0,1,0,0,0,23860,0.0,0.0,0.0,What programming languages do you use on a regular basis? (Select all that apply) - Selected Choice - Julia; Julia,multipleChoiceResponses.csv,Q16_Part_11,pie,pie
0.0051,0.9834,0.0,2,2,2.26,0.0,1,0,0,0,23860,0.0,0.0,0.0,What programming languages do you use on a regular basis? (Select all that apply) - Selected Choice - Go; Go,multipleChoiceResponses.csv,Q16_Part_12,pie,pie
0.0012,0.93,0.0,2,2,7.06,0.0,1,0,0,0,23860,0.0,0.0,0.0,What programming languages do you use on a regular basis? (Select all that apply) - Selected Choice - C#/.NET; C#/.NET,multipleChoiceResponses.csv,Q16_Part_13,pie,pie
0.0017,0.9493,0.0,2,2,3.08,0.0,1,0,0,0,23860,0.0,0.0,0.0,What programming languages do you use on a regular basis? (Select all that apply) - Selected Choice - PHP; PHP,multipleChoiceResponses.csv,Q16_Part_14,pie,pie
0.0058,0.9856,0.0,2,2,4.3,0.0,1,0,0,0,23860,0.0,0.0,0.0,What programming languages do you use on a regular basis? (Select all that apply) - Selected Choice - Ruby; Ruby,multipleChoiceResponses.csv,Q16_Part_15,pie,pie
0.0019,0.9559,0.0,2,2,9.1,0.0,1,0,0,0,23860,0.0,0.0,0.0,What programming languages do you use on a regular basis? (Select all that apply) - Selected Choice - SAS/STATA; SAS/STATA,multipleChoiceResponses.csv,Q16_Part_16,pie,pie
1.0,1.0,0.0,1,1,106.0,0.0,0,0,0,1,23860,0.0,0.0,0.0,What programming languages do you use on a regular basis? (Select all that apply) - Selected Choice - None,multipleChoiceResponses.csv,Q16_Part_17,none,none
0.0032,0.9738,0.0,2,2,5.16,0.0,1,0,0,0,23860,0.0,0.0,0.0,What programming languages do you use on a regular basis? (Select all that apply) - Selected Choice - Other; Other,multipleChoiceResponses.csv,Q16_Part_18,pie,pie
0.0128,0.0,0.0,306,50,2.01,0.0,0,0,0,0,23860,0.0,0.0,0.0,What programming languages do you use on a regular basis? (Select all that apply) - Other - Text; -1; 0; 1; 2; 3; 4; 5,multipleChoiceResponses.csv,Q16_OTHER_TEXT,bar,bar
0.0012,0.362,0.0,18,18,5.41,0.0,0,0,0,0,23860,0.0,0.0,0.0,What specific programming language do you use most often? - Selected Choice; Java; Python; SQL; Javascript/Typescript; C#/.NET; R; MATLAB; C/C++; Visual Basic/VBA,multipleChoiceResponses.csv,Q17,bar,bar
0.0031,0.0,0.0,74,50,2.0,0.0,0,0,0,0,23860,0.0,0.0,0.0,What specific programming language do you use most often? - Other - Text; -1,multipleChoiceResponses.csv,Q17_OTHER_TEXT,bar,bar
0.0007,0.2181,0.0,13,13,5.14,0.0,0,0,0,0,23860,0.0,0.0,0.0,What programming language would you recommend an aspiring data scientist to learn first? - Selected Choice; Python; SQL; R; Other; Scala; Java; MATLAB; C++,multipleChoiceResponses.csv,Q18,bar,bar
0.0047,0.0,0.0,113,50,2.0,0.0,0,0,0,0,23860,0.0,0.0,0.0,What programming language would you recommend an aspiring data scientist to learn first? - Other - Text; -1; 0; 1,multipleChoiceResponses.csv,Q18_OTHER_TEXT,bar,bar
0.0002,0.4866,0.0,2,2,12.01,0.0,1,0,0,0,23860,0.0,0.0,0.0,What machine learning frameworks have you used in the past 5 years? (Select all that apply) - Selected Choice - Scikit-Learn; Scikit-Learn,multipleChoiceResponses.csv,Q19_Part_1,pie,pie
0.0002,0.5816,0.0,2,2,10.01,0.0,1,0,0,0,23860,0.0,0.0,0.0,What machine learning frameworks have you used in the past 5 years? (Select all that apply) - Selected Choice - TensorFlow; TensorFlow,multipleChoiceResponses.csv,Q19_Part_2,pie,pie
0.0002,0.659,0.0,2,2,5.01,0.0,1,0,0,0,23860,0.0,0.0,0.0,What machine learning frameworks have you used in the past 5 years? (Select all that apply) - Selected Choice - Keras; Keras,multipleChoiceResponses.csv,Q19_Part_3,pie,pie
0.0005,0.8396,0.0,2,2,7.03,0.0,1,0,0,0,23860,0.0,0.0,0.0,What machine learning frameworks have you used in the past 5 years? (Select all that apply) - Selected Choice - PyTorch; PyTorch,multipleChoiceResponses.csv,Q19_Part_4,pie,pie
0.001,0.9138,0.0,2,2,11.05,0.0,1,0,0,0,23860,0.0,0.0,0.0,What machine learning frameworks have you used in the past 5 years? (Select all that apply) - Selected Choice - Spark MLlib; Spark MLlib,multipleChoiceResponses.csv,Q19_Part_5,pie,pie
0.0015,0.9452,0.0,2,2,3.09,0.0,1,0,0,0,23860,0.0,0.0,0.0,What machine learning frameworks have you used in the past 5 years? (Select all that apply) - Selected Choice - H20; H20,multipleChoiceResponses.csv,Q19_Part_6,pie,pie
0.0018,0.9539,0.0,2,2,6.1,0.0,1,0,0,0,23860,0.0,0.0,0.0,What machine learning frameworks have you used in the past 5 years? (Select all that apply) - Selected Choice - Fastai; Fastai,multipleChoiceResponses.csv,Q19_Part_7,pie,pie
0.0034,0.9751,0.0,2,2,5.19,0.0,1,0,0,0,23860,0.0,0.0,0.0,What machine learning frameworks have you used in the past 5 years? (Select all that apply) - Selected Choice - Mxnet; Mxnet,multipleChoiceResponses.csv,Q19_Part_8,pie,pie
0.0009,0.9069,0.0,2,2,5.05,0.0,1,0,0,0,23860,0.0,0.0,0.0,What machine learning frameworks have you used in the past 5 years? (Select all that apply) - Selected Choice - Caret; Caret,multipleChoiceResponses.csv,Q19_Part_9,pie,pie
0.0004,0.7665,0.0,2,2,7.02,0.0,1,0,0,0,23860,0.0,0.0,0.0,What machine learning frameworks have you used in the past 5 years? (Select all that apply) - Selected Choice - Xgboost; Xgboost,multipleChoiceResponses.csv,Q19_Part_10,pie,pie
0.0038,0.9778,0.0,2,2,3.21,0.0,1,0,0,0,23860,0.0,0.0,0.0,What machine learning frameworks have you used in the past 5 years? (Select all that apply) - Selected Choice - mlr; mlr,multipleChoiceResponses.csv,Q19_Part_11,pie,pie
0.0027,0.9693,0.0,2,2,7.15,0.0,1,0,0,0,23860,0.0,0.0,0.0,What machine learning frameworks have you used in the past 5 years? (Select all that apply) - Selected Choice - Prophet; Prophet,multipleChoiceResponses.csv,Q19_Part_12,pie,pie
0.0003,0.7499,0.0,2,2,12.02,0.0,1,0,0,0,23860,0.0,0.0,0.0,What machine learning frameworks have you used in the past 5 years? (Select all that apply) - Selected Choice - randomForest; randomForest,multipleChoiceResponses.csv,Q19_Part_13,pie,pie
0.001,0.912,0.0,2,2,8.05,0.0,1,0,0,0,23860,0.0,0.0,0.0,What machine learning frameworks have you used in the past 5 years? (Select all that apply) - Selected Choice - lightgbm; lightgbm,multipleChoiceResponses.csv,Q19_Part_14,pie,pie
0.0019,0.9565,0.0,2,2,8.11,0.0,1,0,0,0,23860,0.0,0.0,0.0,What machine learning frameworks have you used in the past 5 years? (Select all that apply) - Selected Choice - catboost; catboost,multipleChoiceResponses.csv,Q19_Part_15,pie,pie
0.0027,0.9688,0.0,2,2,4.15,0.0,1,0,0,0,23860,0.0,0.0,0.0,What machine learning frameworks have you used in the past 5 years? (Select all that apply) - Selected Choice - CNTK; CNTK,multipleChoiceResponses.csv,Q19_Part_16,pie,pie
0.0018,0.9538,0.0,2,2,5.1,0.0,1,0,0,0,23860,0.0,0.0,0.0,What machine learning frameworks have you used in the past 5 years? (Select all that apply) - Selected Choice - Caffe; Caffe,multipleChoiceResponses.csv,Q19_Part_17,pie,pie
1.0,1.0,0.0,1,1,116.0,0.0,0,0,0,1,23860,0.0,0.0,0.0,What machine learning frameworks have you used in the past 5 years? (Select all that apply) - Selected Choice - None,multipleChoiceResponses.csv,Q19_Part_18,none,none
0.0037,0.9775,0.0,2,2,5.21,0.0,1,0,0,0,23860,0.0,0.0,0.0,What machine learning frameworks have you used in the past 5 years? (Select all that apply) - Selected Choice - Other; Other,multipleChoiceResponses.csv,Q19_Part_19,pie,pie
0.0132,0.0,0.0,316,50,2.01,0.0,0,0,0,0,23860,0.0,0.0,0.0,What machine learning frameworks have you used in the past 5 years? (Select all that apply) - Other - Text; -1; 0; 1; 2,multipleChoiceResponses.csv,Q19_OTHER_TEXT,bar,bar
0.0015,0.4556,0.0,19,19,9.63,0.0,0,0,0,0,23860,0.0,0.0,0.0,"Of the choices that you selected in the previous question, which ML library have you used the most? - Selected Choice; Scikit-Learn; Keras; TensorFlow; Caret; Spark MLlib; Caffe; mlr; PyTorch; randomForest",multipleChoiceResponses.csv,Q20,bar,bar
0.0033,0.0,0.0,79,50,2.0,0.0,0,0,0,0,23860,0.0,0.0,0.0,"Of the choices that you selected in the previous question, which ML library have you used the most? - Other - Text; -1",multipleChoiceResponses.csv,Q20_OTHER_TEXT,bar,bar
0.0003,0.6751,0.0,2,2,7.02,0.0,1,0,0,0,23860,0.0,0.0,0.0,What data visualization libraries or tools have you used in the past 5 years? (Select all that apply) - Selected Choice - ggplot2; ggplot2,multipleChoiceResponses.csv,Q21_Part_1,pie,pie
0.0001,0.4387,0.0,2,2,10.01,0.0,1,0,0,0,23860,0.0,0.0,0.0,What data visualization libraries or tools have you used in the past 5 years? (Select all that apply) - Selected Choice - Matplotlib; Matplotlib,multipleChoiceResponses.csv,Q21_Part_2,pie,pie
0.0091,0.9908,0.0,2,2,6.55,0.0,1,0,0,0,23860,0.0,0.0,0.0,What data visualization libraries or tools have you used in the past 5 years? (Select all that apply) - Selected Choice - Altair; Altair,multipleChoiceResponses.csv,Q21_Part_3,pie,pie
0.0008,0.8898,0.0,2,2,5.05,0.0,1,0,0,0,23860,0.0,0.0,0.0,What data visualization libraries or tools have you used in the past 5 years? (Select all that apply) - Selected Choice - Shiny; Shiny,multipleChoiceResponses.csv,Q21_Part_4,pie,pie
0.0009,0.907,0.0,2,2,2.05,0.0,1,0,0,0,23860,0.0,0.0,0.0,What data visualization libraries or tools have you used in the past 5 years? (Select all that apply) - Selected Choice - D3; D3,multipleChoiceResponses.csv,Q21_Part_5,pie,pie
0.0004,0.7654,0.0,2,2,6.02,0.0,1,0,0,0,23860,0.0,0.0,0.0,What data visualization libraries or tools have you used in the past 5 years? (Select all that apply) - Selected Choice - Plotly; Plotly,multipleChoiceResponses.csv,Q21_Part_6,pie,pie
0.001,0.92,0.0,2,2,5.06,0.0,1,0,0,0,23860,0.0,0.0,0.0,What data visualization libraries or tools have you used in the past 5 years? (Select all that apply) - Selected Choice - Bokeh; Bokeh,multipleChoiceResponses.csv,Q21_Part_7,pie,pie
0.0003,0.6741,0.0,2,2,7.02,0.0,1,0,0,0,23860,0.0,0.0,0.0,What data visualization libraries or tools have you used in the past 5 years? (Select all that apply) - Selected Choice - Seaborn; Seaborn,multipleChoiceResponses.csv,Q21_Part_8,pie,pie
0.0026,0.9678,0.0,2,2,10.16,0.0,1,0,0,0,23860,0.0,0.0,0.0,What data visualization libraries or tools have you used in the past 5 years? (Select all that apply) - Selected Choice - Geoplotlib; Geoplotlib,multipleChoiceResponses.csv,Q21_Part_9,pie,pie
0.002,0.9575,0.0,2,2,7.12,0.0,1,0,0,0,23860,0.0,0.0,0.0,What data visualization libraries or tools have you used in the past 5 years? (Select all that apply) - Selected Choice - Leaflet; Leaflet,multipleChoiceResponses.csv,Q21_Part_10,pie,pie
0.0023,0.9634,0.0,2,2,7.14,0.0,1,0,0,0,23860,0.0,0.0,0.0,What data visualization libraries or tools have you used in the past 5 years? (Select all that apply) - Selected Choice - Lattice; Lattice,multipleChoiceResponses.csv,Q21_Part_11,pie,pie
1.0,1.0,0.0,1,1,126.0,0.0,0,0,0,1,23860,0.0,0.0,0.0,What data visualization libraries or tools have you used in the past 5 years? (Select all that apply) - Selected Choice - None,multipleChoiceResponses.csv,Q21_Part_12,none,none
0.0034,0.9754,0.0,2,2,5.21,0.0,1,0,0,0,23860,0.0,0.0,0.0,What data visualization libraries or tools have you used in the past 5 years? (Select all that apply) - Selected Choice - Other; Other,multipleChoiceResponses.csv,Q21_Part_13,pie,pie
0.0127,0.0,0.0,302,50,2.01,0.0,0,0,0,0,23860,0.0,0.0,0.0,What data visualization libraries or tools have you used in the past 5 years? (Select all that apply) - Other - Text; -1; 0; 1; 2; 3,multipleChoiceResponses.csv,Q21_OTHER_TEXT,bar,bar
0.0011,0.4893,0.0,13,13,8.46,0.0,0,0,0,0,23860,0.0,0.0,0.0,"Of the choices that you selected in the previous question, which specific data visualization library or tool have you used the most? - Selected Choice; ggplot2; Matplotlib; D3; Seaborn; Plotly; Shiny; Other; Geoplotlib",multipleChoiceResponses.csv,Q22,bar,bar
0.0029,0.0,0.0,70,50,2.0,0.0,0,0,0,0,23860,0.0,0.0,0.0,"Of the choices that you selected in the previous question, which specific data visualization library or tool have you used the most? - Other - Text; -1; 0",multipleChoiceResponses.csv,Q22_OTHER_TEXT,bar,bar
0.0004,0.2226,0.0,7,7,20.39,0.0,0,0,0,0,23860,0.0,0.0,0.0,Approximately what percent of your time at work or school is spent actively coding?; 0% of my time; 1% to 25% of my time; 75% to 99% of my time; 50% to 74% of my time; 25% to 49% of my time; 100% of my time,multipleChoiceResponses.csv,Q23,bar,bar
0.0006,0.2232,0.0,11,11,10.73,0.0,0,0,0,0,23860,0.0,0.0,0.0,How long have you been writing code to analyze data?; I have never written code but I want to learn; 5-10 years; 3-5 years; < 1 year; 1-2 years; 10-20 years; 20-30 years; 30-40 years,multipleChoiceResponses.csv,Q24,bar,bar
0.0006,0.225,0.0,11,11,14.9,0.0,0,0,0,0,23860,0.0,0.0,0.0,For how many years have you used machine learning methods (at work or in school)?; I have never studied machine learning but plan to learn in the future; < 1 year; 4-5 years; 2-3 years; 1-2 years; 5-10 years; 3-4 years; I have never studied machine learning and I do not plan to; 20+ years,multipleChoiceResponses.csv,Q25,bar,bar
0.0003,0.2254,0.0,6,6,11.09,0.0,0,0,0,0,23860,0.0,0.0,0.0,Do you consider yourself to be a data scientist?; Maybe; Definitely not; Definitely yes; Probably yes; Probably not,multipleChoiceResponses.csv,Q26,bar,bar
0.0005,0.8377,0.0,2,2,31.04,0.0,1,0,0,0,23860,0.0,0.0,0.0,Which of the following cloud computing products have you used at work or school in the last 5 years (Select all that apply)? - Selected Choice - AWS Elastic Compute Cloud (EC2); AWS Elastic Compute Cloud (EC2),multipleChoiceResponses.csv,Q27_Part_1,pie,pie
0.0009,0.9075,0.0,2,2,21.07,0.0,1,0,0,0,23860,0.0,0.0,0.0,Which of the following cloud computing products have you used at work or school in the last 5 years (Select all that apply)? - Selected Choice - Google Compute Engine; Google Compute Engine,multipleChoiceResponses.csv,Q27_Part_2,pie,pie
0.0026,0.9679,0.0,2,2,21.19,0.0,1,0,0,0,23860,0.0,0.0,0.0,Which of the following cloud computing products have you used at work or school in the last 5 years (Select all that apply)? - Selected Choice - AWS Elastic Beanstalk; AWS Elastic Beanstalk,multipleChoiceResponses.csv,Q27_Part_3,pie,pie
0.0014,0.942,0.0,2,2,17.1,0.0,1,0,0,0,23860,0.0,0.0,0.0,Which of the following cloud computing products have you used at work or school in the last 5 years (Select all that apply)? - Selected Choice - Google App Engine; Google App Engine,multipleChoiceResponses.csv,Q27_Part_4,pie,pie
0.0032,0.9741,0.0,2,2,24.24,0.0,1,0,0,0,23860,0.0,0.0,0.0,Which of the following cloud computing products have you used at work or school in the last 5 years (Select all that apply)? - Selected Choice - Google Kubernetes Engine; Google Kubernetes Engine,multipleChoiceResponses.csv,Q27_Part_5,pie,pie
0.0012,0.9291,0.0,2,2,10.09,0.0,1,0,0,0,23860,0.0,0.0,0.0,Which of the following cloud computing products have you used at work or school in the last 5 years (Select all that apply)? - Selected Choice - AWS Lambda; AWS Lambda,multipleChoiceResponses.csv,Q27_Part_6,pie,pie
0.0017,0.9497,0.0,2,2,22.12,0.0,1,0,0,0,23860,0.0,0.0,0.0,Which of the following cloud computing products have you used at work or school in the last 5 years (Select all that apply)? - Selected Choice - Google Cloud Functions; Google Cloud Functions,multipleChoiceResponses.csv,Q27_Part_7,pie,pie
0.004,0.9792,0.0,2,2,9.29,0.0,1,0,0,0,23860,0.0,0.0,0.0,Which of the following cloud computing products have you used at work or school in the last 5 years (Select all that apply)? - Selected Choice - AWS Batch; AWS Batch,multipleChoiceResponses.csv,Q27_Part_8,pie,pie
0.0014,0.9389,0.0,2,2,22.1,0.0,1,0,0,0,23860,0.0,0.0,0.0,Which of the following cloud computing products have you used at work or school in the last 5 years (Select all that apply)? - Selected Choice - Azure Virtual Machines; Azure Virtual Machines,multipleChoiceResponses.csv,Q27_Part_9,pie,pie
0.0042,0.9802,0.0,2,2,23.31,0.0,1,0,0,0,23860,0.0,0.0,0.0,Which of the following cloud computing products have you used at work or school in the last 5 years (Select all that apply)? - Selected Choice - Azure Container Service; Azure Container Service,multipleChoiceResponses.csv,Q27_Part_10,pie,pie
0.0036,0.9767,0.0,2,2,15.26,0.0,1,0,0,0,23860,0.0,0.0,0.0,Which of the following cloud computing products have you used at work or school in the last 5 years (Select all that apply)? - Selected Choice - Azure Functions; Azure Functions,multipleChoiceResponses.csv,Q27_Part_11,pie,pie
0.0167,0.995,0.0,2,2,17.21,0.0,1,0,0,0,23860,0.0,0.0,0.0,Which of the following cloud computing products have you used at work or school in the last 5 years (Select all that apply)? - Selected Choice - Azure Event Grid; Azure Event Grid,multipleChoiceResponses.csv,Q27_Part_12,pie,pie
0.0086,0.9903,0.0,2,2,11.62,0.0,1,0,0,0,23860,0.0,0.0,0.0,Which of the following cloud computing products have you used at work or school in the last 5 years (Select all that apply)? - Selected Choice - Azure Batch; Azure Batch,multipleChoiceResponses.csv,Q27_Part_13,pie,pie
0.0084,0.9901,0.0,2,2,24.61,0.0,1,0,0,0,23860,0.0,0.0,0.0,Which of the following cloud computing products have you used at work or school in the last 5 years (Select all that apply)? - Selected Choice - Azure Kubernetes Service; Azure Kubernetes Service,multipleChoiceResponses.csv,Q27_Part_14,pie,pie
0.0058,0.9855,0.0,2,2,25.42,0.0,1,0,0,0,23860,0.0,0.0,0.0,Which of the following cloud computing products have you used at work or school in the last 5 years (Select all that apply)? - Selected Choice - IBM Cloud Virtual Servers; IBM Cloud Virtual Servers,multipleChoiceResponses.csv,Q27_Part_15,pie,pie
0.0121,0.9931,0.0,2,2,28.88,0.0,1,0,0,0,23860,0.0,0.0,0.0,Which of the following cloud computing products have you used at work or school in the last 5 years (Select all that apply)? - Selected Choice - IBM Cloud Container Registry; IBM Cloud Container Registry,multipleChoiceResponses.csv,Q27_Part_16,pie,pie
0.0126,0.9933,0.0,2,2,28.91,0.0,1,0,0,0,23860,0.0,0.0,0.0,Which of the following cloud computing products have you used at work or school in the last 5 years (Select all that apply)? - Selected Choice - IBM Cloud Kubernetes Service; IBM Cloud Kubernetes Service,multipleChoiceResponses.csv,Q27_Part_17,pie,pie
0.0062,0.9865,0.0,2,2,17.45,0.0,1,0,0,0,23860,0.0,0.0,0.0,Which of the following cloud computing products have you used at work or school in the last 5 years (Select all that apply)? - Selected Choice - IBM Cloud Foundry; IBM Cloud Foundry,multipleChoiceResponses.csv,Q27_Part_18,pie,pie
1.0,1.0,0.0,1,1,149.0,0.0,0,0,0,1,23860,0.0,0.0,0.0,Which of the following cloud computing products have you used at work or school in the last 5 years (Select all that apply)? - Selected Choice - None,multipleChoiceResponses.csv,Q27_Part_19,none,none
0.0051,0.9837,0.0,2,2,5.37,0.0,1,0,0,0,23860,0.0,0.0,0.0,Which of the following cloud computing products have you used at work or school in the last 5 years (Select all that apply)? - Selected Choice - Other; Other,multipleChoiceResponses.csv,Q27_Part_20,pie,pie
0.0102,0.0,0.0,244,50,2.01,0.0,0,0,0,0,23860,0.0,0.0,0.0,Which of the following cloud computing products have you used at work or school in the last 5 years (Select all that apply)? - Other - Text; -1; 0; 1; 2,multipleChoiceResponses.csv,Q27_OTHER_TEXT,bar,bar
0.0168,0.995,0.0,2,2,18.23,0.0,1,0,0,0,23860,0.0,0.0,0.0,Which of the following machine learning products have you used at work or school in the last 5 years? (Select all that apply) - Selected Choice - Amazon Transcribe; Amazon Transcribe,multipleChoiceResponses.csv,Q28_Part_1,pie,pie
0.0032,0.9738,0.0,2,2,31.23,0.0,1,0,0,0,23860,0.0,0.0,0.0,Which of the following machine learning products have you used at work or school in the last 5 years? (Select all that apply) - Selected Choice - Google Cloud Speech-to-text API; Google Cloud Speech-to-text API,multipleChoiceResponses.csv,Q28_Part_2,pie,pie
0.0067,0.9874,0.0,2,2,18.49,0.0,1,0,0,0,23860,0.0,0.0,0.0,Which of the following machine learning products have you used at work or school in the last 5 years? (Select all that apply) - Selected Choice - Amazon Rekognition; Amazon Rekognition,multipleChoiceResponses.csv,Q28_Part_3,pie,pie
0.003,0.9721,0.0,2,2,23.22,0.0,1,0,0,0,23860,0.0,0.0,0.0,Which of the following machine learning products have you used at work or school in the last 5 years? (Select all that apply) - Selected Choice - Google Cloud Vision API; Google Cloud Vision API,multipleChoiceResponses.csv,Q28_Part_4,pie,pie
0.015,0.9944,0.0,2,2,18.1,0.0,1,0,0,0,23860,0.0,0.0,0.0,Which of the following machine learning products have you used at work or school in the last 5 years? (Select all that apply) - Selected Choice - Amazon Comprehend; Amazon Comprehend,multipleChoiceResponses.csv,Q28_Part_5,pie,pie
0.0032,0.9739,0.0,2,2,33.23,0.0,1,0,0,0,23860,0.0,0.0,0.0,Which of the following machine learning products have you used at work or school in the last 5 years? (Select all that apply) - Selected Choice - Google Cloud Natural Language API; Google Cloud Natural Language API,multipleChoiceResponses.csv,Q28_Part_6,pie,pie
0.0124,0.9933,0.0,2,2,16.91,0.0,1,0,0,0,23860,0.0,0.0,0.0,Which of the following machine learning products have you used at work or school in the last 5 years? (Select all that apply) - Selected Choice - Amazon Translate; Amazon Translate,multipleChoiceResponses.csv,Q28_Part_7,pie,pie
0.0038,0.9777,0.0,2,2,28.27,0.0,1,0,0,0,23860,0.0,0.0,0.0,Which of the following machine learning products have you used at work or school in the last 5 years? (Select all that apply) - Selected Choice - Google Cloud Translation API; Google Cloud Translation API,multipleChoiceResponses.csv,Q28_Part_8,pie,pie
0.0095,0.9912,0.0,2,2,10.7,0.0,1,0,0,0,23860,0.0,0.0,0.0,Which of the following machine learning products have you used at work or school in the last 5 years? (Select all that apply) - Selected Choice - Amazon Lex; Amazon Lex,multipleChoiceResponses.csv,Q28_Part_9,pie,pie
0.0116,0.9927,0.0,2,2,36.84,0.0,1,0,0,0,23860,0.0,0.0,0.0,Which of the following machine learning products have you used at work or school in the last 5 years? (Select all that apply) - Selected Choice - Google Dialogflow Enterprise Edition; Google Dialogflow Enterprise Edition,multipleChoiceResponses.csv,Q28_Part_10,pie,pie
0.0153,0.9945,0.0,2,2,25.11,0.0,1,0,0,0,23860,0.0,0.0,0.0,Which of the following machine learning products have you used at work or school in the last 5 years? (Select all that apply) - Selected Choice - Amazon Rekognition Video; Amazon Rekognition Video,multipleChoiceResponses.csv,Q28_Part_11,pie,pie
0.0114,0.9927,0.0,2,2,35.83,0.0,1,0,0,0,23860,0.0,0.0,0.0,Which of the following machine learning products have you used at work or school in the last 5 years? (Select all that apply) - Selected Choice - Google Cloud Video Intelligence API; Google Cloud Video Intelligence API,multipleChoiceResponses.csv,Q28_Part_12,pie,pie
0.0046,0.9819,0.0,2,2,19.34,0.0,1,0,0,0,23860,0.0,0.0,0.0,Which of the following machine learning products have you used at work or school in the last 5 years? (Select all that apply) - Selected Choice - Google Cloud AutoML; Google Cloud AutoML,multipleChoiceResponses.csv,Q28_Part_13,pie,pie
0.0041,0.9796,0.0,2,2,16.3,0.0,1,0,0,0,23860,0.0,0.0,0.0,Which of the following machine learning products have you used at work or school in the last 5 years? (Select all that apply) - Selected Choice - Amazon SageMaker; Amazon SageMaker,multipleChoiceResponses.csv,Q28_Part_14,pie,pie
0.003,0.9721,0.0,2,2,36.22,0.0,1,0,0,0,23860,0.0,0.0,0.0,Which of the following machine learning products have you used at work or school in the last 5 years? (Select all that apply) - Selected Choice - Google Cloud Machine Learning Engine; Google Cloud Machine Learning Engine,multipleChoiceResponses.csv,Q28_Part_15,pie,pie
0.008,0.9895,0.0,2,2,9.58,0.0,1,0,0,0,23860,0.0,0.0,0.0,Which of the following machine learning products have you used at work or school in the last 5 years? (Select all that apply) - Selected Choice - DataRobot; DataRobot,multipleChoiceResponses.csv,Q28_Part_16,pie,pie
0.007,0.9881,0.0,2,2,17.51,0.0,1,0,0,0,23860,0.0,0.0,0.0,Which of the following machine learning products have you used at work or school in the last 5 years? (Select all that apply) - Selected Choice - H20 Driverless AI; H20 Driverless AI,multipleChoiceResponses.csv,Q28_Part_17,pie,pie
0.0235,0.9964,0.0,2,2,15.72,0.0,1,0,0,0,23860,0.0,0.0,0.0,Which of the following machine learning products have you used at work or school in the last 5 years? (Select all that apply) - Selected Choice - Domino Datalab; Domino Datalab,multipleChoiceResponses.csv,Q28_Part_18,pie,pie
0.0023,0.964,0.0,2,2,3.17,0.0,1,0,0,0,23860,0.0,0.0,0.0,Which of the following machine learning products have you used at work or school in the last 5 years? (Select all that apply) - Selected Choice - SAS; SAS,multipleChoiceResponses.csv,Q28_Part_19,pie,pie
0.0089,0.9906,0.0,2,2,7.65,0.0,1,0,0,0,23860,0.0,0.0,0.0,Which of the following machine learning products have you used at work or school in the last 5 years? (Select all that apply) - Selected Choice - Dataiku; Dataiku,multipleChoiceResponses.csv,Q28_Part_20,pie,pie
0.0032,0.9738,0.0,2,2,10.23,0.0,1,0,0,0,23860,0.0,0.0,0.0,Which of the following machine learning products have you used at work or school in the last 5 years? (Select all that apply) - Selected Choice - RapidMiner; RapidMiner,multipleChoiceResponses.csv,Q28_Part_21,pie,pie
0.1111,0.9992,0.0,2,2,17.11,0.0,1,0,0,0,23860,0.0,0.0,0.0,Which of the following machine learning products have you used at work or school in the last 5 years? (Select all that apply) - Selected Choice - Instabase; Instabase,multipleChoiceResponses.csv,Q28_Part_22,pie,pie
0.0167,0.995,0.0,2,2,12.22,0.0,1,0,0,0,23860,0.0,0.0,0.0,Which of the following machine learning products have you used at work or school in the last 5 years? (Select all that apply) - Selected Choice - Algorithmia; Algorithmia,multipleChoiceResponses.csv,Q28_Part_23,pie,pie
0.0625,0.9987,0.0,2,2,15.56,0.0,1,0,0,0,23860,0.0,0.0,0.0,Which of the following machine learning products have you used at work or school in the last 5 years? (Select all that apply) - Selected Choice - Dataversity; Dataversity,multipleChoiceResponses.csv,Q28_Part_24,pie,pie
0.0025,0.966,0.0,2,2,8.18,0.0,1,0,0,0,23860,0.0,0.0,0.0,Which of the following machine learning products have you used at work or school in the last 5 years? (Select all that apply) - Selected Choice - Cloudera; Cloudera,multipleChoiceResponses.csv,Q28_Part_25,pie,pie
0.0026,0.9682,0.0,2,2,29.19,0.0,1,0,0,0,23860,0.0,0.0,0.0,Which of the following machine learning products have you used at work or school in the last 5 years? (Select all that apply) - Selected Choice - Azure Machine Learning Studio; Azure Machine Learning Studio,multipleChoiceResponses.csv,Q28_Part_26,pie,pie
0.0043,0.9807,0.0,2,2,32.32,0.0,1,0,0,0,23860,0.0,0.0,0.0,Which of the following machine learning products have you used at work or school in the last 5 years? (Select all that apply) - Selected Choice - Azure Machine Learning Workbench; Azure Machine Learning Workbench,multipleChoiceResponses.csv,Q28_Part_27,pie,pie
0.0125,0.9933,0.0,2,2,32.91,0.0,1,0,0,0,23860,0.0,0.0,0.0,Which of the following machine learning products have you used at work or school in the last 5 years? (Select all that apply) - Selected Choice - Azure Cortana Intelligence Suite; Azure Cortana Intelligence Suite,multipleChoiceResponses.csv,Q28_Part_28,pie,pie
0.0154,0.9946,0.0,2,2,22.12,0.0,1,0,0,0,23860,0.0,0.0,0.0,Which of the following machine learning products have you used at work or school in the last 5 years? (Select all that apply) - Selected Choice - Azure Bing Speech API; Azure Bing Speech API,multipleChoiceResponses.csv,Q28_Part_29,pie,pie
0.0169,0.9951,0.0,2,2,30.24,0.0,1,0,0,0,23860,0.0,0.0,0.0,Which of the following machine learning products have you used at work or school in the last 5 years? (Select all that apply) - Selected Choice - Azure Speaker Recognition API; Azure Speaker Recognition API,multipleChoiceResponses.csv,Q28_Part_30,pie,pie
0.0077,0.9891,0.0,2,2,25.56,0.0,1,0,0,0,23860,0.0,0.0,0.0,Which of the following machine learning products have you used at work or school in the last 5 years? (Select all that apply) - Selected Choice - Azure Computer Vision API; Azure Computer Vision API,multipleChoiceResponses.csv,Q28_Part_31,pie,pie
0.0108,0.9922,0.0,2,2,14.79,0.0,1,0,0,0,23860,0.0,0.0,0.0,Which of the following machine learning products have you used at work or school in the last 5 years? (Select all that apply) - Selected Choice - Azure Face API; Azure Face API,multipleChoiceResponses.csv,Q28_Part_32,pie,pie
0.0225,0.9963,0.0,2,2,16.64,0.0,1,0,0,0,23860,0.0,0.0,0.0,Which of the following machine learning products have you used at work or school in the last 5 years? (Select all that apply) - Selected Choice - Azure Video API; Azure Video API,multipleChoiceResponses.csv,Q28_Part_33,pie,pie
0.0043,0.9806,0.0,2,2,17.32,0.0,1,0,0,0,23860,0.0,0.0,0.0,Which of the following machine learning products have you used at work or school in the last 5 years? (Select all that apply) - Selected Choice - IBM Watson Studio; IBM Watson Studio,multipleChoiceResponses.csv,Q28_Part_34,pie,pie
0.0102,0.9917,0.0,2,2,28.74,0.0,1,0,0,0,23860,0.0,0.0,0.0,Which of the following machine learning products have you used at work or school in the last 5 years? (Select all that apply) - Selected Choice - IBM Watson Knowledge Catalog; IBM Watson Knowledge Catalog,multipleChoiceResponses.csv,Q28_Part_35,pie,pie
0.0061,0.9862,0.0,2,2,20.44,0.0,1,0,0,0,23860,0.0,0.0,0.0,Which of the following machine learning products have you used at work or school in the last 5 years? (Select all that apply) - Selected Choice - IBM Watson Assistant; IBM Watson Assistant,multipleChoiceResponses.csv,Q28_Part_36,pie,pie
0.008,0.9896,0.0,2,2,20.59,0.0,1,0,0,0,23860,0.0,0.0,0.0,Which of the following machine learning products have you used at work or school in the last 5 years? (Select all that apply) - Selected Choice - IBM Watson Discovery; IBM Watson Discovery,multipleChoiceResponses.csv,Q28_Part_37,pie,pie
0.0068,0.9876,0.0,2,2,25.49,0.0,1,0,0,0,23860,0.0,0.0,0.0,Which of the following machine learning products have you used at work or school in the last 5 years? (Select all that apply) - Selected Choice - IBM Watson Text to Speech; IBM Watson Text to Speech,multipleChoiceResponses.csv,Q28_Part_38,pie,pie
0.0094,0.9911,0.0,2,2,29.69,0.0,1,0,0,0,23860,0.0,0.0,0.0,Which of the following machine learning products have you used at work or school in the last 5 years? (Select all that apply) - Selected Choice - IBM Watson Visual Recognition; IBM Watson Visual Recognition,multipleChoiceResponses.csv,Q28_Part_39,pie,pie
0.0041,0.9795,0.0,2,2,27.3,0.0,1,0,0,0,23860,0.0,0.0,0.0,Which of the following machine learning products have you used at work or school in the last 5 years? (Select all that apply) - Selected Choice - IBM Watson Machine Learning; IBM Watson Machine Learning,multipleChoiceResponses.csv,Q28_Part_40,pie,pie
0.006,0.986,0.0,2,2,24.44,0.0,1,0,0,0,23860,0.0,0.0,0.0,Which of the following machine learning products have you used at work or school in the last 5 years? (Select all that apply) - Selected Choice - Azure Cognitive Services; Azure Cognitive Services,multipleChoiceResponses.csv,Q28_Part_41,pie,pie
1.0,1.0,0.0,1,1,150.0,0.0,0,0,0,1,23860,0.0,0.0,0.0,Which of the following machine learning products have you used at work or school in the last 5 years? (Select all that apply) - Selected Choice - None,multipleChoiceResponses.csv,Q28_Part_42,none,none
0.0077,0.9891,0.0,2,2,5.56,0.0,1,0,0,0,23860,0.0,0.0,0.0,Which of the following machine learning products have you used at work or school in the last 5 years? (Select all that apply) - Selected Choice - Other; Other,multipleChoiceResponses.csv,Q28_Part_43,pie,pie
0.0067,0.0,0.0,161,50,2.01,0.0,0,0,0,0,23860,0.0,0.0,0.0,Which of the following machine learning products have you used at work or school in the last 5 years? (Select all that apply) - Other - Text; -1,multipleChoiceResponses.csv,Q28_OTHER_TEXT,bar,bar
0.0022,0.9623,0.0,2,2,31.17,0.0,1,0,0,0,23860,0.0,0.0,0.0,Which of the following relational database products have you used at work or school in the last 5 years? (Select all that apply) - Selected Choice - AWS Relational Database Service; AWS Relational Database Service,multipleChoiceResponses.csv,Q29_Part_1,pie,pie
0.0063,0.9868,0.0,2,2,10.47,0.0,1,0,0,0,23860,0.0,0.0,0.0,Which of the following relational database products have you used at work or school in the last 5 years? (Select all that apply) - Selected Choice - AWS Aurora; AWS Aurora,multipleChoiceResponses.csv,Q29_Part_2,pie,pie
0.0032,0.9742,0.0,2,2,16.24,0.0,1,0,0,0,23860,0.0,0.0,0.0,Which of the following relational database products have you used at work or school in the last 5 years? (Select all that apply) - Selected Choice - Google Cloud SQL; Google Cloud SQL,multipleChoiceResponses.csv,Q29_Part_3,pie,pie
0.0192,0.9956,0.0,2,2,21.43,0.0,1,0,0,0,23860,0.0,0.0,0.0,Which of the following relational database products have you used at work or school in the last 5 years? (Select all that apply) - Selected Choice - Google Cloud Spanner; Google Cloud Spanner,multipleChoiceResponses.csv,Q29_Part_4,pie,pie
0.0027,0.9694,0.0,2,2,12.2,0.0,1,0,0,0,23860,0.0,0.0,0.0,Which of the following relational database products have you used at work or school in the last 5 years? (Select all that apply) - Selected Choice - AWS DynamoDB; AWS DynamoDB,multipleChoiceResponses.csv,Q29_Part_5,pie,pie
0.0039,0.9784,0.0,2,2,22.29,0.0,1,0,0,0,23860,0.0,0.0,0.0,Which of the following relational database products have you used at work or school in the last 5 years? (Select all that apply) - Selected Choice - Google Cloud Datastore; Google Cloud Datastore,multipleChoiceResponses.csv,Q29_Part_6,pie,pie
0.0039,0.9785,0.0,2,2,21.29,0.0,1,0,0,0,23860,0.0,0.0,0.0,Which of the following relational database products have you used at work or school in the last 5 years? (Select all that apply) - Selected Choice - Google Cloud Bigtable; Google Cloud Bigtable,multipleChoiceResponses.csv,Q29_Part_7,pie,pie
0.01,0.9916,0.0,2,2,12.74,0.0,1,0,0,0,23860,0.0,0.0,0.0,Which of the following relational database products have you used at work or school in the last 5 years? (Select all that apply) - Selected Choice - AWS SimpleDB; AWS SimpleDB,multipleChoiceResponses.csv,Q29_Part_8,pie,pie
0.0006,0.869,0.0,2,2,20.05,0.0,1,0,0,0,23860,0.0,0.0,0.0,Which of the following relational database products have you used at work or school in the last 5 years? (Select all that apply) - Selected Choice - Microsoft SQL Server; Microsoft SQL Server,multipleChoiceResponses.csv,Q29_Part_9,pie,pie
0.0003,0.7406,0.0,2,2,5.02,0.0,1,0,0,0,23860,0.0,0.0,0.0,Which of the following relational database products have you used at work or school in the last 5 years? (Select all that apply) - Selected Choice - MySQL; MySQL,multipleChoiceResponses.csv,Q29_Part_10,pie,pie
0.0005,0.8385,0.0,2,2,11.04,0.0,1,0,0,0,23860,0.0,0.0,0.0,Which of the following relational database products have you used at work or school in the last 5 years? (Select all that apply) - Selected Choice - PostgresSQL; PostgresSQL,multipleChoiceResponses.csv,Q29_Part_11,pie,pie
0.0005,0.8437,0.0,2,2,6.04,0.0,1,0,0,0,23860,0.0,0.0,0.0,Which of the following relational database products have you used at work or school in the last 5 years? (Select all that apply) - Selected Choice - SQLite; SQLite,multipleChoiceResponses.csv,Q29_Part_12,pie,pie
0.0008,0.8987,0.0,2,2,15.06,0.0,1,0,0,0,23860,0.0,0.0,0.0,Which of the following relational database products have you used at work or school in the last 5 years? (Select all that apply) - Selected Choice - Oracle Database; Oracle Database,multipleChoiceResponses.csv,Q29_Part_13,pie,pie
0.0333,0.9975,0.0,2,2,8.48,0.0,1,0,0,0,23860,0.0,0.0,0.0,Which of the following relational database products have you used at work or school in the last 5 years? (Select all that apply) - Selected Choice - Ingres; Ingres,multipleChoiceResponses.csv,Q29_Part_14,pie,pie
0.0015,0.9432,0.0,2,2,16.11,0.0,1,0,0,0,23860,0.0,0.0,0.0,Which of the following relational database products have you used at work or school in the last 5 years? (Select all that apply) - Selected Choice - Microsoft Access; Microsoft Access,multipleChoiceResponses.csv,Q29_Part_15,pie,pie
0.0513,0.9984,0.0,2,2,10.82,0.0,1,0,0,0,23860,0.0,0.0,0.0,Which of the following relational database products have you used at work or school in the last 5 years? (Select all that apply) - Selected Choice - NexusDB; NexusDB,multipleChoiceResponses.csv,Q29_Part_16,pie,pie
0.0278,0.997,0.0,2,2,8.07,0.0,1,0,0,0,23860,0.0,0.0,0.0,Which of the following relational database products have you used at work or school in the last 5 years? (Select all that apply) - Selected Choice - SAP IQ; SAP IQ,multipleChoiceResponses.csv,Q29_Part_17,pie,pie
0.0165,0.9949,0.0,2,2,21.23,0.0,1,0,0,0,23860,0.0,0.0,0.0,Which of the following relational database products have you used at work or school in the last 5 years? (Select all that apply) - Selected Choice - Google Fusion Tables; Google Fusion Tables,multipleChoiceResponses.csv,Q29_Part_18,pie,pie
0.0079,0.9894,0.0,2,2,24.59,0.0,1,0,0,0,23860,0.0,0.0,0.0,Which of the following relational database products have you used at work or school in the last 5 years? (Select all that apply) - Selected Choice - Azure Database for MySQL; Azure Database for MySQL,multipleChoiceResponses.csv,Q29_Part_19,pie,pie
0.0093,0.991,0.0,2,2,15.7,0.0,1,0,0,0,23860,0.0,0.0,0.0,Which of the following relational database products have you used at work or school in the last 5 years? (Select all that apply) - Selected Choice - Azure Cosmos DB; Azure Cosmos DB,multipleChoiceResponses.csv,Q29_Part_20,pie,pie
0.003,0.972,0.0,2,2,18.22,0.0,1,0,0,0,23860,0.0,0.0,0.0,Which of the following relational database products have you used at work or school in the last 5 years? (Select all that apply) - Selected Choice - Azure SQL Database; Azure SQL Database,multipleChoiceResponses.csv,Q29_Part_21,pie,pie
0.0145,0.9942,0.0,2,2,30.08,0.0,1,0,0,0,23860,0.0,0.0,0.0,Which of the following relational database products have you used at work or school in the last 5 years? (Select all that apply) - Selected Choice - Azure Database for PostgreSQL; Azure Database for PostgreSQL,multipleChoiceResponses.csv,Q29_Part_22,pie,pie
0.0299,0.9972,0.0,2,2,19.22,0.0,1,0,0,0,23860,0.0,0.0,0.0,Which of the following relational database products have you used at work or school in the last 5 years? (Select all that apply) - Selected Choice - IBM Cloud Compose; IBM Cloud Compose,multipleChoiceResponses.csv,Q29_Part_23,pie,pie
0.0323,0.9974,0.0,2,2,29.4,0.0,1,0,0,0,23860,0.0,0.0,0.0,Which of the following relational database products have you used at work or school in the last 5 years? (Select all that apply) - Selected Choice - IBM Cloud Compose for MySQL; IBM Cloud Compose for MySQL,multipleChoiceResponses.csv,Q29_Part_24,pie,pie
0.037,0.9977,0.0,2,2,34.76,0.0,1,0,0,0,23860,0.0,0.0,0.0,Which of the following relational database products have you used at work or school in the last 5 years? (Select all that apply) - Selected Choice - IBM Cloud Compose for PostgreSQL; IBM Cloud Compose for PostgreSQL,multipleChoiceResponses.csv,Q29_Part_25,pie,pie
0.0078,0.9893,0.0,2,2,13.58,0.0,1,0,0,0,23860,0.0,0.0,0.0,Which of the following relational database products have you used at work or school in the last 5 years? (Select all that apply) - Selected Choice - IBM Cloud Db2; IBM Cloud Db2,multipleChoiceResponses.csv,Q29_Part_26,pie,pie
1.0,1.0,0.0,1,1,153.0,0.0,0,0,0,1,23860,0.0,0.0,0.0,Which of the following relational database products have you used at work or school in the last 5 years? (Select all that apply) - Selected Choice - None,multipleChoiceResponses.csv,Q29_Part_27,none,none
0.0035,0.9764,0.0,2,2,5.26,0.0,1,0,0,0,23860,0.0,0.0,0.0,Which of the following relational database products have you used at work or school in the last 5 years? (Select all that apply) - Selected Choice - Other; Other,multipleChoiceResponses.csv,Q29_Part_28,pie,pie
0.0102,0.0,0.0,243,50,2.01,0.0,0,0,0,0,23860,0.0,0.0,0.0,Which of the following relational database products have you used at work or school in the last 5 years? (Select all that apply) - Other - Text; -1; 0; 1; 2; 3; 4; 5,multipleChoiceResponses.csv,Q29_OTHER_TEXT,bar,bar
0.0032,0.9739,0.0,2,2,21.24,0.0,1,0,0,0,23860,0.0,0.0,0.0,Which of the following big data and analytics products have you used at work or school in the last 5 years? (Select all that apply) - Selected Choice - AWS Elastic MapReduce; AWS Elastic MapReduce,multipleChoiceResponses.csv,Q30_Part_1,pie,pie
0.0094,0.9911,0.0,2,2,9.71,0.0,1,0,0,0,23860,0.0,0.0,0.0,Which of the following big data and analytics products have you used at work or school in the last 5 years? (Select all that apply) - Selected Choice - AWS Batch; AWS Batch,multipleChoiceResponses.csv,Q30_Part_2,pie,pie
0.0084,0.99,0.0,2,2,21.64,0.0,1,0,0,0,23860,0.0,0.0,0.0,Which of the following big data and analytics products have you used at work or school in the last 5 years? (Select all that apply) - Selected Choice - Google Cloud Dataproc; Google Cloud Dataproc,multipleChoiceResponses.csv,Q30_Part_3,pie,pie
0.0052,0.9838,0.0,2,2,21.39,0.0,1,0,0,0,23860,0.0,0.0,0.0,Which of the following big data and analytics products have you used at work or school in the last 5 years? (Select all that apply) - Selected Choice - Google Cloud Dataflow; Google Cloud Dataflow,multipleChoiceResponses.csv,Q30_Part_4,pie,pie
0.0094,0.9911,0.0,2,2,21.71,0.0,1,0,0,0,23860,0.0,0.0,0.0,Which of the following big data and analytics products have you used at work or school in the last 5 years? (Select all that apply) - Selected Choice - Google Cloud Dataprep; Google Cloud Dataprep,multipleChoiceResponses.csv,Q30_Part_5,pie,pie
0.006,0.986,0.0,2,2,11.45,0.0,1,0,0,0,23860,0.0,0.0,0.0,Which of the following big data and analytics products have you used at work or school in the last 5 years? (Select all that apply) - Selected Choice - AWS Kinesis; AWS Kinesis,multipleChoiceResponses.csv,Q30_Part_6,pie,pie
0.007,0.988,0.0,2,2,20.53,0.0,1,0,0,0,23860,0.0,0.0,0.0,Which of the following big data and analytics products have you used at work or school in the last 5 years? (Select all that apply) - Selected Choice - Google Cloud Pub/Sub; Google Cloud Pub/Sub,multipleChoiceResponses.csv,Q30_Part_7,pie,pie
0.0052,0.9839,0.0,2,2,10.4,0.0,1,0,0,0,23860,0.0,0.0,0.0,Which of the following big data and analytics products have you used at work or school in the last 5 years? (Select all that apply) - Selected Choice - AWS Athena; AWS Athena,multipleChoiceResponses.csv,Q30_Part_8,pie,pie
0.0021,0.9605,0.0,2,2,12.16,0.0,1,0,0,0,23860,0.0,0.0,0.0,Which of the following big data and analytics products have you used at work or school in the last 5 years? (Select all that apply) - Selected Choice - AWS Redshift; AWS Redshift,multipleChoiceResponses.csv,Q30_Part_9,pie,pie
0.0017,0.9495,0.0,2,2,15.13,0.0,1,0,0,0,23860,0.0,0.0,0.0,Which of the following big data and analytics products have you used at work or school in the last 5 years? (Select all that apply) - Selected Choice - Google BigQuery; Google BigQuery,multipleChoiceResponses.csv,Q30_Part_10,pie,pie
0.0033,0.9749,0.0,2,2,8.25,0.0,1,0,0,0,23860,0.0,0.0,0.0,Which of the following big data and analytics products have you used at work or school in the last 5 years? (Select all that apply) - Selected Choice - Teradata; Teradata,multipleChoiceResponses.csv,Q30_Part_11,pie,pie
0.0047,0.9823,0.0,2,2,27.36,0.0,1,0,0,0,23860,0.0,0.0,0.0,Which of the following big data and analytics products have you used at work or school in the last 5 years? (Select all that apply) - Selected Choice - Microsoft Analysis Services; Microsoft Analysis Services,multipleChoiceResponses.csv,Q30_Part_12,pie,pie
0.0094,0.9911,0.0,2,2,14.72,0.0,1,0,0,0,23860,0.0,0.0,0.0,Which of the following big data and analytics products have you used at work or school in the last 5 years? (Select all that apply) - Selected Choice - Oracle Exadata; Oracle Exadata,multipleChoiceResponses.csv,Q30_Part_13,pie,pie
0.0159,0.9947,0.0,2,2,25.21,0.0,1,0,0,0,23860,0.0,0.0,0.0,Which of the following big data and analytics products have you used at work or school in the last 5 years? (Select all that apply) - Selected Choice - Oracle Warehouse Builder; Oracle Warehouse Builder,multipleChoiceResponses.csv,Q30_Part_14,pie,pie
0.0323,0.9974,0.0,2,2,8.45,0.0,1,0,0,0,23860,0.0,0.0,0.0,Which of the following big data and analytics products have you used at work or school in the last 5 years? (Select all that apply) - Selected Choice - SAP IQ; SAP IQ,multipleChoiceResponses.csv,Q30_Part_15,pie,pie
0.0083,0.9899,0.0,2,2,9.63,0.0,1,0,0,0,23860,0.0,0.0,0.0,Which of the following big data and analytics products have you used at work or school in the last 5 years? (Select all that apply) - Selected Choice - Snowflake; Snowflake,multipleChoiceResponses.csv,Q30_Part_16,pie,pie
0.0024,0.9651,0.0,2,2,10.18,0.0,1,0,0,0,23860,0.0,0.0,0.0,Which of the following big data and analytics products have you used at work or school in the last 5 years? (Select all that apply) - Selected Choice - Databricks; Databricks,multipleChoiceResponses.csv,Q30_Part_17,pie,pie
0.007,0.9881,0.0,2,2,24.54,0.0,1,0,0,0,23860,0.0,0.0,0.0,Which of the following big data and analytics products have you used at work or school in the last 5 years? (Select all that apply) - Selected Choice - Azure SQL Data Warehouse; Azure SQL Data Warehouse,multipleChoiceResponses.csv,Q30_Part_18,pie,pie
0.0083,0.9899,0.0,2,2,15.63,0.0,1,0,0,0,23860,0.0,0.0,0.0,Which of the following big data and analytics products have you used at work or school in the last 5 years? (Select all that apply) - Selected Choice - Azure HDInsight; Azure HDInsight,multipleChoiceResponses.csv,Q30_Part_19,pie,pie
0.0122,0.9931,0.0,2,2,22.93,0.0,1,0,0,0,23860,0.0,0.0,0.0,Which of the following big data and analytics products have you used at work or school in the last 5 years? (Select all that apply) - Selected Choice - Azure Stream Analytics; Azure Stream Analytics,multipleChoiceResponses.csv,Q30_Part_20,pie,pie
0.0294,0.9972,0.0,2,2,28.24,0.0,1,0,0,0,23860,0.0,0.0,0.0,Which of the following big data and analytics products have you used at work or school in the last 5 years? (Select all that apply) - Selected Choice - IBM InfoSphere DataStorage; IBM InfoSphere DataStorage,multipleChoiceResponses.csv,Q30_Part_21,pie,pie
0.0141,0.994,0.0,2,2,27.07,0.0,1,0,0,0,23860,0.0,0.0,0.0,Which of the following big data and analytics products have you used at work or school in the last 5 years? (Select all that apply) - Selected Choice - IBM Cloud Analytics Engine; IBM Cloud Analytics Engine,multipleChoiceResponses.csv,Q30_Part_22,pie,pie
0.0244,0.9966,0.0,2,2,30.85,0.0,1,0,0,0,23860,0.0,0.0,0.0,Which of the following big data and analytics products have you used at work or school in the last 5 years? (Select all that apply) - Selected Choice - IBM Cloud Streaming Analytics; IBM Cloud Streaming Analytics,multipleChoiceResponses.csv,Q30_Part_23,pie,pie
1.0,1.0,0.0,1,1,156.0,0.0,0,0,0,1,23860,0.0,0.0,0.0,Which of the following big data and analytics products have you used at work or school in the last 5 years? (Select all that apply) - Selected Choice - None,multipleChoiceResponses.csv,Q30_Part_24,none,none
0.0075,0.9888,0.0,2,2,5.57,0.0,1,0,0,0,23860,0.0,0.0,0.0,Which of the following big data and analytics products have you used at work or school in the last 5 years? (Select all that apply) - Selected Choice - Other; Other,multipleChoiceResponses.csv,Q30_Part_25,pie,pie
0.007,0.0,0.0,166,50,2.01,0.0,0,0,0,0,23860,0.0,0.0,0.0,Which of the following big data and analytics products have you used at work or school in the last 5 years? (Select all that apply) - Other - Text; -1; 0,multipleChoiceResponses.csv,Q30_OTHER_TEXT,bar,bar
0.0021,0.96,0.0,2,2,10.13,0.0,1,0,0,0,23860,0.0,0.0,0.0,Which types of data do you currently interact with most often at work or school? (Select all that apply) - Selected Choice - Audio Data; Audio Data,multipleChoiceResponses.csv,Q31_Part_1,pie,pie
0.0002,0.6584,0.0,2,2,16.02,0.0,1,0,0,0,23860,0.0,0.0,0.0,Which types of data do you currently interact with most often at work or school? (Select all that apply) - Selected Choice - Categorical Data; Categorical Data,multipleChoiceResponses.csv,Q31_Part_2,pie,pie
0.0019,0.9558,0.0,2,2,12.12,0.0,1,0,0,0,23860,0.0,0.0,0.0,Which types of data do you currently interact with most often at work or school? (Select all that apply) - Selected Choice - Genetic Data; Genetic Data,multipleChoiceResponses.csv,Q31_Part_3,pie,pie
0.0009,0.9059,0.0,2,2,15.06,0.0,1,0,0,0,23860,0.0,0.0,0.0,Which types of data do you currently interact with most often at work or school? (Select all that apply) - Selected Choice - Geospatial Data; Geospatial Data,multipleChoiceResponses.csv,Q31_Part_4,pie,pie
0.0004,0.7742,0.0,2,2,10.02,0.0,1,0,0,0,23860,0.0,0.0,0.0,Which types of data do you currently interact with most often at work or school? (Select all that apply) - Selected Choice - Image Data; Image Data,multipleChoiceResponses.csv,Q31_Part_5,pie,pie
0.0002,0.5379,0.0,2,2,14.01,0.0,1,0,0,0,23860,0.0,0.0,0.0,Which types of data do you currently interact with most often at work or school? (Select all that apply) - Selected Choice - Numerical Data; Numerical Data,multipleChoiceResponses.csv,Q31_Part_6,pie,pie
0.0008,0.893,0.0,2,2,11.05,0.0,1,0,0,0,23860,0.0,0.0,0.0,Which types of data do you currently interact with most often at work or school? (Select all that apply) - Selected Choice - Sensor Data; Sensor Data,multipleChoiceResponses.csv,Q31_Part_7,pie,pie
0.0003,0.6901,0.0,2,2,12.02,0.0,1,0,0,0,23860,0.0,0.0,0.0,Which types of data do you currently interact with most often at work or school? (Select all that apply) - Selected Choice - Tabular Data; Tabular Data,multipleChoiceResponses.csv,Q31_Part_8,pie,pie
0.0002,0.6341,0.0,2,2,9.01,0.0,1,0,0,0,23860,0.0,0.0,0.0,Which types of data do you currently interact with most often at work or school? (Select all that apply) - Selected Choice - Text Data; Text Data,multipleChoiceResponses.csv,Q31_Part_9,pie,pie
0.0003,0.6739,0.0,2,2,16.02,0.0,1,0,0,0,23860,0.0,0.0,0.0,Which types of data do you currently interact with most often at work or school? (Select all that apply) - Selected Choice - Time Series Data; Time Series Data,multipleChoiceResponses.csv,Q31_Part_10,pie,pie
0.0014,0.942,0.0,2,2,10.09,0.0,1,0,0,0,23860,0.0,0.0,0.0,Which types of data do you currently interact with most often at work or school? (Select all that apply) - Selected Choice - Video Data; Video Data,multipleChoiceResponses.csv,Q31_Part_11,pie,pie
0.0049,0.983,0.0,2,2,10.31,0.0,1,0,0,0,23860,0.0,0.0,0.0,Which types of data do you currently interact with most often at work or school? (Select all that apply) - Selected Choice - Other Data; Other Data,multipleChoiceResponses.csv,Q31_Part_12,pie,pie
0.0087,0.0,0.0,207,50,2.01,0.0,0,0,0,0,23860,0.0,0.0,0.0,Which types of data do you currently interact with most often at work or school? (Select all that apply) - Other Data - Text; -1; 0; 1,multipleChoiceResponses.csv,Q31_OTHER_TEXT,bar,bar
0.0009,0.4183,0.0,13,13,12.59,0.0,0,0,0,0,23860,0.0,0.0,0.0,What is the type of data that you currently interact with most often at work or school? - Selected Choice; Time Series Data; Numerical Data; Image Data; Tabular Data; Categorical Data; Sensor Data; Text Data; Genetic Data; Geospatial Data,multipleChoiceResponses.csv,Q32,bar,bar
0.0021,0.0,0.0,51,50,2.0,0.0,0,0,0,0,23860,0.0,0.0,0.0,What is the type of data that you currently interact with most often at work or school? - Other Data - Text; -1,multipleChoiceResponses.csv,Q32_OTHER,bar,bar
0.0004,0.8006,0.0,2,2,19.02,0.0,1,0,0,0,23860,0.0,0.0,0.0,Where do you find public datasets? (Select all that apply) - Selected Choice - Government websites; Government websites,multipleChoiceResponses.csv,Q33_Part_1,pie,pie
0.0005,0.828,0.0,2,2,34.02,0.0,1,0,0,0,23860,0.0,0.0,0.0,Where do you find public datasets? (Select all that apply) - Selected Choice - University research group websites; University research group websites,multipleChoiceResponses.csv,Q33_Part_2,pie,pie
0.0007,0.8823,0.0,2,2,34.03,0.0,1,0,0,0,23860,0.0,0.0,0.0,Where do you find public datasets? (Select all that apply) - Selected Choice - Non-profit research group websites; Non-profit research group websites,multipleChoiceResponses.csv,Q33_Part_3,pie,pie
0.0002,0.6573,0.0,2,2,76.01,0.0,1,0,0,0,23860,0.0,0.0,0.0,"Where do you find public datasets? (Select all that apply) - Selected Choice - Dataset aggregator/platform (Socrata, Kaggle Public Datasets Platform, etc.); Dataset aggregator/platform (Socrata, Kaggle Public Datasets Platform, etc.)",multipleChoiceResponses.csv,Q33_Part_4,pie,pie
0.0004,0.781,0.0,2,2,42.02,0.0,1,0,0,0,23860,0.0,0.0,0.0,"Where do you find public datasets? (Select all that apply) - Selected Choice - I collect my own data (web-scraping, etc.); I collect my own data (web-scraping, etc.)",multipleChoiceResponses.csv,Q33_Part_5,pie,pie
0.0007,0.8744,0.0,2,2,45.03,0.0,1,0,0,0,23860,0.0,0.0,0.0,Where do you find public datasets? (Select all that apply) - Selected Choice - Publicly released data from private companies; Publicly released data from private companies,multipleChoiceResponses.csv,Q33_Part_6,pie,pie
0.0003,0.706,0.0,2,2,13.01,0.0,1,0,0,0,23860,0.0,0.0,0.0,Where do you find public datasets? (Select all that apply) - Selected Choice - Google Search; Google Search,multipleChoiceResponses.csv,Q33_Part_7,pie,pie
0.0005,0.8456,0.0,2,2,21.02,0.0,1,0,0,0,23860,0.0,0.0,0.0,Where do you find public datasets? (Select all that apply) - Selected Choice - Google Dataset Search; Google Dataset Search,multipleChoiceResponses.csv,Q33_Part_8,pie,pie
0.0003,0.7453,0.0,2,2,6.01,0.0,1,0,0,0,23860,0.0,0.0,0.0,Where do you find public datasets? (Select all that apply) - Selected Choice - GitHub; GitHub,multipleChoiceResponses.csv,Q33_Part_9,pie,pie
0.001,0.915,0.0,2,2,35.04,0.0,1,0,0,0,23860,0.0,0.0,0.0,Where do you find public datasets? (Select all that apply) - Selected Choice - None/I do not work with public data; None/I do not work with public data,multipleChoiceResponses.csv,Q33_Part_10,pie,pie
0.0044,0.9811,0.0,2,2,5.18,0.0,1,0,0,0,23860,0.0,0.0,0.0,Where do you find public datasets? (Select all that apply) - Selected Choice - Other; Other,multipleChoiceResponses.csv,Q33_Part_11,pie,pie
0.0114,0.0,0.0,271,50,2.01,0.0,0,0,0,0,23860,0.0,0.0,0.0,Where do you find public datasets? (Select all that apply) - Other - Text; -1; 0; 1; 2; 3; 4,multipleChoiceResponses.csv,Q33_OTHER_TEXT,bar,bar
0.0063,0.332,0.0,101,50,3.54,0.0,0,0,0,0,23860,0.0,0.0,0.0,"During a typical data science project at work or school, approximately what proportion of your time is devoted to the following? (Answers must add up to 100%) - Gathering data; 2; 20; 10; 12; 0; 55; 40; 5; 15",multipleChoiceResponses.csv,Q34_Part_1,bar,bar
0.007,0.332,0.0,111,50,3.65,0.0,0,0,0,0,23860,0.0,0.0,0.0,"During a typical data science project at work or school, approximately what proportion of your time is devoted to the following? (Answers must add up to 100%) - Cleaning data; 3; 25; 10; 15; 30; 20; 0; 40; 70",multipleChoiceResponses.csv,Q34_Part_2,bar,bar
0.0056,0.332,0.0,90,50,3.54,0.0,0,0,0,0,23860,0.0,0.0,0.0,"During a typical data science project at work or school, approximately what proportion of your time is devoted to the following? (Answers must add up to 100%) - Visualizing data; 20; 15; 13; 50; 30; 0; 10; 5; 2",multipleChoiceResponses.csv,Q34_Part_3,bar,bar
0.007,0.332,0.0,112,50,3.64,0.0,0,0,0,0,23860,0.0,0.0,0.0,"During a typical data science project at work or school, approximately what proportion of your time is devoted to the following? (Answers must add up to 100%) - Model building/model selection; 50; 10; 30; 0; 20; 5; 15; 25; 40",multipleChoiceResponses.csv,Q34_Part_4,bar,bar
0.0053,0.332,0.0,85,50,3.3,0.0,0,0,0,0,23860,0.0,0.0,0.0,"During a typical data science project at work or school, approximately what proportion of your time is devoted to the following? (Answers must add up to 100%) - Putting the model into production; 20; 10; 0; 5; 50; 15; 23; 30; 3",multipleChoiceResponses.csv,Q34_Part_5,bar,bar
0.0061,0.332,0.0,98,50,3.41,0.0,0,0,0,0,23860,0.0,0.0,0.0,"During a typical data science project at work or school, approximately what proportion of your time is devoted to the following? (Answers must add up to 100%) - Finding insights in the data and communicating with stakeholders; 0; 20; 23; 5; 10; 35; 30; 15; 3",multipleChoiceResponses.csv,Q34_Part_6,bar,bar
0.0045,0.0,0.0,108,50,1.93,0.0,0,0,0,0,23860,0.0,0.0,0.0,"During a typical data science project at work or school, approximately what proportion of your time is devoted to the following? (Answers must add up to 100%) - Other; -1; 1; 2; 3; 4; 5; 0; 6; 7",multipleChoiceResponses.csv,Q34_OTHER_TEXT,bar,bar
0.0064,0.3401,0.0,100,50,3.58,0.0,0,0,0,0,23860,0.0,0.0,0.0,What percentage of your current machine learning/data science training falls under each category? (Answers must add up to 100%) - Self-taught; 0; 40; 20; 50; 75; 70; 10; 30; 55,multipleChoiceResponses.csv,Q35_Part_1,bar,bar
0.0064,0.3401,0.0,100,50,3.46,0.0,0,0,0,0,23860,0.0,0.0,0.0,"What percentage of your current machine learning/data science training falls under each category? (Answers must add up to 100%) - Online courses (Coursera, Udemy, edX, etc.); 0; 40; 20; 5; 30; 50; 10; 100; 65",multipleChoiceResponses.csv,Q35_Part_2,bar,bar
0.006,0.3401,0.0,94,50,3.29,0.0,0,0,0,0,23860,0.0,0.0,0.0,What percentage of your current machine learning/data science training falls under each category? (Answers must add up to 100%) - Work; 0; 10; 20; 30; 40; 25; 50; 5; 15,multipleChoiceResponses.csv,Q35_Part_3,bar,bar
0.0057,0.3401,0.0,90,50,3.26,0.0,0,0,0,0,23860,0.0,0.0,0.0,What percentage of your current machine learning/data science training falls under each category? (Answers must add up to 100%) - University; 100; 0; 20; 40; 80; 50; 10; 30; 25,multipleChoiceResponses.csv,Q35_Part_4,bar,bar
0.005,0.3401,0.0,79,50,3.14,0.0,0,0,0,0,23860,0.0,0.0,0.0,What percentage of your current machine learning/data science training falls under each category? (Answers must add up to 100%) - Kaggle competitions; 0; 10; 30; 5; 20; 25; 60; 40; 100,multipleChoiceResponses.csv,Q35_Part_5,bar,bar
0.0036,0.3401,0.0,56,50,2.84,0.0,0,0,0,0,23860,0.0,0.0,0.0,What percentage of your current machine learning/data science training falls under each category? (Answers must add up to 100%) - Other; 0; 30; 5; 10; 20; 70; 15,multipleChoiceResponses.csv,Q35_Part_6,bar,bar
0.0153,0.0,0.0,365,50,2.02,0.0,0,0,0,0,23860,0.0,0.0,0.0,What percentage of your current machine learning/data science training falls under each category? (Answers must add up to 100%) - Other - Text; -1; 0; 1,multipleChoiceResponses.csv,Q35_OTHER_TEXT,bar,bar
0.0005,0.8459,0.0,2,2,7.03,0.0,1,0,0,0,23860,0.0,0.0,0.0,On which online platforms have you begun or completed data science courses? (Select all that apply) - Selected Choice - Udacity; Udacity,multipleChoiceResponses.csv,Q36_Part_1,pie,pie
0.0002,0.6217,0.0,2,2,8.01,0.0,1,0,0,0,23860,0.0,0.0,0.0,On which online platforms have you begun or completed data science courses? (Select all that apply) - Selected Choice - Coursera; Coursera,multipleChoiceResponses.csv,Q36_Part_2,pie,pie
0.0005,0.8464,0.0,2,2,3.03,0.0,1,0,0,0,23860,0.0,0.0,0.0,On which online platforms have you begun or completed data science courses? (Select all that apply) - Selected Choice - edX; edX,multipleChoiceResponses.csv,Q36_Part_3,pie,pie
0.0005,0.822,0.0,2,2,8.03,0.0,1,0,0,0,23860,0.0,0.0,0.0,On which online platforms have you begun or completed data science courses? (Select all that apply) - Selected Choice - DataCamp; DataCamp,multipleChoiceResponses.csv,Q36_Part_4,pie,pie
0.0028,0.9703,0.0,2,2,9.17,0.0,1,0,0,0,23860,0.0,0.0,0.0,On which online platforms have you begun or completed data science courses? (Select all that apply) - Selected Choice - DataQuest; DataQuest,multipleChoiceResponses.csv,Q36_Part_5,pie,pie
0.0005,0.8322,0.0,2,2,12.03,0.0,1,0,0,0,23860,0.0,0.0,0.0,On which online platforms have you begun or completed data science courses? (Select all that apply) - Selected Choice - Kaggle Learn; Kaggle Learn,multipleChoiceResponses.csv,Q36_Part_6,pie,pie
0.0013,0.9342,0.0,2,2,7.08,0.0,1,0,0,0,23860,0.0,0.0,0.0,On which online platforms have you begun or completed data science courses? (Select all that apply) - Selected Choice - Fast.AI; Fast.AI,multipleChoiceResponses.csv,Q36_Part_7,pie,pie
0.0019,0.9564,0.0,2,2,21.12,0.0,1,0,0,0,23860,0.0,0.0,0.0,On which online platforms have you begun or completed data science courses? (Select all that apply) - Selected Choice - developers.google.com; developers.google.com,multipleChoiceResponses.csv,Q36_Part_8,pie,pie
0.0005,0.8185,0.0,2,2,5.03,0.0,1,0,0,0,23860,0.0,0.0,0.0,On which online platforms have you begun or completed data science courses? (Select all that apply) - Selected Choice - Udemy; Udemy,multipleChoiceResponses.csv,Q36_Part_9,pie,pie
0.0071,0.9883,0.0,2,2,12.43,0.0,1,0,0,0,23860,0.0,0.0,0.0,On which online platforms have you begun or completed data science courses? (Select all that apply) - Selected Choice - TheSchool.AI; TheSchool.AI,multipleChoiceResponses.csv,Q36_Part_10,pie,pie
0.001,0.9181,0.0,2,2,25.06,0.0,1,0,0,0,23860,0.0,0.0,0.0,On which online platforms have you begun or completed data science courses? (Select all that apply) - Selected Choice - Online University Courses; Online University Courses,multipleChoiceResponses.csv,Q36_Part_11,pie,pie
1.0,1.0,0.0,1,1,124.0,0.0,0,0,0,1,23860,0.0,0.0,0.0,On which online platforms have you begun or completed data science courses? (Select all that apply) - Selected Choice - None,multipleChoiceResponses.csv,Q36_Part_12,none,none
0.0016,0.9478,0.0,2,2,5.1,0.0,1,0,0,0,23860,0.0,0.0,0.0,On which online platforms have you begun or completed data science courses? (Select all that apply) - Selected Choice - Other; Other,multipleChoiceResponses.csv,Q36_Part_13,pie,pie
0.0264,0.0,0.0,629,50,2.03,0.0,0,0,0,0,23860,0.0,0.0,0.0,On which online platforms have you begun or completed data science courses? (Select all that apply) - Other - Text; -1; 0; 1; 2; 3; 4; 5; 6; 7,multipleChoiceResponses.csv,Q36_OTHER_TEXT,bar,bar
0.0013,0.5947,0.0,13,13,8.37,0.0,0,0,0,0,23860,0.0,0.0,0.0,On which online platform have you spent the most amount of time? - Selected Choice; DataCamp; Coursera; Kaggle Learn; Udacity; Other; edX; developers.google.com; Online University Courses; Udemy,multipleChoiceResponses.csv,Q37,bar,bar
0.0099,0.0,0.0,237,50,2.01,0.0,0,0,0,0,23860,0.0,0.0,0.0,On which online platform have you spent the most amount of time? - Other - Text; -1; 0; 1; 2; 3; 4; 5,multipleChoiceResponses.csv,Q37_OTHER_TEXT,bar,bar
0.0006,0.8684,0.0,2,2,7.04,0.0,1,0,0,0,23860,0.0,0.0,0.0,Who/what are your favorite media sources that report on data science topics? (Select all that apply) - Selected Choice - Twitter; Twitter,multipleChoiceResponses.csv,Q38_Part_1,pie,pie
0.001,0.9156,0.0,2,2,11.06,0.0,1,0,0,0,23860,0.0,0.0,0.0,Who/what are your favorite media sources that report on data science topics? (Select all that apply) - Selected Choice - Hacker News; Hacker News,multipleChoiceResponses.csv,Q38_Part_2,pie,pie
0.0007,0.8718,0.0,2,2,17.04,0.0,1,0,0,0,23860,0.0,0.0,0.0,Who/what are your favorite media sources that report on data science topics? (Select all that apply) - Selected Choice - r/machinelearning; r/machinelearning,multipleChoiceResponses.csv,Q38_Part_3,pie,pie
0.0004,0.7668,0.0,2,2,13.02,0.0,1,0,0,0,23860,0.0,0.0,0.0,Who/what are your favorite media sources that report on data science topics? (Select all that apply) - Selected Choice - Kaggle forums; Kaggle forums,multipleChoiceResponses.csv,Q38_Part_4,pie,pie
0.0026,0.968,0.0,2,2,13.16,0.0,1,0,0,0,23860,0.0,0.0,0.0,Who/what are your favorite media sources that report on data science topics? (Select all that apply) - Selected Choice - Fastai forums; Fastai forums,multipleChoiceResponses.csv,Q38_Part_5,pie,pie
0.001,0.9151,0.0,2,2,27.06,0.0,1,0,0,0,23860,0.0,0.0,0.0,Who/what are your favorite media sources that report on data science topics? (Select all that apply) - Selected Choice - Siraj Raval YouTube Channel; Siraj Raval YouTube Channel,multipleChoiceResponses.csv,Q38_Part_6,pie,pie
0.009,0.9907,0.0,2,2,23.54,0.0,1,0,0,0,23860,0.0,0.0,0.0,Who/what are your favorite media sources that report on data science topics? (Select all that apply) - Selected Choice - DataTau News Aggregator; DataTau News Aggregator,multipleChoiceResponses.csv,Q38_Part_7,pie,pie
0.0037,0.9772,0.0,2,2,26.22,0.0,1,0,0,0,23860,0.0,0.0,0.0,Who/what are your favorite media sources that report on data science topics? (Select all that apply) - Selected Choice - Linear Digressions Podcast; Linear Digressions Podcast,multipleChoiceResponses.csv,Q38_Part_8,pie,pie
0.0033,0.9746,0.0,2,2,29.2,0.0,1,0,0,0,23860,0.0,0.0,0.0,Who/what are your favorite media sources that report on data science topics? (Select all that apply) - Selected Choice - Cloud AI Adventures (YouTube); Cloud AI Adventures (YouTube),multipleChoiceResponses.csv,Q38_Part_9,pie,pie
0.0013,0.9353,0.0,2,2,19.08,0.0,1,0,0,0,23860,0.0,0.0,0.0,Who/what are your favorite media sources that report on data science topics? (Select all that apply) - Selected Choice - FiveThirtyEight.com; FiveThirtyEight.com,multipleChoiceResponses.csv,Q38_Part_10,pie,pie
0.0006,0.8683,0.0,2,2,17.04,0.0,1,0,0,0,23860,0.0,0.0,0.0,Who/what are your favorite media sources that report on data science topics? (Select all that apply) - Selected Choice - ArXiv & Preprints; ArXiv & Preprints,multipleChoiceResponses.csv,Q38_Part_11,pie,pie
0.0009,0.9099,0.0,2,2,20.06,0.0,1,0,0,0,23860,0.0,0.0,0.0,Who/what are your favorite media sources that report on data science topics? (Select all that apply) - Selected Choice - Journal Publications; Journal Publications,multipleChoiceResponses.csv,Q38_Part_12,pie,pie
0.0029,0.9713,0.0,2,2,11.18,0.0,1,0,0,0,23860,0.0,0.0,0.0,Who/what are your favorite media sources that report on data science topics? (Select all that apply) - Selected Choice - FastML Blog; FastML Blog,multipleChoiceResponses.csv,Q38_Part_13,pie,pie
0.0007,0.8721,0.0,2,2,14.04,0.0,1,0,0,0,23860,0.0,0.0,0.0,Who/what are your favorite media sources that report on data science topics? (Select all that apply) - Selected Choice - KDnuggets Blog; KDnuggets Blog,multipleChoiceResponses.csv,Q38_Part_14,pie,pie
0.0013,0.9355,0.0,2,2,24.08,0.0,1,0,0,0,23860,0.0,0.0,0.0,Who/what are your favorite media sources that report on data science topics? (Select all that apply) - Selected Choice - O'Reilly Data Newsletter; O'Reilly Data Newsletter,multipleChoiceResponses.csv,Q38_Part_15,pie,pie
0.0063,0.9867,0.0,2,2,28.38,0.0,1,0,0,0,23860,0.0,0.0,0.0,Who/what are your favorite media sources that report on data science topics? (Select all that apply) - Selected Choice - Partially Derivative Podcast; Partially Derivative Podcast,multipleChoiceResponses.csv,Q38_Part_16,pie,pie
0.003,0.9718,0.0,2,2,24.18,0.0,1,0,0,0,23860,0.0,0.0,0.0,Who/what are your favorite media sources that report on data science topics? (Select all that apply) - Selected Choice - The Data Skeptic Podcast; The Data Skeptic Podcast,multipleChoiceResponses.csv,Q38_Part_17,pie,pie
0.0004,0.7899,0.0,2,2,17.02,0.0,1,0,0,0,23860,0.0,0.0,0.0,Who/what are your favorite media sources that report on data science topics? (Select all that apply) - Selected Choice - Medium Blog Posts; Medium Blog Posts,multipleChoiceResponses.csv,Q38_Part_18,pie,pie
1.0,1.0,0.0,1,1,146.0,0.0,0,0,0,1,23860,0.0,0.0,0.0,Who/what are your favorite media sources that report on data science topics? (Select all that apply) - Selected Choice - Towards Data Science Blog,multipleChoiceResponses.csv,Q38_Part_19,none,none
1.0,1.0,0.0,1,1,142.0,0.0,0,0,0,1,23860,0.0,0.0,0.0,Who/what are your favorite media sources that report on data science topics? (Select all that apply) - Selected Choice - Analytics Vidhya Blog,multipleChoiceResponses.csv,Q38_Part_20,none,none
0.0006,0.8699,0.0,2,2,18.04,0.0,1,0,0,0,23860,0.0,0.0,0.0,Who/what are your favorite media sources that report on data science topics? (Select all that apply) - Selected Choice - None/I do not know; None/I do not know,multipleChoiceResponses.csv,Q38_Part_21,pie,pie
0.0013,0.9346,0.0,2,2,5.08,0.0,1,0,0,0,23860,0.0,0.0,0.0,Who/what are your favorite media sources that report on data science topics? (Select all that apply) - Selected Choice - Other; Other,multipleChoiceResponses.csv,Q38_Part_22,pie,pie
0.0355,0.0,0.0,847,50,2.05,0.0,0,0,0,0,23860,0.0,0.0,0.0,Who/what are your favorite media sources that report on data science topics? (Select all that apply) - Other - Text; -1; 0; 1; 2; 3; 4; 5; 6; 7,multipleChoiceResponses.csv,Q38_OTHER_TEXT,bar,bar
0.0004,0.3303,0.0,7,7,16.78,0.0,0,0,0,0,23860,0.0,0.0,0.0,How do you perceive the quality of online learning platforms and in-person bootcamps as compared to the quality of the education provided by traditional brick and mortar institutions? - Online learning platforms and MOOCs:; Much better; Slightly worse; Much worse; Slightly better; No opinion; I do not know; Neither better nor worse,multipleChoiceResponses.csv,Q39_Part_1,bar,bar
0.0004,0.3303,0.0,7,7,19.16,0.0,0,0,0,0,23860,0.0,0.0,0.0,How do you perceive the quality of online learning platforms and in-person bootcamps as compared to the quality of the education provided by traditional brick and mortar institutions? - In-person bootcamps:; Much worse; No opinion; I do not know; Slightly better; Much better; Neither better nor worse; Slightly worse,multipleChoiceResponses.csv,Q39_Part_2,bar,bar
0.0004,0.3345,0.0,7,7,68.53,0.0,0,0,0,0,23860,0.0,0.0,0.0,Which better demonstrates expertise in data science: academic achievements or independent projects? - Your views:; Independent projects are equally important as academic achievements; Independent projects are much more important than academic achievements; Independent projects are slightly more important than academic achievements; Independent projects are slightly less important than academic ach...,multipleChoiceResponses.csv,Q40,bar,bar
0.0003,0.374,0.0,5,5,16.38,0.0,0,0,0,0,23860,0.0,0.0,0.0,How do you perceive the importance of the following topics? - Fairness and bias in ML algorithms:; Very important; Not at all important; Slightly important; No opinion; I do not know,multipleChoiceResponses.csv,Q41_Part_1,bar,bar
0.0003,0.374,0.0,5,5,15.76,0.0,0,0,0,0,23860,0.0,0.0,0.0,How do you perceive the importance of the following topics? - Being able to explain ML model outputs and/or predictions; Very important; Slightly important; Not at all important; No opinion; I do not know,multipleChoiceResponses.csv,Q41_Part_2,bar,bar
0.0003,0.374,0.0,5,5,15.72,0.0,0,0,0,0,23860,0.0,0.0,0.0,How do you perceive the importance of the following topics? - Reproducibility in data science; Very important; Slightly important; No opinion; I do not know; Not at all important,multipleChoiceResponses.csv,Q41_Part_3,bar,bar
0.0004,0.7661,0.0,2,2,29.03,0.0,1,0,0,0,23860,0.0,0.0,0.0,What metrics do you or your organization use to determine whether or not your models were successful? (Select all that apply) - Selected Choice - Revenue and/or business goals; Revenue and/or business goals,multipleChoiceResponses.csv,Q42_Part_1,pie,pie
0.0002,0.6472,0.0,2,2,30.02,0.0,1,0,0,0,23860,0.0,0.0,0.0,What metrics do you or your organization use to determine whether or not your models were successful? (Select all that apply) - Selected Choice - Metrics that consider accuracy; Metrics that consider accuracy,multipleChoiceResponses.csv,Q42_Part_2,pie,pie
0.0007,0.8829,0.0,2,2,33.05,0.0,1,0,0,0,23860,0.0,0.0,0.0,What metrics do you or your organization use to determine whether or not your models were successful? (Select all that apply) - Selected Choice - Metrics that consider unfair bias; Metrics that consider unfair bias,multipleChoiceResponses.csv,Q42_Part_3,pie,pie
0.0006,0.8693,0.0,2,2,77.05,0.0,1,0,0,0,23860,0.0,0.0,0.0,What metrics do you or your organization use to determine whether or not your models were successful? (Select all that apply) - Selected Choice - Not applicable (I am not involved with an organization that builds ML models); Not applicable (I am not involved with an organization that builds ML models),multipleChoiceResponses.csv,Q42_Part_4,pie,pie
0.0068,0.9878,0.0,2,2,5.5,0.0,1,0,0,0,23860,0.0,0.0,0.0,What metrics do you or your organization use to determine whether or not your models were successful? (Select all that apply) - Selected Choice - Other; Other,multipleChoiceResponses.csv,Q42_Part_5,pie,pie
0.0087,0.0,0.0,208,50,2.01,0.0,0,0,0,0,23860,0.0,0.0,0.0,What metrics do you or your organization use to determine whether or not your models were successful? (Select all that apply) - Other - Text; -1; 0; 1; 2; 3,multipleChoiceResponses.csv,Q42_OTHER_TEXT,bar,bar
0.0009,0.4501,0.0,12,12,3.64,0.1555,0,0,0,0,23860,0.0,0.0,0.0,Approximately what percent of your data projects involved exploring unfair bias in the dataset and/or algorithm?; 0-10; 20-30; 0; 10-20; 30-40; 60-70; 40-50; 90-100; 70-80,multipleChoiceResponses.csv,Q43,bar,bar
0.0006,0.8618,0.0,2,2,99.04,0.0,1,0,0,0,23860,0.0,0.0,0.0,What do you find most difficult about ensuring that your algorithms are fair and unbiased? (Select all that apply) - Lack of communication between individuals who collect the data and individuals who analyze the data; Lack of communication between individuals who collect the data and individuals who analyze the data,multipleChoiceResponses.csv,Q44_Part_1,pie,pie
0.0005,0.8447,0.0,2,2,59.03,0.0,1,0,0,0,23860,0.0,0.0,0.0,What do you find most difficult about ensuring that your algorithms are fair and unbiased? (Select all that apply) - Difficulty in identifying groups that are unfairly targeted; Difficulty in identifying groups that are unfairly targeted,multipleChoiceResponses.csv,Q44_Part_2,pie,pie
0.0004,0.7779,0.0,2,2,79.02,0.0,1,0,0,0,23860,0.0,0.0,0.0,What do you find most difficult about ensuring that your algorithms are fair and unbiased? (Select all that apply) - Difficulty in collecting enough data about groups that may be unfairly targeted; Difficulty in collecting enough data about groups that may be unfairly targeted,multipleChoiceResponses.csv,Q44_Part_3,pie,pie
0.0004,0.8065,0.0,2,2,74.03,0.0,1,0,0,0,23860,0.0,0.0,0.0,What do you find most difficult about ensuring that your algorithms are fair and unbiased? (Select all that apply) - Difficulty in identifying and selecting the appropriate evaluation metrics; Difficulty in identifying and selecting the appropriate evaluation metrics,multipleChoiceResponses.csv,Q44_Part_4,pie,pie
0.0044,0.9811,0.0,2,2,46.26,0.0,1,0,0,0,23860,0.0,0.0,0.0,What do you find most difficult about ensuring that your algorithms are fair and unbiased? (Select all that apply) - I have never found any difficulty in this task; I have never found any difficulty in this task,multipleChoiceResponses.csv,Q44_Part_5,pie,pie
0.0005,0.8308,0.0,2,2,32.03,0.0,1,0,0,0,23860,0.0,0.0,0.0,What do you find most difficult about ensuring that your algorithms are fair and unbiased? (Select all that apply) - I have never performed this task; I have never performed this task,multipleChoiceResponses.csv,Q44_Part_6,pie,pie
0.0012,0.9291,0.0,2,2,61.07,0.0,1,0,0,0,23860,0.0,0.0,0.0,In what circumstances would you explore model insights and interpret your model's predictions? (Select all that apply) - Only for very important models that are already in production; Only for very important models that are already in production,multipleChoiceResponses.csv,Q45_Part_1,pie,pie
0.0004,0.8014,0.0,2,2,59.03,0.0,1,0,0,0,23860,0.0,0.0,0.0,In what circumstances would you explore model insights and interpret your model's predictions? (Select all that apply) - For all models right before putting the model in production; For all models right before putting the model in production,multipleChoiceResponses.csv,Q45_Part_2,pie,pie
0.0004,0.773,0.0,2,2,72.02,0.0,1,0,0,0,23860,0.0,0.0,0.0,In what circumstances would you explore model insights and interpret your model's predictions? (Select all that apply) - When determining whether it is worth it to put the model into production; When determining whether it is worth it to put the model into production,multipleChoiceResponses.csv,Q45_Part_3,pie,pie
0.0003,0.7585,0.0,2,2,77.02,0.0,1,0,0,0,23860,0.0,0.0,0.0,In what circumstances would you explore model insights and interpret your model's predictions? (Select all that apply) - When building a model that was specifically designed to produce such insights; When building a model that was specifically designed to produce such insights,multipleChoiceResponses.csv,Q45_Part_4,pie,pie
0.0004,0.7663,0.0,2,2,46.02,0.0,1,0,0,0,23860,0.0,0.0,0.0,In what circumstances would you explore model insights and interpret your model's predictions? (Select all that apply) - When first exploring a new ML model or dataset; When first exploring a new ML model or dataset,multipleChoiceResponses.csv,Q45_Part_5,pie,pie
0.0013,0.9376,0.0,2,2,61.08,0.0,1,0,0,0,23860,0.0,0.0,0.0,In what circumstances would you explore model insights and interpret your model's predictions? (Select all that apply) - I do not explore and interpret model insights and predictions; I do not explore and interpret model insights and predictions,multipleChoiceResponses.csv,Q45_Part_6,pie,pie
0.0009,0.443,0.0,12,12,4.47,0.1605,0,0,0,0,23860,0.0,0.0,0.0,Approximately what percent of your data projects involve exploring model insights?; 10-20; 20-30; 0; 50-60; 0-10; 40-50; 90-100; 80-90; 30-40,multipleChoiceResponses.csv,Q46,bar,bar
0.0006,0.8487,0.0,2,2,37.04,0.0,1,0,0,0,23860,0.0,0.0,0.0,What methods do you prefer for explaining and/or interpreting decisions that are made by ML models? (Select all that apply) - Selected Choice - Examine individual model coefficients; Examine individual model coefficients,multipleChoiceResponses.csv,Q47_Part_1,pie,pie
0.0004,0.7729,0.0,2,2,28.03,0.0,1,0,0,0,23860,0.0,0.0,0.0,What methods do you prefer for explaining and/or interpreting decisions that are made by ML models? (Select all that apply) - Selected Choice - Examine feature correlations; Examine feature correlations,multipleChoiceResponses.csv,Q47_Part_2,pie,pie
0.0003,0.7485,0.0,2,2,27.02,0.0,1,0,0,0,23860,0.0,0.0,0.0,What methods do you prefer for explaining and/or interpreting decisions that are made by ML models? (Select all that apply) - Selected Choice - Examine feature importances; Examine feature importances,multipleChoiceResponses.csv,Q47_Part_3,pie,pie
0.0006,0.8532,0.0,2,2,24.04,0.0,1,0,0,0,23860,0.0,0.0,0.0,What methods do you prefer for explaining and/or interpreting decisions that are made by ML models? (Select all that apply) - Selected Choice - Plot decision boundaries; Plot decision boundaries,multipleChoiceResponses.csv,Q47_Part_4,pie,pie
0.0011,0.9215,0.0,2,2,31.08,0.0,1,0,0,0,23860,0.0,0.0,0.0,What methods do you prefer for explaining and/or interpreting decisions that are made by ML models? (Select all that apply) - Selected Choice - Create partial dependence plots; Create partial dependence plots,multipleChoiceResponses.csv,Q47_Part_5,pie,pie
0.0005,0.8175,0.0,2,2,35.03,0.0,1,0,0,0,23860,0.0,0.0,0.0,What methods do you prefer for explaining and/or interpreting decisions that are made by ML models? (Select all that apply) - Selected Choice - Dimensionality reduction techniques; Dimensionality reduction techniques,multipleChoiceResponses.csv,Q47_Part_6,pie,pie
0.002,0.958,0.0,2,2,34.14,0.0,1,0,0,0,23860,0.0,0.0,0.0,What methods do you prefer for explaining and/or interpreting decisions that are made by ML models? (Select all that apply) - Selected Choice - Attention mapping/saliency mapping; Attention mapping/saliency mapping,multipleChoiceResponses.csv,Q47_Part_7,pie,pie
0.0003,0.6813,0.0,2,2,33.02,0.0,1,0,0,0,23860,0.0,0.0,0.0,What methods do you prefer for explaining and/or interpreting decisions that are made by ML models? (Select all that apply) - Selected Choice - Plot predicted vs. actual results; Plot predicted vs. actual results,multipleChoiceResponses.csv,Q47_Part_8,pie,pie
0.0005,0.8474,0.0,2,2,25.04,0.0,1,0,0,0,23860,0.0,0.0,0.0,What methods do you prefer for explaining and/or interpreting decisions that are made by ML models? (Select all that apply) - Selected Choice - Print out a decision tree; Print out a decision tree,multipleChoiceResponses.csv,Q47_Part_9,pie,pie
0.0006,0.87,0.0,2,2,44.05,0.0,1,0,0,0,23860,0.0,0.0,0.0,What methods do you prefer for explaining and/or interpreting decisions that are made by ML models? (Select all that apply) - Selected Choice - Sensitivity analysis/perturbation importance; Sensitivity analysis/perturbation importance,multipleChoiceResponses.csv,Q47_Part_10,pie,pie
0.0022,0.9612,0.0,2,2,14.16,0.0,1,0,0,0,23860,0.0,0.0,0.0,What methods do you prefer for explaining and/or interpreting decisions that are made by ML models? (Select all that apply) - Selected Choice - LIME functions; LIME functions,multipleChoiceResponses.csv,Q47_Part_11,pie,pie
0.0038,0.9781,0.0,2,2,14.28,0.0,1,0,0,0,23860,0.0,0.0,0.0,What methods do you prefer for explaining and/or interpreting decisions that are made by ML models? (Select all that apply) - Selected Choice - ELI5 functions; ELI5 functions,multipleChoiceResponses.csv,Q47_Part_12,pie,pie
0.0027,0.9691,0.0,2,2,14.2,0.0,1,0,0,0,23860,0.0,0.0,0.0,What methods do you prefer for explaining and/or interpreting decisions that are made by ML models? (Select all that apply) - Selected Choice - SHAP functions; SHAP functions,multipleChoiceResponses.csv,Q47_Part_13,pie,pie
0.001,0.9133,0.0,2,2,52.07,0.0,1,0,0,0,23860,0.0,0.0,0.0,What methods do you prefer for explaining and/or interpreting decisions that are made by ML models? (Select all that apply) - Selected Choice - None/I do not use these model explanation techniques; None/I do not use these model explanation techniques,multipleChoiceResponses.csv,Q47_Part_14,pie,pie
0.0082,0.9897,0.0,2,2,5.59,0.0,1,0,0,0,23860,0.0,0.0,0.0,What methods do you prefer for explaining and/or interpreting decisions that are made by ML models? (Select all that apply) - Selected Choice - Other; Other,multipleChoiceResponses.csv,Q47_Part_15,pie,pie
0.9845,0.9946,0.0,127,50,34.32,0.0,0,0,0,1,23860,0.0,0.0,0.0,"What methods do you prefer for explaining and/or interpreting decisions that are made by ML models? (Select all that apply) - Other - Text; Visualising and interpreting predicted vs. actual; Hello World it's Siraj ; Manually observe patterns in predictions by testing on varied test data.; Orange; Visualizing the results on interpretable model; Beginner in the field; Rule sets, rule lists; difficul...",multipleChoiceResponses.csv,Q47_Part_16,none,none
0.0004,0.4397,0.0,6,6,80.18,0.0,0,0,0,0,23860,0.0,0.0,0.0,"Do you consider ML models to be ""black boxes"" with outputs that are difficult or impossible to explain?; I am confident that I can explain the outputs of most if not all ML models; Yes, most ML models are ""black boxes""; I am confident that I can understand and explain the outputs of many but not all ML models; I view ML models as ""black boxes"" but I am confident that experts are able to explain mo...",multipleChoiceResponses.csv,Q48,bar,bar
0.0004,0.7637,0.0,2,2,57.02,0.0,1,0,0,0,23860,0.0,0.0,0.0,What tools and methods do you use to make your work easy to reproduce? (Select all that apply) - Selected Choice - Share code on Github or a similar code-sharing repository; Share code on Github or a similar code-sharing repository,multipleChoiceResponses.csv,Q49_Part_1,pie,pie
0.0004,0.8086,0.0,2,2,71.03,0.0,1,0,0,0,23860,0.0,0.0,0.0,What tools and methods do you use to make your work easy to reproduce? (Select all that apply) - Selected Choice - Share both data and code on Github or a similar code-sharing repository; Share both data and code on Github or a similar code-sharing repository,multipleChoiceResponses.csv,Q49_Part_2,pie,pie
0.0007,0.8765,0.0,2,2,118.04,0.0,1,0,0,0,23860,0.0,0.0,0.0,"What tools and methods do you use to make your work easy to reproduce? (Select all that apply) - Selected Choice - Share data, code, and environment using a hosted service (Kaggle Kernels, Google Colaboratory, Amazon SageMaker, etc.); Share data, code, and environment using a hosted service (Kaggle Kernels, Google Colaboratory, Amazon SageMaker, etc.)",multipleChoiceResponses.csv,Q49_Part_3,pie,pie
0.0007,0.8876,0.0,2,2,65.04,0.0,1,0,0,0,23860,0.0,0.0,0.0,"What tools and methods do you use to make your work easy to reproduce? (Select all that apply) - Selected Choice - Share data, code, and environment using containers (Docker, etc.); Share data, code, and environment using containers (Docker, etc.)",multipleChoiceResponses.csv,Q49_Part_4,pie,pie
0.0014,0.9381,0.0,2,2,75.08,0.0,1,0,0,0,23860,0.0,0.0,0.0,"What tools and methods do you use to make your work easy to reproduce? (Select all that apply) - Selected Choice - Share code, data, and environment using virtual machines (VirtualBox, etc.); Share code, data, and environment using virtual machines (VirtualBox, etc.)",multipleChoiceResponses.csv,Q49_Part_5,pie,pie
0.0002,0.6625,0.0,2,2,37.01,0.0,1,0,0,0,23860,0.0,0.0,0.0,What tools and methods do you use to make your work easy to reproduce? (Select all that apply) - Selected Choice - Make sure the code is well documented; Make sure the code is well documented,multipleChoiceResponses.csv,Q49_Part_6,pie,pie
0.0003,0.6738,0.0,2,2,36.01,0.0,1,0,0,0,23860,0.0,0.0,0.0,What tools and methods do you use to make your work easy to reproduce? (Select all that apply) - Selected Choice - Make sure the code is human-readable; Make sure the code is human-readable,multipleChoiceResponses.csv,Q49_Part_7,pie,pie
0.0004,0.8066,0.0,2,2,23.02,0.0,1,0,0,0,23860,0.0,0.0,0.0,What tools and methods do you use to make your work easy to reproduce? (Select all that apply) - Selected Choice - Define all random seeds; Define all random seeds,multipleChoiceResponses.csv,Q49_Part_8,pie,pie
0.0005,0.8464,0.0,2,2,47.03,0.0,1,0,0,0,23860,0.0,0.0,0.0,What tools and methods do you use to make your work easy to reproduce? (Select all that apply) - Selected Choice - Define relative rather than absolute file paths; Define relative rather than absolute file paths,multipleChoiceResponses.csv,Q49_Part_9,pie,pie
0.0005,0.817,0.0,2,2,47.03,0.0,1,0,0,0,23860,0.0,0.0,0.0,What tools and methods do you use to make your work easy to reproduce? (Select all that apply) - Selected Choice - Include a text file describing all dependencies; Include a text file describing all dependencies,multipleChoiceResponses.csv,Q49_Part_10,pie,pie
0.002,0.9587,0.0,2,2,55.12,0.0,1,0,0,0,23860,0.0,0.0,0.0,What tools and methods do you use to make your work easy to reproduce? (Select all that apply) - Selected Choice - None/I do not make my work easy for others to reproduce; None/I do not make my work easy for others to reproduce,multipleChoiceResponses.csv,Q49_Part_11,pie,pie
0.0082,0.9897,0.0,2,2,5.47,0.0,1,0,0,0,23860,0.0,0.0,0.0,What tools and methods do you use to make your work easy to reproduce? (Select all that apply) - Selected Choice - Other; Other,multipleChoiceResponses.csv,Q49_Part_12,pie,pie
0.0071,0.0,0.0,170,50,2.01,0.0,0,0,0,0,23860,0.0,0.0,0.0,What tools and methods do you use to make your work easy to reproduce? (Select all that apply) - Other - Text; -1; 0,multipleChoiceResponses.csv,Q49_OTHER_TEXT,bar,bar
0.0015,0.9425,0.0,2,2,13.09,0.0,1,0,0,0,23860,0.0,0.0,0.0,What barriers prevent you from making your work even easier to reuse and reproduce? (Select all that apply) - Selected Choice - Too expensive; Too expensive,multipleChoiceResponses.csv,Q50_Part_1,pie,pie
0.0003,0.7285,0.0,2,2,18.02,0.0,1,0,0,0,23860,0.0,0.0,0.0,What barriers prevent you from making your work even easier to reuse and reproduce? (Select all that apply) - Selected Choice - Too time-consuming; Too time-consuming,multipleChoiceResponses.csv,Q50_Part_2,pie,pie
0.0007,0.8879,0.0,2,2,37.05,0.0,1,0,0,0,23860,0.0,0.0,0.0,What barriers prevent you from making your work even easier to reuse and reproduce? (Select all that apply) - Selected Choice - Requires too much technical knowledge; Requires too much technical knowledge,multipleChoiceResponses.csv,Q50_Part_3,pie,pie
0.001,0.9118,0.0,2,2,64.06,0.0,1,0,0,0,23860,0.0,0.0,0.0,What barriers prevent you from making your work even easier to reuse and reproduce? (Select all that apply) - Selected Choice - Afraid that others will use my work without giving proper credit; Afraid that others will use my work without giving proper credit,multipleChoiceResponses.csv,Q50_Part_4,pie,pie
0.0006,0.8504,0.0,2,2,38.04,0.0,1,0,0,0,23860,0.0,0.0,0.0,What barriers prevent you from making your work even easier to reuse and reproduce? (Select all that apply) - Selected Choice - Not enough incentives to share my work; Not enough incentives to share my work,multipleChoiceResponses.csv,Q50_Part_5,pie,pie
0.0019,0.9556,0.0,2,2,68.12,0.0,1,0,0,0,23860,0.0,0.0,0.0,What barriers prevent you from making your work even easier to reuse and reproduce? (Select all that apply) - Selected Choice - I had never considered making my work easier for others to reproduce; I had never considered making my work easier for others to reproduce,multipleChoiceResponses.csv,Q50_Part_6,pie,pie
0.0008,0.8952,0.0,2,2,33.05,0.0,1,0,0,0,23860,0.0,0.0,0.0,What barriers prevent you from making your work even easier to reuse and reproduce? (Select all that apply) - Selected Choice - None of these reasons apply to me; None of these reasons apply to me,multipleChoiceResponses.csv,Q50_Part_7,pie,pie
0.0038,0.9782,0.0,2,2,5.25,0.0,1,0,0,0,23860,0.0,0.0,0.0,What barriers prevent you from making your work even easier to reuse and reproduce? (Select all that apply) - Selected Choice - Other; Other,multipleChoiceResponses.csv,Q50_Part_8,pie,pie
0.0172,0.0,0.0,410,50,2.02,0.0,0,0,0,0,23860,0.0,0.0,0.0,What barriers prevent you from making your work even easier to reuse and reproduce? (Select all that apply) - Other - Text; -1; 0; 1; 2,multipleChoiceResponses.csv,Q50_OTHER_TEXT,bar,bar
1.0,0.0,0.0,58450,50,19.0,1.0,0,0,0,0,58450,0.0,0.0,0.0,2004-12-31 01:00:00; 2004-12-31 02:00:00; 2004-12-31 03:00:00; 2004-12-31 04:00:00; 2004-12-31 05:00:00; 2004-12-31 06:00:00; 2004-12-31 07:00:00; 2004-12-31 08:00:00; 2004-12-31 09:00:00; 2004-12-31 10:00:00,NI_hourly.csv,Datetime,line,none
0.1784,0.0,1.0,10428,50,0.0,0.0,0,1,0,0,58450,11701.6829,2371.4987,0.9724,9810.0; 9001.0; 8509.0; 8278.0; 8089.0; 8208.0; 8431.0; 8891.0; 9098.0; 9237.0,NI_hourly.csv,NI_MW,bar,histogram
1.0,0.0,1.0,251,50,0.0,0.0,0,1,0,0,251,103190825064436.69,1048400107277.506,3.34,102900005115168; 102900005115199; 102900005115625; 102900005115748; 102900005115762; 102900005115779; 102900005115786; 102900005115793; 102900005115816; 102900005115823,annex1.csv,Item Code,histogram,none
0.9841,0.0,0.0,247,50,18.57,0.0,0,0,0,1,251,0.0,0.0,0.0,Niushou Shengcai; Sichuan Red Cedar; Local Xiaomao Cabbage; White Caitai; Amaranth; Yunnan Shengcai; Zhuyecai; Chinese Cabbage; Nanguajian; Shanghaiqing,annex1.csv,Item Name,none,none
0.0239,0.0,1.0,6,6,0.0,0.0,0,1,1,0,251,1011010414.761,291.5469,0.1707,1011010101; 1011010201; 1011010402; 1011010501; 1011010504; 1011010801,annex1.csv,Category Code,bar,bar
0.0239,0.0,0.0,6,6,16.96,0.0,0,0,0,0,251,0.0,0.0,0.0,Flower/Leaf Vegetables; Cabbage; Aquatic Tuberous Vegetables; Solanum; Capsicum; Edible Mushroom,annex1.csv,Category Name,bar,bar
1.0,0.0,0.0,32896,50,19.0,1.0,0,0,0,0,32896,0.0,0.0,0.0,1998-12-31 01:00:00; 1998-12-31 02:00:00; 1998-12-31 03:00:00; 1998-12-31 04:00:00; 1998-12-31 05:00:00; 1998-12-31 06:00:00; 1998-12-31 07:00:00; 1998-12-31 08:00:00; 1998-12-31 09:00:00; 1998-12-31 10:00:00,PJM_Load_hourly.csv,Datetime,line,none
0.5127,0.0,1.0,16865,50,0.0,0.0,0,1,0,0,32896,29766.4274,5849.77,0.5575,29309.0; 28236.0; 27692.0; 27596.0; 27888.0; 29382.0; 31373.0; 33272.0; 34133.0; 35232.0,PJM_Load_hourly.csv,PJM_Load_MW,histogram,histogram
1.0,0.0,0.0,145362,50,19.0,1.0,0,0,0,0,145366,0.0,0.0,0.0,2002-12-31 01:00:00; 2002-12-31 02:00:00; 2002-12-31 03:00:00; 2002-12-31 04:00:00; 2002-12-31 05:00:00; 2002-12-31 06:00:00; 2002-12-31 07:00:00; 2002-12-31 08:00:00; 2002-12-31 09:00:00; 2002-12-31 10:00:00,PJME_hourly.csv,Datetime,line,none
0.1957,0.0,1.0,28441,50,0.0,0.0,0,1,0,0,145366,32080.2228,6464.0122,0.739,26498.0; 25147.0; 24574.0; 24393.0; 24860.0; 26222.0; 28702.0; 30698.0; 31800.0; 32359.0,PJME_hourly.csv,PJME_MW,bar,histogram
1.0,0.0,1.0,3654,50,0.0,1.0,0,1,1,0,3654,20045678.7542,28742.8717,0.0002,20000101; 20000102; 20000103; 20000104; 20000105; 20000106; 20000107; 20000108; 20000109; 20000110,weather_prediction_bbq_labels.csv,DATE,line,line
0.0005,0.0,1.0,2,2,0.0,0.0,1,1,0,0,3654,0.2564,0.4367,1.1161,False; True,weather_prediction_bbq_labels.csv,BASEL_BBQ_weather,bar,pie
0.0005,0.0,1.0,2,2,0.0,0.0,1,1,0,0,3654,0.3675,0.4822,0.5497,False; True,weather_prediction_bbq_labels.csv,BUDAPEST_BBQ_weather,bar,pie
0.0005,0.0,1.0,2,2,0.0,0.0,1,1,0,0,3654,0.2198,0.4141,1.3541,False; True,weather_prediction_bbq_labels.csv,DE_BBQ_weather,bar,pie
0.0005,0.0,1.0,2,2,0.0,0.0,1,1,0,0,3654,0.228,0.4196,1.2974,False; True,weather_prediction_bbq_labels.csv,DRESDEN_BBQ_weather,bar,pie
0.0005,0.0,1.0,2,2,0.0,0.0,1,1,0,0,3654,0.2291,0.4203,1.29,False; True,weather_prediction_bbq_labels.csv,DUSSELDORF_BBQ_weather,bar,pie
0.0005,0.0,1.0,2,2,0.0,0.0,1,1,0,0,3654,0.2378,0.4258,1.2321,False; True,weather_prediction_bbq_labels.csv,HEATHROW_BBQ_weather,bar,pie
0.0005,0.0,1.0,2,2,0.0,0.0,1,1,0,0,3654,0.2009,0.4007,1.4938,False; True,weather_prediction_bbq_labels.csv,KASSEL_BBQ_weather,bar,pie
0.0005,0.0,1.0,2,2,0.0,0.0,1,1,0,0,3654,0.3016,0.459,0.865,False; True,weather_prediction_bbq_labels.csv,LJUBLJANA_BBQ_weather,bar,pie
0.0005,0.0,1.0,2,2,0.0,0.0,1,1,0,0,3654,0.2266,0.4187,1.3067,False; True,weather_prediction_bbq_labels.csv,MAASTRICHT_BBQ_weather,bar,pie
0.0005,0.0,1.0,2,2,0.0,0.0,1,1,0,0,3654,0.2107,0.4079,1.4192,False; True,weather_prediction_bbq_labels.csv,MALMO_BBQ_weather,bar,pie
0.0005,0.0,1.0,2,2,0.0,0.0,1,1,0,0,3654,0.3837,0.4864,0.4786,False; True,weather_prediction_bbq_labels.csv,MONTELIMAR_BBQ_weather,bar,pie
0.0005,0.0,1.0,2,2,0.0,0.0,1,1,0,0,3654,0.2296,0.4206,1.2863,False; True,weather_prediction_bbq_labels.csv,MUENCHEN_BBQ_weather,bar,pie
0.0005,0.0,1.0,2,2,0.0,0.0,1,1,0,0,3654,0.1689,0.3747,1.7686,False; True,weather_prediction_bbq_labels.csv,OSLO_BBQ_weather,bar,pie
0.0005,0.0,1.0,2,2,0.0,0.0,1,1,0,0,3654,0.4847,0.4998,0.0614,False; True,weather_prediction_bbq_labels.csv,PERPIGNAN_BBQ_weather,bar,pie
0.0003,0.0,1.0,1,1,0.0,0.0,0,1,1,0,3654,0.0,0.0,0.0,False,weather_prediction_bbq_labels.csv,SONNBLICK_BBQ_weather,bar,bar
0.0005,0.0,1.0,2,2,0.0,0.0,1,1,0,0,3654,0.1845,0.3879,1.6278,False; True,weather_prediction_bbq_labels.csv,STOCKHOLM_BBQ_weather,bar,pie
0.0005,0.0,1.0,2,2,0.0,0.0,1,1,0,0,3654,0.2674,0.4427,1.0516,False; True,weather_prediction_bbq_labels.csv,TOURS_BBQ_weather,bar,pie
1.0,0.0,1.0,251,50,0.0,0.0,0,1,1,0,251,103190825064436.69,1048400107277.506,3.34,102900005115168; 102900005115199; 102900005115250; 102900005115625; 102900005115748; 102900005115762; 102900005115779; 102900005115786; 102900005115793; 102900005115816,annex4.csv,Item Code,line,none
0.502,0.0,1.0,126,50,0.0,0.0,0,0,0,0,251,9.4267,5.211,0.551,4.39; 10.46; 10.8; 0.18; 8.78; 18.52; 15.25; 13.62; 7.59; 13.46,annex4.csv,Loss Rate (%),histogram,histogram
0.0195,0.0,0.0,1091,50,10.0,1.0,0,0,0,0,55982,0.0,0.0,0.0,2020-07-01; 2020-07-02; 2020-07-03; 2020-07-04; 2020-07-05; 2020-07-06,annex3.csv,Date,line,line
0.0045,0.0,1.0,251,50,0.0,0.0,0,1,0,0,55982,103044945365014.77,752792703273.4888,5.0016,102900005115762; 102900005115779; 102900005115786; 102900005115793; 102900005115823; 102900005115908; 102900005115946; 102900005115960; 102900005115984; 102900005116226,annex3.csv,Item Code,bar,histogram
0.0425,0.0,1.0,2380,50,0.0,0.0,0,0,0,0,55982,5.9626,5.0678,4.3712,3.88; 6.72; 3.19; 9.24; 7.03; 4.6; 4.2; 2.1; 3.44; 4.64,annex3.csv,Wholesale Price (RMB/kg),bar,histogram
1.0,0.0,0.0,143202,50,19.0,1.0,0,0,0,0,143206,0.0,0.0,0.0,2002-12-31 01:00:00; 2002-12-31 02:00:00; 2002-12-31 03:00:00; 2002-12-31 04:00:00; 2002-12-31 05:00:00; 2002-12-31 06:00:00; 2002-12-31 07:00:00; 2002-12-31 08:00:00; 2002-12-31 09:00:00; 2002-12-31 10:00:00,PJMW_hourly.csv,Datetime,line,none
0.0373,0.0,1.0,5343,50,0.0,0.0,0,1,0,0,143206,5602.3751,979.1429,0.3349,5077.0; 4939.0; 4885.0; 4857.0; 4930.0; 5126.0; 5493.0; 5824.0; 5962.0; 6019.0,PJMW_hourly.csv,PJMW_MW,bar,histogram
0.0293,0.0,1.0,43,43,0.0,0.0,0,1,0,0,1470,36.9238,9.1354,0.4133,41; 49; 37; 33; 27; 32; 59; 30; 38; 36,HR Employee Attrition.csv,Age,bar,histogram
0.0014,0.0,0.0,2,2,2.16,0.0,1,0,0,0,1470,0.0,0.0,0.0,Yes; No,HR Employee Attrition.csv,Attrition,pie,pie
0.002,0.0,0.0,3,3,13.45,0.0,0,0,0,0,1470,0.0,0.0,0.0,Travel_Rarely; Travel_Frequently; Non-Travel,HR Employee Attrition.csv,BusinessTravel,bar,bar
0.6027,0.0,1.0,886,50,0.0,0.3558,0,1,0,0,1470,802.4857,403.5091,-0.0035,1102; 279; 1373; 1392; 591; 1005; 1324; 1358; 216; 1299,HR Employee Attrition.csv,DailyRate,histogram,line
0.002,0.0,0.0,3,3,16.54,0.0,0,0,0,0,1470,0.0,0.0,0.0,Sales; Research & Development; Human Resources,HR Employee Attrition.csv,Department,bar,bar
0.0197,0.0,1.0,29,29,0.0,0.0,0,1,0,0,1470,9.1925,8.1069,0.9581,1; 8; 2; 3; 24; 23; 27; 16; 15; 26,HR Employee Attrition.csv,DistanceFromHome,bar,histogram
0.0034,0.0,1.0,5,5,0.0,0.0,0,1,0,0,1470,2.9129,1.0242,-0.2897,2; 1; 4; 3; 5,HR Employee Attrition.csv,Education,bar,bar
0.0041,0.0,0.0,6,6,10.53,0.0,0,0,0,0,1470,0.0,0.0,0.0,Life Sciences; Other; Medical; Marketing; Technical Degree; Human Resources,HR Employee Attrition.csv,EducationField,bar,bar
0.0007,0.0,1.0,1,1,0.0,0.0,0,1,1,0,1470,1.0,0.0,0.0,1,HR Employee Attrition.csv,EmployeeCount,bar,bar
1.0,0.0,1.0,1470,50,0.0,0.5122,0,1,1,0,1470,1024.8653,602.0243,0.0166,1; 2; 4; 5; 7; 8; 10; 11; 12; 13,HR Employee Attrition.csv,EmployeeNumber,line,line
0.0027,0.0,1.0,4,4,0.0,0.0,0,1,0,0,1470,2.7218,1.0931,-0.3217,2; 3; 4; 1,HR Employee Attrition.csv,EnvironmentSatisfaction,bar,bar
0.0014,0.0,0.0,2,2,4.8,0.0,1,0,0,0,1470,0.0,0.0,0.0,Female; Male,HR Employee Attrition.csv,Gender,pie,pie
0.0483,0.0,1.0,71,50,0.0,0.0,0,1,0,0,1470,65.8912,20.3294,-0.0323,94; 61; 92; 56; 40; 79; 81; 67; 44; 84,HR Employee Attrition.csv,HourlyRate,bar,histogram
0.0027,0.0,1.0,4,4,0.0,0.0,0,1,0,0,1470,2.7299,0.7116,-0.4984,3; 2; 4; 1,HR Employee Attrition.csv,JobInvolvement,bar,bar
0.0034,0.0,1.0,5,5,0.0,0.0,0,1,0,0,1470,2.0639,1.1069,1.0254,2; 1; 3; 4; 5,HR Employee Attrition.csv,JobLevel,bar,bar
0.0061,0.0,0.0,9,9,18.07,0.0,0,0,0,0,1470,0.0,0.0,0.0,Sales Executive; Research Scientist; Laboratory Technician; Manufacturing Director; Healthcare Representative; Manager; Sales Representative; Research Director; Human Resources,HR Employee Attrition.csv,JobRole,bar,bar
0.0027,0.0,1.0,4,4,0.0,0.0,0,1,0,0,1470,2.7286,1.1028,-0.3297,4; 2; 3; 1,HR Employee Attrition.csv,JobSatisfaction,bar,bar
0.002,0.0,0.0,3,3,6.9,0.0,0,0,0,0,1470,0.0,0.0,0.0,Single; Married; Divorced,HR Employee Attrition.csv,MaritalStatus,bar,bar
0.9177,0.0,1.0,1349,50,0.0,0.8088,0,1,0,0,1470,6502.9313,4707.9568,1.3698,5993; 5130; 2090; 2909; 3468; 3068; 2670; 2693; 9526; 5237,HR Employee Attrition.csv,MonthlyIncome,line,line
0.9707,0.0,1.0,1427,50,0.0,0.3313,0,1,0,0,1470,14313.1034,7117.786,0.0186,19479; 24907; 2396; 23159; 16632; 11864; 9964; 13335; 8787; 16577,HR Employee Attrition.csv,MonthlyRate,histogram,line
0.0068,0.0,1.0,10,10,0.0,0.0,0,1,0,0,1470,2.6932,2.498,1.0265,8; 1; 6; 9; 0; 4; 5; 2; 7; 3,HR Employee Attrition.csv,NumCompaniesWorked,bar,bar
0.0007,0.0,0.0,1,1,1.0,0.0,0,0,0,0,1470,0.0,0.0,0.0,Y,HR Employee Attrition.csv,Over18,bar,bar
0.0014,0.0,0.0,2,2,2.28,0.0,1,0,0,0,1470,0.0,0.0,0.0,Yes; No,HR Employee Attrition.csv,OverTime,pie,pie
0.0102,0.0,1.0,15,15,0.0,0.0,0,1,0,0,1470,15.2095,3.6599,0.8211,11; 23; 15; 12; 13; 20; 22; 21; 17; 14,HR Employee Attrition.csv,PercentSalaryHike,bar,bar
0.0014,0.0,1.0,2,2,0.0,0.0,1,1,0,0,1470,3.1537,0.3608,1.9219,3; 4,HR Employee Attrition.csv,PerformanceRating,bar,pie
0.0027,0.0,1.0,4,4,0.0,0.0,0,1,0,0,1470,2.7122,1.0812,-0.3028,1; 4; 2; 3,HR Employee Attrition.csv,RelationshipSatisfaction,bar,bar
0.0007,0.0,1.0,1,1,0.0,0.0,0,1,1,0,1470,80.0,0.0,0.0,80,HR Employee Attrition.csv,StandardHours,bar,bar
0.0027,0.0,1.0,4,4,0.0,0.0,0,1,0,0,1470,0.7939,0.8521,0.969,0; 1; 3; 2,HR Employee Attrition.csv,StockOptionLevel,bar,bar
0.0272,0.0,1.0,40,40,0.0,0.0,0,1,0,0,1470,11.2796,7.7808,1.1172,8; 10; 7; 6; 12; 1; 17; 5; 3; 31,HR Employee Attrition.csv,TotalWorkingYears,bar,histogram
0.0048,0.0,1.0,7,7,0.0,0.0,0,1,0,0,1470,2.7993,1.2893,0.5531,0; 3; 2; 5; 1; 4; 6,HR Employee Attrition.csv,TrainingTimesLastYear,bar,bar
0.0027,0.0,1.0,4,4,0.0,0.0,0,1,0,0,1470,2.7612,0.7065,-0.5525,1; 3; 2; 4,HR Employee Attrition.csv,WorkLifeBalance,bar,bar
0.0252,0.0,1.0,37,37,0.0,0.0,0,1,0,0,1470,7.0082,6.1265,1.7645,6; 10; 0; 8; 2; 7; 1; 9; 5; 4,HR Employee Attrition.csv,YearsAtCompany,bar,histogram
0.0129,0.0,1.0,19,19,0.0,0.0,0,1,0,0,1470,4.2293,3.6231,0.9174,4; 7; 0; 2; 5; 9; 8; 3; 6; 13,HR Employee Attrition.csv,YearsInCurrentRole,bar,histogram
0.0109,0.0,1.0,16,16,0.0,0.0,0,1,0,0,1470,2.1878,3.2224,1.9843,0; 1; 3; 2; 7; 4; 8; 6; 5; 15,HR Employee Attrition.csv,YearsSinceLastPromotion,bar,histogram
0.0122,0.0,1.0,18,18,0.0,0.0,0,1,0,0,1470,4.1231,3.5681,0.8335,5; 7; 0; 2; 6; 8; 3; 11; 17; 1,HR Employee Attrition.csv,YearsWithCurrManager,bar,histogram
1.0,0.0,0.0,35064,50,25.0,1.0,0,0,0,0,35064,0.0,0.0,0.0,2014-12-31 23:00:00+00:00; 2015-01-01 00:00:00+00:00; 2015-01-01 01:00:00+00:00; 2015-01-01 02:00:00+00:00; 2015-01-01 03:00:00+00:00; 2015-01-01 04:00:00+00:00; 2015-01-01 05:00:00+00:00; 2015-01-01 06:00:00+00:00; 2015-01-01 07:00:00+00:00; 2015-01-01 08:00:00+00:00,energy_dataset.csv,time,line,none
0.0121,0.0005,1.0,423,50,0.0,0.0,0,1,0,0,35064,383.5135,85.3539,0.421,447.0; 449.0; 448.0; 438.0; 428.0; 410.0; 401.0; 408.0; 413.0; 419.0,energy_dataset.csv,generation biomass,bar,histogram
0.0273,0.0005,1.0,956,50,0.0,0.0,0,1,0,0,35064,448.0592,354.5686,-0.0468,329.0; 328.0; 323.0; 254.0; 187.0; 178.0; 172.0; 177.0; 173.0; 226.0,energy_dataset.csv,generation fossil brown coal/lignite,bar,histogram
0.0,0.0005,1.0,1,1,0.0,0.0,0,1,1,0,35064,0.0,0.0,0.0,0.0,energy_dataset.csv,generation fossil coal-derived gas,bar,bar
0.2367,0.0005,1.0,8297,50,0.0,0.0,0,1,0,0,35064,5622.7375,2201.8305,1.6154,4844.0; 5196.0; 4857.0; 4314.0; 4130.0; 4038.0; 4040.0; 4030.0; 4052.0; 4137.0,energy_dataset.csv,generation fossil gas,bar,histogram
0.2073,0.0005,1.0,7266,50,0.0,0.0,0,1,0,0,35064,4256.0657,1961.601,-0.0737,4821.0; 4755.0; 4581.0; 4131.0; 3840.0; 3590.0; 3368.0; 3208.0; 3335.0; 3437.0,energy_dataset.csv,generation fossil hard coal,bar,histogram
0.0092,0.0005,1.0,321,50,0.0,0.0,0,1,0,0,35064,298.3198,52.5207,0.0645,162.0; 158.0; 157.0; 160.0; 156.0; 161.0; 163.0; 167.0; 166.0; 165.0,energy_dataset.csv,generation fossil oil,bar,histogram
0.0945,0.0005,1.0,3311,50,0.0,0.0,0,1,0,0,35064,475.5773,792.4066,2.1306,863.0; 920.0; 1164.0; 1503.0; 1826.0; 2109.0; 2108.0; 2031.0; 2119.0; 2170.0,energy_dataset.csv,generation hydro pumped storage consumption,bar,histogram
0.0481,0.0005,1.0,1684,50,0.0,0.0,0,1,0,0,35064,972.1161,400.7775,0.5009,1051.0; 1009.0; 973.0; 949.0; 953.0; 952.0; 961.0; 983.0; 1001.0; 1041.0,energy_dataset.csv,generation hydro run-of-river and poundage,bar,histogram
0.2006,0.0005,1.0,7029,50,0.0,0.0,0,1,0,0,35064,2605.1147,1835.1997,0.897,1899.0; 1658.0; 1371.0; 779.0; 720.0; 743.0; 848.0; 1012.0; 1015.0; 1357.0,energy_dataset.csv,generation hydro water reservoir,bar,histogram
0.0681,0.0005,1.0,2388,50,0.0,0.0,0,1,0,0,35064,6263.907,839.668,-0.6917,7096.0; 7099.0; 7098.0; 7097.0; 7095.0; 7106.0; 7107.0; 7105.0; 7104.0; 7108.0,energy_dataset.csv,generation nuclear,bar,histogram
0.0029,0.0005,1.0,103,50,0.0,0.0,0,1,0,0,35064,60.2286,20.2384,-0.5062,43.0; 42.0; 41.0; 40.0; 45.0; 44.0; 78.0; 79.0; 77.0; 76.0,energy_dataset.csv,generation other,bar,histogram
0.0022,0.0005,1.0,78,50,0.0,0.0,0,1,0,0,35064,85.6397,14.0776,-0.2161,73.0; 71.0; 75.0; 74.0; 72.0; 76.0; 62.0; 61.0; 60.0; 59.0,energy_dataset.csv,generation other renewable,bar,histogram
0.1521,0.0005,1.0,5331,50,0.0,0.0,0,1,0,0,35064,1432.6659,1680.1199,1.0204,49.0; 50.0; 42.0; 34.0; 35.0; 54.0; 743.0; 2019.0; 3197.0; 3885.0,energy_dataset.csv,generation solar,bar,histogram
0.0075,0.0005,1.0,262,50,0.0,0.0,0,1,0,0,35064,269.4521,50.1955,-0.8491,196.0; 195.0; 191.0; 189.0; 188.0; 186.0; 198.0; 204.0; 206.0; 209.0,energy_dataset.csv,generation waste,bar,histogram
0.3271,0.0005,1.0,11465,50,0.0,0.0,0,1,0,0,35064,5464.4798,3213.6916,0.785,6378.0; 5890.0; 5461.0; 5238.0; 4935.0; 4618.0; 4397.0; 3992.0; 3629.0; 3073.0,energy_dataset.csv,generation wind onshore,bar,histogram
0.1527,0.0,1.0,5356,50,0.0,0.0,0,1,0,0,35064,1439.0667,1677.7034,0.99,17.0; 16.0; 8.0; 2.0; 9.0; 4.0; 3.0; 12.0; 39.0; 784.0,energy_dataset.csv,forecast solar day ahead,bar,line
0.3232,0.0,1.0,11332,50,0.0,0.0,0,1,0,0,35064,5471.2167,3176.3129,0.8004,6436.0; 5856.0; 5454.0; 5151.0; 4861.0; 4617.0; 4276.0; 3994.0; 3602.0; 3212.0,energy_dataset.csv,forecast wind onshore day ahead,bar,line
0.4218,0.0,1.0,14790,50,0.0,0.0,0,1,0,0,35064,28712.13,4594.1009,0.0599,26118.0; 24934.0; 23515.0; 22642.0; 21785.0; 21441.0; 21285.0; 21545.0; 21443.0; 21560.0,energy_dataset.csv,total load forecast,bar,histogram
0.4319,0.001,1.0,15127,50,0.0,0.0,0,1,0,0,35064,28696.9399,4574.988,0.0619,25385.0; 24382.0; 22734.0; 21286.0; 20264.0; 19905.0; 20010.0; 20377.0; 20094.0; 20637.0,energy_dataset.csv,total load actual,bar,histogram
0.1639,0.0,1.0,5747,50,0.0,0.0,0,0,0,0,35064,49.8743,14.6189,-0.4878,50.1; 48.1; 47.33; 42.27; 38.41; 35.72; 35.13; 36.22; 32.4; 36.6,energy_dataset.csv,price day ahead,bar,line
0.1897,0.0,1.0,6653,50,0.0,0.0,0,0,0,0,35064,57.884,14.2041,-0.3237,65.41; 64.92; 64.48; 59.32; 56.04; 53.63; 51.73; 51.43; 48.98; 54.2,energy_dataset.csv,price actual,bar,histogram
1.0,0.0,1.0,10000,50,0.0,0.9095,0,1,1,0,10000,5000.5,2886.8957,0.0,1; 2; 3; 4; 5; 6; 7; 8; 9; 10,Churn Modeling.csv,RowNumber,line,line
1.0,0.0,1.0,10000,50,0.0,0.031,0,1,0,1,10000,15690940.5694,71936.1861,0.0011,15634602; 15647311; 15619304; 15701354; 15737888; 15574012; 15592531; 15656148; 15792365; 15592389,Churn Modeling.csv,CustomerId,none,none
0.2932,0.0,0.0,2932,50,6.43,0.0005,0,0,0,0,10000,0.0,0.0,0.0,Hargrave; Hill; Onio; Boni; Mitchell; Chu; Bartlett; Obinna; He; H?,Churn Modeling.csv,Surname,none,bar
0.046,0.0,1.0,460,50,0.0,0.0,0,1,0,0,10000,650.5288,96.6533,-0.0716,619; 608; 502; 699; 850; 645; 822; 376; 501; 684,Churn Modeling.csv,CreditScore,bar,histogram
0.0003,0.0,0.0,3,3,6.0,0.0,0,0,0,0,10000,0.0,0.0,0.0,France; Spain; Germany,Churn Modeling.csv,Geography,bar,bar
0.0002,0.0,0.0,2,2,4.91,0.0,1,0,0,0,10000,0.0,0.0,0.0,Female; Male,Churn Modeling.csv,Gender,pie,pie
0.007,0.0,1.0,70,50,0.0,0.0,0,1,0,0,10000,38.9218,10.4878,1.0113,42; 41; 39; 43; 44; 50; 29; 27; 31; 24,Churn Modeling.csv,Age,bar,histogram
0.0011,0.0,1.0,11,11,0.0,0.0,0,1,0,0,10000,5.0128,2.8922,0.011,2; 1; 8; 7; 4; 6; 3; 10; 5; 9,Churn Modeling.csv,Tenure,bar,bar
0.6382,0.0,1.0,6382,50,0.0,0.175,0,0,0,0,10000,76485.8893,62397.4052,-0.1411,0.0; 83807.86; 159660.8; 125510.82; 113755.78; 115046.74; 142051.07; 134603.88; 102016.72; 143129.41,Churn Modeling.csv,Balance,histogram,histogram
0.0004,0.0,1.0,4,4,0.0,0.0,0,1,0,0,10000,1.5302,0.5817,0.7456,1; 3; 2; 4,Churn Modeling.csv,NumOfProducts,bar,bar
0.0002,0.0,1.0,2,2,0.0,0.0,1,1,0,0,10000,0.7055,0.4558,-0.9018,1; 0,Churn Modeling.csv,HasCrCard,bar,pie
0.0002,0.0,1.0,2,2,0.0,0.0,1,1,0,0,10000,0.5151,0.4998,-0.0604,1; 0,Churn Modeling.csv,IsActiveMember,bar,pie
0.9999,0.0,1.0,9999,50,0.0,0.2145,0,0,0,0,10000,100090.2399,57510.4928,0.0021,101348.88; 112542.58; 113931.57; 93826.63; 79084.1; 149756.71; 10062.8; 119346.88; 74940.5; 71725.73,Churn Modeling.csv,EstimatedSalary,histogram,histogram
0.0002,0.0,1.0,2,2,0.0,0.0,1,1,0,0,10000,0.2037,0.4028,1.4716,1; 0,Churn Modeling.csv,Exited,bar,pie
0.1966,0.0,0.0,35064,50,25.0,1.0,0,0,0,0,178396,0.0,0.0,0.0,2014-12-31 23:00:00+00:00; 2015-01-01 00:00:00+00:00; 2015-01-01 01:00:00+00:00; 2015-01-01 02:00:00+00:00; 2015-01-01 03:00:00+00:00; 2015-01-01 04:00:00+00:00; 2015-01-01 05:00:00+00:00; 2015-01-01 06:00:00+00:00; 2015-01-01 07:00:00+00:00; 2015-01-01 08:00:00+00:00,weather_features.csv,dt_iso,line,line
0.0,0.0,0.0,5,5,7.39,0.0,0,0,0,0,178396,0.0,0.0,0.0,Valencia,weather_features.csv,city_name,bar,bar
0.1163,0.0,1.0,20743,50,0.0,0.0,0,0,0,0,178396,289.6186,8.0262,0.225,270.475; 269.686; 270.29200000000003; 274.601; 284.824; 285.05065625; 285.27734375; 281.024; 282.744; 279.98400000000004,weather_features.csv,temp,bar,histogram
0.104,0.0,1.0,18553,50,0.0,0.0,0,0,0,0,178396,288.3304,7.9555,0.2106,270.475; 269.686; 270.29200000000003; 274.601; 284.824; 285.05065625; 285.27734375; 281.024; 282.744; 279.98400000000004,weather_features.csv,temp_min,bar,histogram
0.1042,0.0,1.0,18591,50,0.0,0.0,0,0,0,0,178396,291.0913,8.6125,0.3017,270.475; 269.686; 270.29200000000003; 274.601; 284.824; 285.05065625; 285.27734375; 281.024; 282.744; 279.98400000000004,weather_features.csv,temp_max,bar,histogram
0.0011,0.0,1.0,190,50,0.0,0.9385,0,1,0,0,178396,1069.2607,5969.6319,159.8659,1001; 1002; 1004; 1005; 1006; 1015; 1025; 1021; 1035; 1017,weather_features.csv,pressure,line,line
0.0006,0.0,1.0,100,50,0.0,0.0,0,1,0,0,178396,68.4235,21.9029,-0.5254,77; 78; 71; 55; 52; 50; 67; 58; 68; 69,weather_features.csv,humidity,bar,histogram
0.0002,0.0,1.0,36,36,0.0,0.0,0,1,0,0,178396,2.4706,2.0959,3.1704,1; 0; 2; 3; 6,weather_features.csv,wind_speed,bar,histogram
0.002,0.0,1.0,361,50,0.0,0.0,0,1,0,0,178396,166.5912,116.6119,-0.0314,62; 23; 321; 307; 255; 248; 242; 230; 226; 216,weather_features.csv,wind_deg,bar,histogram
0.0,0.0,1.0,7,7,0.0,0.0,0,0,0,0,178396,0.0755,0.3988,15.8932,0.0; 0.3,weather_features.csv,rain_1h,bar,bar
0.0005,0.0,1.0,89,50,0.0,0.0,0,0,0,0,178396,0.0004,0.0073,184.1125,0.0,weather_features.csv,rain_3h,bar,histogram
0.0004,0.0,1.0,66,50,0.0,0.0,0,0,0,0,178396,0.0048,0.2226,68.835,0.0,weather_features.csv,snow_3h,bar,histogram
0.0005,0.0,1.0,97,50,0.0,0.0,0,1,0,0,178396,25.0733,30.7741,0.9468,0; 8; 12; 4; 24; 44; 64; 82; 92; 88,weather_features.csv,clouds_all,bar,histogram
0.0002,0.0,1.0,38,38,0.0,0.0,0,1,0,0,178396,759.8319,108.7332,-2.7479,800; 801; 802; 803; 804; 500,weather_features.csv,weather_id,bar,none
0.0001,0.0,0.0,12,12,5.29,0.0,0,0,0,0,178396,0.0,0.0,0.0,clear; clouds; rain,weather_features.csv,weather_main,bar,bar
0.0002,0.0,0.0,43,43,11.95,0.0,0,0,0,0,178396,0.0,0.0,0.0,sky is clear; few clouds; scattered clouds; broken clouds; overcast clouds; light rain,weather_features.csv,weather_description,bar,none
0.0001,0.0,0.0,24,24,2.89,0.0855,0,0,0,0,178396,0.0,0.0,0.0,01n; 01d; 01; 02n; 02d; 02; 03; 04n; 04; 10n,weather_features.csv,weather_icon,bar,bar
0.0033,0.0,1.0,12,12,0.0,0.0,0,1,0,0,3654,6.5208,3.4501,-0.0089,1; 2; 3; 4; 5; 6; 7,weather_prediction_dataset.csv,MONTH,bar,line
0.0025,0.0,1.0,9,9,0.0,0.0,0,1,0,0,3654,5.4184,2.3255,-0.7401,8; 5; 7; 3; 4; 1; 0; 6; 2,weather_prediction_dataset.csv,BASEL_cloud_cover,bar,bar
0.0164,0.0,1.0,60,50,0.0,0.0,0,0,0,0,3654,0.7451,0.1078,-0.3977,0.89; 0.87; 0.81; 0.79; 0.9; 0.85; 0.84; 0.88; 0.91; 0.77,weather_prediction_dataset.csv,BASEL_humidity,bar,histogram
0.1193,0.0,1.0,436,50,0.0,0.0,0,0,0,0,3654,1.0179,0.008,-0.1264,1.0286; 1.0318; 1.0314; 1.0262; 1.0246; 1.0244; 1.0267; 1.0248; 1.0243; 1.0337,weather_prediction_dataset.csv,BASEL_pressure,bar,histogram
0.0947,0.0,1.0,346,50,0.0,0.0,0,0,0,0,3654,1.3304,0.9353,0.5322,0.2; 0.25; 0.5; 0.63; 0.51; 0.56; 0.54; 0.11; 0.06; 0.1,weather_prediction_dataset.csv,BASEL_global_radiation,bar,histogram
0.0654,0.0,1.0,239,50,0.0,0.0,0,0,0,0,3654,0.2348,0.5363,4.5291,0.03; 0.0; 0.35; 0.07; 0.65; 0.09; 0.12; 0.42; 0.02; 0.13,weather_prediction_dataset.csv,BASEL_precipitation,bar,histogram
0.0419,0.0,1.0,153,50,0.0,0.0,0,0,0,0,3654,4.6612,4.3301,0.575,0.0; 3.7; 6.9; 5.7; 4.3; 7.5; 7.6; 2.8; 0.3; 0.1,weather_prediction_dataset.csv,BASEL_sunshine,bar,histogram
0.0933,0.0,1.0,341,50,0.0,0.0,0,0,0,0,3654,11.0228,7.4148,-0.1287,2.9; 3.6; 2.2; 3.9; 6.0; 4.2; 4.7; 5.6; 4.6; 2.4,weather_prediction_dataset.csv,BASEL_temp_mean,bar,histogram
0.0846,0.0,1.0,309,50,0.0,0.0,0,0,0,0,3654,6.9891,6.6534,-0.2211,1.6; 2.7; 0.1; 0.5; 3.8; 1.9; 1.8; 4.1; 1.4; 2.6,weather_prediction_dataset.csv,BASEL_temp_min,bar,histogram
0.1076,0.0,1.0,393,50,0.0,0.0,0,0,0,0,3654,15.5368,8.7213,-0.0459,3.9; 4.8; 7.5; 8.6; 6.9; 6.2; 8.4; 5.7; 3.8; 3.0,weather_prediction_dataset.csv,BASEL_temp_max,bar,histogram
0.0025,0.0,1.0,9,9,0.0,0.0,0,1,0,0,3654,4.8905,2.3864,-0.3566,3; 8; 6; 5; 7; 4; 2; 0; 1,weather_prediction_dataset.csv,BUDAPEST_cloud_cover,bar,bar
0.0203,0.0,1.0,74,50,0.0,0.0,0,0,0,0,3654,0.6565,0.1496,0.0759,0.92; 0.94; 0.95; 0.88; 0.89; 1.0; 0.97; 0.86; 0.78; 0.79,weather_prediction_dataset.csv,BUDAPEST_humidity,bar,histogram
0.1174,0.0,1.0,429,50,0.0,0.0,0,0,0,0,3654,1.0169,0.0078,0.1862,1.0268; 1.0297; 1.0295; 1.0252; 1.0235; 1.026; 1.0299; 1.0302; 1.0289; 1.0323,weather_prediction_dataset.csv,BUDAPEST_pressure,bar,histogram
0.0936,0.0,1.0,342,50,0.0,0.0,0,0,0,0,3654,1.4655,0.978,0.2873,0.52; 0.14; 0.19; 0.21; 0.43; 0.74; 0.18; 0.23; 0.27; 0.22,weather_prediction_dataset.csv,BUDAPEST_global_radiation,bar,histogram
0.0534,0.0,1.0,195,50,0.0,0.0,0,0,0,0,3654,0.1364,0.4089,5.6618,0.0; 0.08; 0.15; 0.26; 0.75; 0.05; 0.83; 0.6; 0.01; 0.38,weather_prediction_dataset.csv,BUDAPEST_precipitation,bar,histogram
0.0408,0.0,1.0,149,50,0.0,0.0,0,0,0,0,3654,5.7532,4.4754,0.1313,3.7; 0.4; 0.0; 0.8; 4.5; 0.9; 4.3; 2.5; 1.0; 0.5,weather_prediction_dataset.csv,BUDAPEST_sunshine,bar,histogram
0.1029,0.0,1.0,376,50,0.0,0.0,0,0,0,0,3654,12.1748,8.7445,-0.159,-4.9; -3.6; -0.8; -1.0; 0.2; -0.9; -2.8; -1.2; -1.4; 0.0,weather_prediction_dataset.csv,BUDAPEST_temp_mean,bar,histogram
0.1136,0.0,1.0,415,50,0.0,0.0,0,0,0,0,3654,16.6291,9.9815,-0.1425,-0.7; -1.9; 1.1; 0.1; 3.9; 2.3; -2.1; -0.1; 3.0; 3.1,weather_prediction_dataset.csv,BUDAPEST_temp_max,bar,histogram
0.0025,0.0,1.0,9,9,0.0,0.0,0,1,0,0,3654,5.3032,2.2794,-0.7601,7; 8; 3; 6; 1; 5; 4; 2; 0,weather_prediction_dataset.csv,DE_BILT_cloud_cover,bar,bar
0.0233,0.0,1.0,85,50,0.0,0.0,0,0,0,0,3654,3.3953,1.422,0.9629,2.5; 3.7; 6.1; 3.8; 4.0; 5.2; 4.8; 4.3; 1.5; 1.8,weather_prediction_dataset.csv,DE_BILT_wind_speed,bar,histogram
0.0074,0.0,1.0,27,27,0.0,0.0,0,1,0,0,3654,9.9863,3.5824,0.9072,8.0; 9.0; 13.0; 15.0; 12.0; 11.0; 7.0; 5.0; 10.0; 16.0,weather_prediction_dataset.csv,DE_BILT_wind_gust,bar,histogram
0.017,0.0,1.0,62,50,0.0,0.0,0,0,0,0,3654,0.8179,0.0975,-0.8654,0.97; 0.94; 0.9; 0.91; 0.92; 0.87; 0.85; 0.83; 0.98; 0.95,weather_prediction_dataset.csv,DE_BILT_humidity,bar,histogram
0.1357,0.0,1.0,496,50,0.0,0.0,0,0,0,0,3654,1.0153,0.0099,-0.2705,1.024; 1.0267; 1.0203; 1.0142; 1.0183; 1.0152; 1.0199; 1.0173; 1.0257; 1.0357,weather_prediction_dataset.csv,DE_BILT_pressure,bar,histogram
0.0898,0.0,1.0,328,50,0.0,0.0,0,0,0,0,3654,1.1909,0.8703,0.5884,0.11; 0.48; 0.2; 0.12; 0.19; 0.46; 0.47; 0.33; 0.53; 0.23,weather_prediction_dataset.csv,DE_BILT_global_radiation,bar,histogram
0.0602,0.0,1.0,220,50,0.0,0.0,0,0,0,0,3654,0.2369,0.4595,3.1675,0.1; 0.0; 0.45; 1.09; 0.19; 0.17; 0.03; 0.01; 0.15; 0.53,weather_prediction_dataset.csv,DE_BILT_precipitation,bar,histogram
0.0424,0.0,1.0,155,50,0.0,0.0,0,0,0,0,3654,4.7444,3.9956,0.6011,0.0; 6.5; 1.0; 0.8; 5.7; 5.8; 2.9; 6.7; 1.3; 3.3,weather_prediction_dataset.csv,DE_BILT_sunshine,bar,histogram
0.0846,0.0,1.0,309,50,0.0,0.0,0,0,0,0,3654,10.7035,6.1908,-0.1628,6.1; 7.3; 8.4; 6.4; 4.4; 7.2; 5.4; 0.8; -0.8; 2.1,weather_prediction_dataset.csv,DE_BILT_temp_mean,bar,histogram
0.0769,0.0,1.0,281,50,0.0,0.0,0,0,0,0,3654,6.3971,5.6396,-0.2807,3.5; 5.4; 6.4; 4.3; 1.4; 4.2; 0.8; -2.6; -4.0; -1.2,weather_prediction_dataset.csv,DE_BILT_temp_min,bar,histogram
0.095,0.0,1.0,347,50,0.0,0.0,0,0,0,0,3654,14.7986,7.2107,0.0144,8.1; 8.7; 9.6; 9.4; 7.4; 9.1; 7.0; 4.3; 4.4; 2.6,weather_prediction_dataset.csv,DE_BILT_temp_max,bar,histogram
0.0025,0.0,1.0,9,9,0.0,0.0,0,1,0,0,3654,5.405,2.1948,-0.8273,8; 7; 2; 1; 5; 4; 3; 0; 6,weather_prediction_dataset.csv,DRESDEN_cloud_cover,bar,bar
0.0279,0.0,1.0,102,50,0.0,0.0,0,0,0,0,3654,4.2569,1.775,1.0466,3.2; 4.0; 5.4; 6.0; 5.6; 5.2; 3.4; 4.5; 2.7; 1.8,weather_prediction_dataset.csv,DRESDEN_wind_speed,bar,histogram
0.0619,0.0,1.0,226,50,0.0,0.0,0,0,0,0,3654,10.9246,4.0316,0.9964,7.2; 8.8; 12.1; 14.4; 15.8; 9.0; 6.7; 8.4; 5.9; 4.9,weather_prediction_dataset.csv,DRESDEN_wind_gust,bar,histogram
0.0189,0.0,1.0,69,50,0.0,0.0,0,0,0,0,3654,0.759,0.1324,-0.4799,0.89; 0.79; 0.88; 0.76; 0.81; 0.93; 0.95; 0.92; 0.84; 0.77,weather_prediction_dataset.csv,DRESDEN_humidity,bar,histogram
0.0974,0.0,1.0,356,50,0.0,0.0,0,0,0,0,3654,1.2634,0.9364,0.5919,0.09; 0.23; 0.18; 0.11; 0.49; 0.55; 0.29; 0.22; 0.48; 0.6,weather_prediction_dataset.csv,DRESDEN_global_radiation,bar,histogram
0.0528,0.0,1.0,193,50,0.0,0.0,0,0,0,0,3654,0.1759,0.4597,13.0769,0.32; 0.0; 0.22; 0.03; 0.02; 0.15; 0.34; 0.86; 0.7; 0.62,weather_prediction_dataset.csv,DRESDEN_precipitation,bar,histogram
0.0435,0.0,1.0,159,50,0.0,0.0,0,0,0,0,3654,4.8157,4.4267,0.608,0.0; 0.4; 5.7; 7.3; 1.0; 2.3; 0.7; 5.6; 7.6; 7.1,weather_prediction_dataset.csv,DRESDEN_sunshine,bar,histogram
0.1002,0.0,1.0,366,50,0.0,0.0,0,0,0,0,3654,9.8006,7.8548,-0.1452,1.0; 2.5; 4.2; 4.4; 1.8; 1.5; 2.0; 3.6; 1.9; 0.6,weather_prediction_dataset.csv,DRESDEN_temp_mean,bar,histogram
0.0917,0.0,1.0,335,50,0.0,0.0,0,0,0,0,3654,5.9241,6.9345,-0.3265,-1.8; 1.4; 1.3; 3.4; -0.5; -2.7; -0.1; -0.3; -1.0; -2.4,weather_prediction_dataset.csv,DRESDEN_temp_min,bar,histogram
0.1084,0.0,1.0,396,50,0.0,0.0,0,0,0,0,3654,13.6713,9.0388,-0.0294,2.0; 4.0; 5.1; 5.2; 6.9; 6.3; 5.4; 5.3; 3.7; 3.0,weather_prediction_dataset.csv,DRESDEN_temp_max,bar,histogram
0.0025,0.0,1.0,9,9,0.0,0.0,0,1,0,0,3654,5.1418,2.1156,-0.6823,8; 6; 7; 4; 3; 5; 1; 0; 2,weather_prediction_dataset.csv,DUSSELDORF_cloud_cover,bar,bar
0.0274,0.0,1.0,100,50,0.0,0.0,0,0,0,0,3654,3.9637,1.7181,0.808,2.5; 3.0; 5.5; 6.0; 4.5; 4.7; 1.2; 1.3; 4.4; 4.3,weather_prediction_dataset.csv,DUSSELDORF_wind_speed,bar,histogram
0.0616,0.0,1.0,225,50,0.0,0.0,0,0,0,0,3654,10.5917,3.8843,1.0263,5.9; 7.4; 14.3; 16.8; 11.2; 12.3; 9.4; 9.5; 5.2; 4.3,weather_prediction_dataset.csv,DUSSELDORF_wind_gust,bar,histogram
0.0181,0.0,1.0,66,50,0.0,0.0,0,0,0,0,3654,0.7557,0.1116,-0.6803,0.92; 0.87; 0.78; 0.8; 0.83; 0.79; 0.85; 0.94; 0.96; 0.86,weather_prediction_dataset.csv,DUSSELDORF_humidity,bar,histogram
0.1319,0.0,1.0,482,50,0.0,0.0,0,0,0,0,3654,1.016,0.0093,-0.2238,1.024; 1.0283; 1.0235; 1.0162; 1.0203; 1.0174; 1.0219; 1.0192; 1.0251; 1.0359,weather_prediction_dataset.csv,DUSSELDORF_pressure,bar,histogram
0.0906,0.0,1.0,331,50,0.0,0.0,0,0,0,0,3654,1.1474,0.8807,0.693,0.12; 0.19; 0.51; 0.34; 0.32; 0.13; 0.49; 0.52; 0.21; 0.14,weather_prediction_dataset.csv,DUSSELDORF_global_radiation,bar,histogram
0.0572,0.0,1.0,209,50,0.0,0.0,0,0,0,0,3654,0.218,0.4396,3.7548,0.22; 0.0; 0.28; 0.97; 0.18; 0.12; 0.02; 0.23; 0.13; 0.1,weather_prediction_dataset.csv,DUSSELDORF_precipitation,bar,histogram
0.043,0.0,1.0,157,50,0.0,0.0,0,0,0,0,3654,4.3241,4.2095,0.7662,0.0; 0.7; 6.5; 2.8; 2.5; 5.4; 6.0; 0.6; 0.2; 0.1,weather_prediction_dataset.csv,DUSSELDORF_sunshine,bar,histogram
0.0884,0.0,1.0,323,50,0.0,0.0,0,0,0,0,3654,11.142,6.6894,-0.1181,4.2; 6.5; 7.7; 7.8; 5.2; 7.6; 6.6; 2.5; 1.1; 0.7,weather_prediction_dataset.csv,DUSSELDORF_temp_mean,bar,histogram
0.0824,0.0,1.0,301,50,0.0,0.0,0,0,0,0,3654,6.8657,6.1507,-0.3125,2.5; 2.7; 6.9; 6.6; 0.4; 4.3; 4.7; 5.4; 0.5; -0.5,weather_prediction_dataset.csv,DUSSELDORF_temp_min,bar,histogram
0.1007,0.0,1.0,368,50,0.0,0.0,0,0,0,0,3654,15.312,7.779,0.0445,6.9; 7.9; 9.1; 9.2; 8.6; 10.4; 8.7; 6.8; 2.4; 2.9,weather_prediction_dataset.csv,DUSSELDORF_temp_max,bar,histogram
0.0025,0.0,1.0,9,9,0.0,0.0,0,1,0,0,3654,5.272,2.0118,-0.7251,7; 8; 5; 6; 4; 0; 3; 2; 1,weather_prediction_dataset.csv,HEATHROW_cloud_cover,bar,bar
0.0159,0.0,1.0,58,50,0.0,0.0,0,0,0,0,3654,0.7584,0.1024,-0.2983,0.94; 0.89; 0.91; 0.85; 0.84; 0.82; 0.81; 0.86; 0.87; 0.83,weather_prediction_dataset.csv,HEATHROW_humidity,bar,histogram
0.145,0.0,1.0,530,50,0.0,0.0,0,0,0,0,3654,1.0152,0.0106,-0.3893,1.0245; 1.0253; 1.0186; 1.0148; 1.0142; 1.0127; 1.0172; 1.0165; 1.0276; 1.0347,weather_prediction_dataset.csv,HEATHROW_pressure,bar,histogram
0.0914,0.0,1.0,334,50,0.0,0.0,0,0,0,0,3654,1.197,0.8816,0.649,0.18; 0.2; 0.13; 0.34; 0.25; 0.31; 0.52; 0.55; 0.4; 0.16,weather_prediction_dataset.csv,HEATHROW_global_radiation,bar,histogram
0.0342,0.0,1.0,125,50,0.0,0.0,0,0,0,0,3654,0.1783,0.3676,3.436,0.0; 0.02; 0.6; 0.08; 0.2; 0.28; 0.03; 0.12; 0.22; 0.98,weather_prediction_dataset.csv,HEATHROW_precipitation,bar,histogram
0.0427,0.0,1.0,156,50,0.0,0.0,0,0,0,0,3654,4.4335,3.9826,0.6531,0.4; 0.7; 0.0; 2.9; 1.3; 0.6; 2.2; 6.4; 7.1; 3.7,weather_prediction_dataset.csv,HEATHROW_sunshine,bar,histogram
0.0733,0.0,1.0,268,50,0.0,0.0,0,0,0,0,3654,11.8224,5.61,0.0031,7.0; 7.9; 9.4; 6.4; 8.9; 7.2; 7.4; 3.2; 2.2; 5.4,weather_prediction_dataset.csv,HEATHROW_temp_mean,bar,histogram
0.0698,0.0,1.0,255,50,0.0,0.0,0,0,0,0,3654,8.0027,5.2304,-0.182,4.9; 5.0; 7.2; 4.4; 1.9; 7.0; 3.4; 5.7; -0.7; -3.3,weather_prediction_dataset.csv,HEATHROW_temp_min,bar,histogram
0.0862,0.0,1.0,315,50,0.0,0.0,0,0,0,0,3654,15.6374,6.3854,0.1489,10.8; 11.5; 9.5; 11.0; 9.2; 7.2; 7.8; 10.2; 8.2; 5.0,weather_prediction_dataset.csv,HEATHROW_temp_max,bar,histogram
0.0181,0.0,1.0,66,50,0.0,0.0,0,0,0,0,3654,2.4781,0.9994,0.8575,2.5; 2.9; 4.8; 4.5; 2.4; 3.7; 3.0; 3.6; 1.9; 1.3,weather_prediction_dataset.csv,KASSEL_wind_speed,bar,histogram
0.0528,0.0,1.0,193,50,0.0,0.0,0,0,0,0,3654,9.3296,3.3735,1.0505,8.2; 9.6; 11.9; 12.7; 8.8; 11.8; 7.8; 10.4; 6.6; 5.2,weather_prediction_dataset.csv,KASSEL_wind_gust,bar,histogram
0.0183,0.0,1.0,67,50,0.0,0.0,0,0,0,0,3654,0.7852,0.1209,-0.7023,0.93; 0.92; 0.9; 0.94; 0.84; 0.87; 0.89; 0.81; 0.85; 0.88,weather_prediction_dataset.csv,KASSEL_humidity,bar,histogram
0.1314,0.0,1.0,480,50,0.0,0.0,0,0,0,0,3654,1.0164,0.0091,-0.1347,1.0237; 1.029; 1.0251; 1.0174; 1.021; 1.0197; 1.0226; 1.0203; 1.0241; 1.0348,weather_prediction_dataset.csv,KASSEL_pressure,bar,histogram
0.0917,0.0,1.0,335,50,0.0,0.0,0,0,0,0,3654,1.1831,0.8827,0.598,0.06; 0.33; 0.2; 0.48; 0.08; 0.23; 0.17; 0.27; 0.34; 0.44,weather_prediction_dataset.csv,KASSEL_global_radiation,bar,histogram
0.055,0.0,1.0,201,50,0.0,0.0,0,0,0,0,3654,0.2022,0.4071,3.7572,0.13; 0.0; 0.01; 0.44; 0.05; 0.42; 0.55; 0.16; 0.82; 0.09,weather_prediction_dataset.csv,KASSEL_precipitation,bar,histogram
0.0413,0.0,1.0,151,50,0.0,0.0,0,0,0,0,3654,4.1368,4.1597,0.8123,0.0; 2.9; 6.7; 1.4; 0.5; 2.7; 3.8; 0.4; 2.5; 0.7,weather_prediction_dataset.csv,KASSEL_sunshine,bar,histogram
0.0947,0.0,1.0,346,50,0.0,0.0,0,0,0,0,3654,9.581,7.2039,-0.1191,3.5; 2.3; 4.8; 3.6; 4.4; 4.2; 3.4; 1.8; -0.7; -0.1,weather_prediction_dataset.csv,KASSEL_temp_mean,bar,histogram
0.0862,0.0,1.0,315,50,0.0,0.0,0,0,0,0,3654,5.5869,6.3494,-0.29,1.5; 0.3; 2.2; 3.5; 0.2; 0.4; 2.8; 1.7; 0.7; -4.1,weather_prediction_dataset.csv,KASSEL_temp_min,bar,histogram
0.107,0.0,1.0,391,50,0.0,0.0,0,0,0,0,3654,13.8217,8.5465,0.0113,5.0; 4.7; 4.6; 5.6; 6.3; 4.4; 6.6; 5.1; 6.4; 4.5,weather_prediction_dataset.csv,KASSEL_temp_max,bar,histogram
0.0025,0.0,1.0,9,9,0.0,0.0,0,1,0,0,3654,4.9302,2.3678,-0.2812,6; 2; 4; 3; 8; 7; 1; 0; 5,weather_prediction_dataset.csv,LJUBLJANA_cloud_cover,bar,bar
0.012,0.0,1.0,44,44,0.0,0.0,0,0,0,0,3654,1.3014,0.6299,1.1496,0.4; 0.3; 0.6; 0.5; 1.2; 1.0; 0.9; 1.3; 0.8; 2.2,weather_prediction_dataset.csv,LJUBLJANA_wind_speed,bar,histogram
0.0172,0.0,1.0,63,50,0.0,0.0,0,0,0,0,3654,0.743,0.1373,-0.1525,0.83; 0.76; 0.88; 0.85; 0.89; 0.93; 0.87; 0.74; 0.75; 0.86,weather_prediction_dataset.csv,LJUBLJANA_humidity,bar,histogram
0.1149,0.0,1.0,420,50,0.0,0.0,0,0,0,0,3654,1.0179,0.0077,0.0783,1.0294; 1.031; 1.0309; 1.0262; 1.0271; 1.0283; 1.0303; 1.0292; 1.0281; 1.0352,weather_prediction_dataset.csv,LJUBLJANA_pressure,bar,histogram
0.0955,0.0,1.0,349,50,0.0,0.0,0,0,0,0,3654,1.414,1.0,0.3934,0.57; 0.59; 0.51; 0.7; 0.53; 0.46; 0.64; 0.15; 0.21; 0.25,weather_prediction_dataset.csv,LJUBLJANA_global_radiation,bar,histogram
0.0936,0.0,1.0,342,50,0.0,0.0,0,0,0,0,3654,0.3673,0.9163,3.8279,0.0; 0.01; 0.04; 0.17; 3.24; 0.22; 3.84; 0.07; 0.6; 1.77,weather_prediction_dataset.csv,LJUBLJANA_precipitation,bar,histogram
0.0411,0.0,1.0,150,50,0.0,0.0,0,0,0,0,3654,5.4124,4.5074,0.274,5.2; 5.0; 2.4; 3.5; 4.6; 4.5; 5.6; 0.0; 3.4; 7.4,weather_prediction_dataset.csv,LJUBLJANA_sunshine,bar,histogram
0.0993,0.0,1.0,363,50,0.0,0.0,0,0,0,0,3654,11.5116,8.2507,-0.1411,-4.8; -0.9; -0.3; -3.6; -3.0; -3.8; -3.2; -2.4; -1.2; -0.2,weather_prediction_dataset.csv,LJUBLJANA_temp_mean,bar,histogram
0.0909,0.0,1.0,332,50,0.0,0.0,0,0,0,0,3654,7.0718,7.3554,-0.3019,-9.1; -4.9; -1.8; -6.1; -6.0; -6.2; -6.5; -4.5; -1.9; -1.2,weather_prediction_dataset.csv,LJUBLJANA_temp_min,bar,histogram
0.1103,0.0,1.0,403,50,0.0,0.0,0,0,0,0,3654,16.3521,9.5093,-0.119,-1.3; 2.0; 3.3; 0.4; 1.1; -0.4; -1.2; 0.9; -1.5; -0.3,weather_prediction_dataset.csv,LJUBLJANA_temp_max,bar,histogram
0.0025,0.0,1.0,9,9,0.0,0.0,0,1,0,0,3654,5.3377,2.4018,-0.8169,8; 7; 4; 6; 3; 5; 2; 0; 1,weather_prediction_dataset.csv,MAASTRICHT_cloud_cover,bar,bar
0.029,0.0,1.0,106,50,0.0,0.0,0,0,0,0,3654,4.2057,1.8833,1.0288,3.1; 3.8; 7.4; 7.2; 4.1; 5.3; 6.0; 4.8; 1.8; 1.7,weather_prediction_dataset.csv,MAASTRICHT_wind_speed,bar,histogram
0.0077,0.0,1.0,28,28,0.0,0.0,0,1,0,0,3654,10.7293,4.0695,0.8894,7.0; 9.0; 14.0; 15.0; 10.0; 12.0; 11.0; 4.0; 8.0; 6.0,weather_prediction_dataset.csv,MAASTRICHT_wind_gust,bar,histogram
0.017,0.0,1.0,62,50,0.0,0.0,0,0,0,0,3654,0.792,0.1103,-0.632,0.98; 0.95; 0.87; 0.92; 0.86; 0.91; 1.0; 0.78; 0.93; 0.88,weather_prediction_dataset.csv,MAASTRICHT_humidity,bar,histogram
0.1336,0.0,1.0,488,50,0.0,0.0,0,0,0,0,3654,1.016,0.0093,-0.2597,1.0251; 1.0286; 1.0236; 1.0165; 1.0205; 1.0178; 1.0223; 1.0196; 1.0261; 1.0366,weather_prediction_dataset.csv,MAASTRICHT_pressure,bar,histogram
0.0939,0.0,1.0,343,50,0.0,0.0,0,0,0,0,3654,1.1934,0.9029,0.6145,0.06; 0.14; 0.15; 0.07; 0.44; 0.33; 0.32; 0.19; 0.36; 0.21,weather_prediction_dataset.csv,MAASTRICHT_global_radiation,bar,histogram
0.0567,0.0,1.0,207,50,0.0,0.0,0,0,0,0,3654,0.2206,0.4441,3.619,0.17; 0.0; 0.02; 1.33; 0.26; 0.09; 0.04; 0.46; 0.53; 0.06,weather_prediction_dataset.csv,MAASTRICHT_precipitation,bar,histogram
0.0416,0.0,1.0,152,50,0.0,0.0,0,0,0,0,3654,4.6524,4.0153,0.6411,0.0; 0.9; 6.2; 2.7; 3.3; 3.4; 6.7; 7.2; 2.1; 0.7,weather_prediction_dataset.csv,MAASTRICHT_sunshine,bar,histogram
0.0884,0.0,1.0,323,50,0.0,0.0,0,0,0,0,3654,10.8402,6.6041,-0.1286,5.6; 6.2; 6.8; 7.3; 5.2; 6.6; 5.9; 4.0; -0.3; -0.2,weather_prediction_dataset.csv,MAASTRICHT_temp_mean,bar,histogram
0.0794,0.0,1.0,290,50,0.0,0.0,0,0,0,0,3654,6.8549,5.9547,-0.2931,4.1; 4.2; 6.1; 0.6; 3.3; 4.6; -0.4; -3.1; -3.4; -2.2,weather_prediction_dataset.csv,MAASTRICHT_temp_min,bar,histogram
0.0996,0.0,1.0,364,50,0.0,0.0,0,0,0,0,3654,14.8059,7.6534,0.0164,6.9; 7.5; 7.9; 9.0; 8.4; 10.3; 7.8; 7.3; 6.1; 2.1,weather_prediction_dataset.csv,MAASTRICHT_temp_max,bar,histogram
0.0252,0.0,1.0,92,50,0.0,0.0,0,0,0,0,3654,2.918,1.5342,0.786,2.5; 3.8; 4.3; 3.9; 3.2; 4.6; 2.9; 3.0; 4.8; 5.1,weather_prediction_dataset.csv,MALMO_wind_speed,bar,histogram
0.0517,0.0,1.0,189,50,0.0,0.0,0,0,0,0,3654,0.1667,0.3952,5.3365,0.27; 0.0; 0.06; 0.75; 0.03; 0.17; 0.07; 0.26; 0.4; 0.5,weather_prediction_dataset.csv,MALMO_precipitation,bar,histogram
0.0878,0.0,1.0,321,50,0.0,0.0,0,0,0,0,3654,9.165,6.8979,-0.1236,2.9; 3.7; 5.6; 4.5; 3.8; 4.1; 4.7; 2.5; 2.8; 3.2,weather_prediction_dataset.csv,MALMO_temp_mean,bar,histogram
0.0881,0.0,1.0,322,50,0.0,0.0,0,0,0,0,3654,5.6632,6.477,-0.3179,0.9; 1.0; 4.0; 3.0; 2.5; 1.6; 4.2; 1.9; 1.2; 2.8,weather_prediction_dataset.csv,MALMO_temp_min,bar,histogram
0.0955,0.0,1.0,349,50,0.0,0.0,0,0,0,0,3654,12.7318,7.849,0.024,3.6; 5.4; 6.9; 6.4; 5.5; 6.2; 5.0; 4.9; 3.3; 3.9,weather_prediction_dataset.csv,MALMO_temp_max,bar,histogram
0.0298,0.0,1.0,109,50,0.0,0.0,0,0,0,0,3654,3.681,2.134,0.76,3.8; 5.8; 0.4; 1.1; 3.4; 0.5; 2.4; 1.9; 7.0; 5.6,weather_prediction_dataset.csv,MONTELIMAR_wind_speed,bar,histogram
0.0175,0.0,1.0,64,50,0.0,0.0,0,0,0,0,3654,0.6908,0.129,0.0322,0.85; 0.82; 0.92; 0.91; 0.81; 0.89; 0.94; 0.77; 0.78; 0.84,weather_prediction_dataset.csv,MONTELIMAR_humidity,bar,histogram
0.1067,0.0,1.0,390,50,0.0,0.0,0,0,0,0,3654,1.0171,0.007,-0.2001,1.0269; 1.0287; 1.0316; 1.0274; 1.0234; 1.0249; 1.025; 1.0248; 1.0245; 1.0312,weather_prediction_dataset.csv,MONTELIMAR_pressure,bar,histogram
0.0985,0.0,1.0,360,50,0.0,0.0,0,0,0,0,3654,1.6478,1.0071,0.2356,0.3; 0.54; 0.53; 0.64; 0.7; 0.35; 0.66; 0.52; 0.2; 0.44,weather_prediction_dataset.csv,MONTELIMAR_global_radiation,bar,histogram
0.0504,0.0,1.0,184,50,0.0,0.0,0,0,0,0,3654,0.2534,0.9108,7.4795,0.0; 0.5; 0.12; 0.3; 0.28; 0.02; 0.14; 0.1; 0.24; 0.04,weather_prediction_dataset.csv,MONTELIMAR_precipitation,bar,histogram
0.0881,0.0,1.0,322,50,0.0,0.0,0,0,0,0,3654,14.2412,7.1939,-0.0229,5.5; 8.3; 3.2; 7.2; 8.2; 5.6; 6.6; 4.5; 4.8; 6.4,weather_prediction_dataset.csv,MONTELIMAR_temp_mean,bar,histogram
0.0785,0.0,1.0,287,50,0.0,0.0,0,0,0,0,3654,9.5352,6.3267,-0.1036,2.5; 6.8; -2.1; 2.3; 1.5; 0.0; 1.3; 1.6; 5.5; 4.8,weather_prediction_dataset.csv,MONTELIMAR_temp_min,bar,histogram
0.1059,0.0,1.0,387,50,0.0,0.0,0,0,0,0,3654,18.9487,8.5576,0.0347,8.5; 9.8; 12.1; 14.8; 11.3; 12.0; 7.3; 7.2; 7.4; 7.0,weather_prediction_dataset.csv,MONTELIMAR_temp_max,bar,histogram
0.0025,0.0,1.0,9,9,0.0,0.0,0,1,0,0,3654,5.2261,2.3185,-0.5896,8; 6; 7; 5; 3; 2; 0; 1; 4,weather_prediction_dataset.csv,MUENCHEN_cloud_cover,bar,bar
0.0235,0.0,1.0,86,50,0.0,0.0,0,0,0,0,3654,2.7923,1.3154,1.8299,2.6; 2.1; 2.7; 3.3; 0.9; 1.4; 1.8; 1.0; 2.3; 2.0,weather_prediction_dataset.csv,MUENCHEN_wind_speed,bar,histogram
0.0624,0.0,1.0,228,50,0.0,0.0,0,0,0,0,3654,9.7698,4.2912,1.1933,9.4; 8.2; 6.9; 11.7; 13.2; 3.5; 6.1; 5.6; 3.4; 5.5,weather_prediction_dataset.csv,MUENCHEN_wind_gust,bar,histogram
0.0192,0.0,1.0,70,50,0.0,0.0,0,0,0,0,3654,0.7419,0.1329,-0.3698,0.91; 0.9; 0.92; 0.75; 0.87; 0.99; 0.82; 0.78; 0.95; 0.88,weather_prediction_dataset.csv,MUENCHEN_humidity,bar,histogram
0.1232,0.0,1.0,450,50,0.0,0.0,0,0,0,0,3654,1.0175,0.0082,-0.027,1.0273; 1.0321; 1.0317; 1.026; 1.0248; 1.0256; 1.027; 1.0253; 1.0255; 1.034,weather_prediction_dataset.csv,MUENCHEN_pressure,bar,histogram
0.0941,0.0,1.0,344,50,0.0,0.0,0,0,0,0,3654,1.4264,0.9839,0.5402,0.2; 0.66; 0.28; 0.58; 0.26; 0.49; 0.48; 0.21; 0.67; 0.8,weather_prediction_dataset.csv,MUENCHEN_global_radiation,bar,histogram
0.0676,0.0,1.0,247,50,0.0,0.0,0,0,0,0,3654,0.2617,0.5996,5.2062,0.2; 0.0; 0.04; 0.13; 0.65; 0.78; 0.75; 0.52; 0.24; 0.09,weather_prediction_dataset.csv,MUENCHEN_precipitation,bar,histogram
0.043,0.0,1.0,157,50,0.0,0.0,0,0,0,0,3654,5.2198,4.5948,0.4504,0.0; 6.1; 0.4; 4.5; 0.2; 2.8; 2.5; 4.2; 5.2; 7.8,weather_prediction_dataset.csv,MUENCHEN_sunshine,bar,histogram
0.0996,0.0,1.0,364,50,0.0,0.0,0,0,0,0,3654,10.0516,7.9032,-0.1472,1.7; 1.9; -0.4; 3.8; 5.3; -1.0; 3.4; 2.7; 1.8; -0.6,weather_prediction_dataset.csv,MUENCHEN_temp_mean,bar,histogram
0.0936,0.0,1.0,342,50,0.0,0.0,0,0,0,0,3654,5.9971,7.0559,-0.2683,-0.5; -0.2; -3.3; -2.8; 4.3; -3.4; -2.4; 0.4; -1.0; -1.6,weather_prediction_dataset.csv,MUENCHEN_temp_min,bar,histogram
0.1111,0.0,1.0,406,50,0.0,0.0,0,0,0,0,3654,14.5403,9.1702,-0.0636,2.6; 5.8; 0.9; 6.6; 7.3; 4.3; 7.6; 8.6; 2.5; 2.1,weather_prediction_dataset.csv,MUENCHEN_temp_max,bar,histogram
0.0025,0.0,1.0,9,9,0.0,0.0,0,1,0,0,3654,5.6081,2.1707,-0.6472,7; 6; 1; 8; 4; 5; 3; 0; 2,weather_prediction_dataset.csv,OSLO_cloud_cover,bar,bar
0.0235,0.0,1.0,86,50,0.0,0.0,0,0,0,0,3654,2.6637,1.3643,1.1728,0.9; 1.9; 1.7; 3.4; 1.2; 7.0; 5.3; 6.0; 2.9; 1.5,weather_prediction_dataset.csv,OSLO_wind_speed,bar,histogram
0.0504,0.0,1.0,184,50,0.0,0.0,0,0,0,0,3654,9.0948,3.4715,0.6182,5.1; 5.7; 8.7; 11.8; 17.0; 15.9; 17.5; 10.8; 6.2; 9.8,weather_prediction_dataset.csv,OSLO_wind_gust,bar,histogram
0.0203,0.0,1.0,74,50,0.0,0.0,0,0,0,0,3654,0.7233,0.1511,-0.5725,0.94; 0.88; 0.58; 0.9; 0.76; 0.78; 0.89; 0.96; 0.79; 0.65,weather_prediction_dataset.csv,OSLO_humidity,bar,histogram
0.1612,0.0,1.0,589,50,0.0,0.0,0,0,0,0,3654,1.0114,0.012,-0.1157,1.013; 1.0076; 1.0016; 0.9982; 1.0055; 0.995; 1.0018; 0.994; 1.0094; 1.0218,weather_prediction_dataset.csv,OSLO_pressure,bar,histogram
0.0952,0.0,1.0,348,50,0.0,0.0,0,0,0,0,3654,1.0472,0.9785,0.7693,0.04; 0.11; 0.13; 0.05; 0.18; 0.09; 0.03; 0.08; 0.15; 0.02,weather_prediction_dataset.csv,OSLO_global_radiation,bar,histogram
0.0651,0.0,1.0,238,50,0.0,0.0,0,0,0,0,3654,0.2398,0.5124,3.4571,0.6; 0.0; 0.06; 0.13; 0.18; 0.46; 0.32; 0.25; 0.31; 0.14,weather_prediction_dataset.csv,OSLO_precipitation,bar,histogram
0.0476,0.0,1.0,174,50,0.0,0.0,0,0,0,0,3654,4.8487,4.8795,0.8744,0.0; 1.6; 5.3; 4.7; 5.6; 2.2; 2.8; 3.1; 4.0; 6.3,weather_prediction_dataset.csv,OSLO_sunshine,bar,histogram
0.1004,0.0,1.0,367,50,0.0,0.0,0,0,0,0,3654,7.1982,7.9909,-0.1283,-5.0; -0.8; 1.2; 2.1; -0.7; 5.3; 3.8; 5.5; 1.6; -0.6,weather_prediction_dataset.csv,OSLO_temp_mean,bar,histogram
0.0963,0.0,1.0,352,50,0.0,0.0,0,0,0,0,3654,3.8455,7.5023,-0.2366,-8.6; -6.7; -1.1; -0.5; -4.0; -0.1; 0.4; 4.3; -0.2; -3.6,weather_prediction_dataset.csv,OSLO_temp_min,bar,histogram
0.1136,0.0,1.0,415,50,0.0,0.0,0,0,0,0,3654,11.0334,9.0021,-0.0191,-3.2; 2.4; 3.8; 5.1; 0.5; 6.5; 6.0; 6.4; 5.0; 2.5,weather_prediction_dataset.csv,OSLO_temp_max,bar,histogram
0.0361,0.0,1.0,132,50,0.0,0.0,0,0,0,0,3654,4.6694,2.6514,1.0404,4.4; 2.9; 2.5; 1.5; 2.6; 3.8; 0.9; 4.2; 6.5; 3.1,weather_prediction_dataset.csv,PERPIGNAN_wind_speed,bar,histogram
0.0205,0.0,1.0,75,50,0.0,0.0,0,0,0,0,3654,0.6515,0.1491,-0.0658,0.71; 0.67; 0.85; 0.74; 0.56; 0.83; 0.84; 0.58; 0.63; 0.82,weather_prediction_dataset.csv,PERPIGNAN_humidity,bar,histogram
0.107,0.0,1.0,391,50,0.0,0.0,0,0,0,0,3654,1.0165,0.0068,-0.3788,1.0267; 1.0278; 1.0288; 1.0269; 1.0219; 1.0231; 1.0248; 1.0239; 1.0234; 1.0301,weather_prediction_dataset.csv,PERPIGNAN_pressure,bar,histogram
0.0988,0.0,1.0,361,50,0.0,0.0,0,0,0,0,3654,1.7118,0.9417,0.2678,0.6; 0.96; 0.93; 0.56; 0.83; 0.86; 0.98; 0.45; 0.22; 0.75,weather_prediction_dataset.csv,PERPIGNAN_global_radiation,bar,histogram
0.04,0.0,1.0,146,50,0.0,0.0,0,0,0,0,3654,0.1507,0.7729,10.7807,0.0; 0.02; 0.5; 1.58; 0.86; 0.06; 1.46; 0.3; 0.04; 0.4,weather_prediction_dataset.csv,PERPIGNAN_precipitation,bar,histogram
0.0805,0.0,1.0,294,50,0.0,0.0,0,0,0,0,3654,16.0355,6.4769,0.0132,12.2; 9.8; 8.6; 9.2; 7.4; 9.9; 9.1; 9.0; 6.7; 3.2,weather_prediction_dataset.csv,PERPIGNAN_temp_mean,bar,histogram
0.0821,0.0,1.0,300,50,0.0,0.0,0,0,0,0,3654,11.6159,6.3739,-0.1258,10.3; 5.1; 4.1; 4.3; 3.6; 1.8; 3.0; 5.9; 7.7; 7.3,weather_prediction_dataset.csv,PERPIGNAN_temp_min,bar,histogram
0.0889,0.0,1.0,325,50,0.0,0.0,0,0,0,0,3654,20.4553,6.9749,0.0562,14.0; 14.6; 13.2; 12.8; 14.9; 13.0; 16.8; 12.3; 10.2; 11.2,weather_prediction_dataset.csv,PERPIGNAN_temp_max,bar,histogram
0.0025,0.0,1.0,9,9,0.0,0.0,0,1,0,0,3654,3.5208,2.1983,0.181,0; 2; 1; 3; 5; 7; 4; 6; 8,weather_prediction_dataset.csv,ROMA_cloud_cover,bar,bar
0.0189,0.0,1.0,69,50,0.0,0.0,0,0,0,0,3654,0.735,0.121,-0.2912,0.72; 0.74; 0.77; 0.85; 0.92; 0.89; 0.9; 0.88; 0.93; 0.8,weather_prediction_dataset.csv,ROMA_humidity,bar,histogram
0.1026,0.0,1.0,375,50,0.0,0.0,0,0,0,0,3654,1.0152,0.0067,-0.1429,1.0244; 1.0263; 1.0288; 1.0273; 1.0238; 1.0246; 1.0245; 1.0236; 1.0264; 1.0301,weather_prediction_dataset.csv,ROMA_pressure,bar,histogram
0.087,0.0,1.0,318,50,0.0,0.0,0,0,0,0,3654,1.5682,0.8785,0.0854,0.92; 0.81; 0.89; 0.74; 0.86; 0.87; 0.62; 0.26; 0.75; 0.27,weather_prediction_dataset.csv,ROMA_global_radiation,bar,histogram
0.0372,0.0,1.0,136,50,0.0,0.0,0,0,0,0,3654,7.1624,4.0159,-0.4193,8.4; 6.5; 0.0; 8.2; 7.5; 8.0; 6.8; 3.0; 6.3; 6.2,weather_prediction_dataset.csv,ROMA_sunshine,bar,histogram
0.0796,0.0,1.0,291,50,0.0,0.0,0,0,0,0,3654,16.0596,6.941,0.0318,1.6; 4.2; 3.8; 6.0; 5.0; 5.4; 6.7; 6.2; 7.0; 8.5,weather_prediction_dataset.csv,ROMA_temp_mean,bar,histogram
0.0405,0.0,1.0,148,50,0.0,0.0,0,0,0,0,3654,11.1701,6.425,-0.0965,3.0; 0.0; 11.1; 2.0; -1.2; 2.2; 0.8; 4.2; 3.8; 4.6,weather_prediction_dataset.csv,ROMA_temp_min,bar,histogram
0.0473,0.0,1.0,173,50,0.0,0.0,0,0,0,0,3654,21.1032,7.6263,0.0859,8.0; 8.4; 21.1; 10.0; 11.2; 10.8; 11.6; 9.8; 13.2; 12.4,weather_prediction_dataset.csv,ROMA_temp_max,bar,histogram
0.0025,0.0,1.0,9,9,0.0,0.0,0,1,0,0,3654,5.4469,2.4375,-0.6956,7; 5; 3; 1; 4; 0; 2; 8; 6,weather_prediction_dataset.csv,SONNBLICK_cloud_cover,bar,bar
0.023,0.0,1.0,84,50,0.0,0.0,0,0,0,0,3654,0.854,0.1749,-1.6802,0.89; 0.86; 0.41; 0.25; 0.77; 0.45; 0.36; 0.53; 0.59; 0.97,weather_prediction_dataset.csv,SONNBLICK_humidity,bar,histogram
0.1076,0.0,1.0,393,50,0.0,0.0,0,0,0,0,3654,1.6939,0.8983,0.5551,0.82; 0.6; 0.81; 1.05; 0.69; 0.89; 0.87; 0.91; 0.75; 0.25,weather_prediction_dataset.csv,SONNBLICK_global_radiation,bar,histogram
0.0892,0.0,1.0,326,50,0.0,0.0,0,0,0,0,3654,0.5415,0.7713,1.9909,1.34; 0.39; 0.0; 0.11; 0.17; 0.2; 0.38; 0.95; 2.49; 0.12,weather_prediction_dataset.csv,SONNBLICK_precipitation,bar,histogram
0.043,0.0,1.0,157,50,0.0,0.0,0,0,0,0,3654,4.8911,4.4709,0.409,0.0; 2.8; 5.1; 8.7; 3.4; 8.4; 8.8; 5.2; 5.8; 9.0,weather_prediction_dataset.csv,SONNBLICK_sunshine,bar,histogram
0.092,0.0,1.0,336,50,0.0,0.0,0,0,0,0,3654,-4.6263,6.9871,-0.2708,-15.2; -13.7; -9.2; -5.6; -7.6; -6.6; -7.9; -8.5; -10.6; -13.3,weather_prediction_dataset.csv,SONNBLICK_temp_mean,bar,histogram
0.09,0.0,1.0,329,50,0.0,0.0,0,0,0,0,3654,-6.8843,7.1203,-0.3528,-17.0; -15.0; -12.5; -7.0; -9.4; -9.2; -9.6; -11.9; -15.1; -14.8,weather_prediction_dataset.csv,SONNBLICK_temp_min,bar,histogram
0.092,0.0,1.0,336,50,0.0,0.0,0,0,0,0,3654,-2.3522,6.9729,-0.2246,-13.4; -12.3; -5.8; -4.2; -3.8; -6.5; -7.4; -9.2; -11.6; -11.2,weather_prediction_dataset.csv,SONNBLICK_temp_max,bar,histogram
0.003,0.0,1.0,11,11,0.0,0.0,0,1,0,0,3654,5.2458,3.3625,-16.4604,8; 7; 2; 5; 6; 4; 3; 1; 0,weather_prediction_dataset.csv,STOCKHOLM_cloud_cover,bar,bar
0.1568,0.0,1.0,573,50,0.0,0.0,0,0,0,0,3654,1.0111,0.0338,-29.0068,1.0163; 1.0108; 1.0071; 0.9947; 1.0072; 1.0057; 1.0062; 1.0003; 1.0107; 1.0225,weather_prediction_dataset.csv,STOCKHOLM_pressure,bar,histogram
0.046,0.0,1.0,168,50,0.0,0.0,0,0,0,0,3654,0.149,0.3454,4.4806,0.17; 0.2; 0.08; 0.0; 0.37; 0.03; 0.02; 0.44; 0.07; 0.11,weather_prediction_dataset.csv,STOCKHOLM_precipitation,bar,histogram
0.0493,0.0,1.0,180,50,0.0,0.0,0,0,0,0,3654,5.1015,4.9431,0.6749,0.0; 1.8; 5.0; 2.2; 1.7; 3.9; 0.9; 5.3; 4.4; 0.2,weather_prediction_dataset.csv,STOCKHOLM_sunshine,bar,histogram
0.0991,0.0,1.0,362,50,0.0,0.0,0,0,0,0,3654,8.0498,7.8296,-0.0659,-2.3; 1.3; 0.8; 3.5; -0.6; 2.5; 2.9; 5.1; 3.9; 1.2,weather_prediction_dataset.csv,STOCKHOLM_temp_mean,bar,histogram
0.0961,0.0,1.0,351,50,0.0,0.0,0,0,0,0,3654,5.1042,7.2507,-0.1917,-9.3; 0.5; -1.0; 2.5; -1.8; -0.6; 1.7; 3.5; 3.3; 0.0,weather_prediction_dataset.csv,STOCKHOLM_temp_min,bar,histogram
0.1103,0.0,1.0,403,50,0.0,0.0,0,0,0,0,3654,11.4706,8.9502,0.0604,0.7; 2.0; 2.8; 4.6; 2.9; 4.0; 4.1; 6.4; 5.1; 5.5,weather_prediction_dataset.csv,STOCKHOLM_temp_max,bar,histogram
0.0241,0.0,1.0,88,50,0.0,0.0,0,0,0,0,3654,3.6773,1.5199,0.7729,1.6; 2.0; 3.4; 4.9; 3.6; 2.8; 3.0; 1.9; 1.8; 2.4,weather_prediction_dataset.csv,TOURS_wind_speed,bar,histogram
0.0175,0.0,1.0,64,50,0.0,0.0,0,0,0,0,3654,0.7819,0.1156,-0.4967,0.97; 0.99; 0.91; 0.95; 0.92; 0.96; 0.94; 0.98; 0.88; 0.83,weather_prediction_dataset.csv,TOURS_humidity,bar,histogram
0.1226,0.0,1.0,448,50,0.0,0.0,0,0,0,0,3654,1.0166,0.0189,-42.7243,1.0275; 1.0293; 1.0267; 1.0222; 1.0209; 1.0258; 1.021; 1.028; 1.0369; 1.0383,weather_prediction_dataset.csv,TOURS_pressure,bar,histogram
0.095,0.0,1.0,347,50,0.0,0.0,0,0,0,0,3654,1.3698,0.9265,0.4327,0.25; 0.17; 0.27; 0.11; 0.39; 0.55; 0.18; 0.43; 0.58; 0.2,weather_prediction_dataset.csv,TOURS_global_radiation,bar,histogram
0.0334,0.0,1.0,122,50,0.0,0.0,0,0,0,0,3654,0.1861,0.4222,4.2331,0.04; 0.16; 0.0; 0.44; 0.2; 0.14; 0.02; 0.08; 0.1; 0.84,weather_prediction_dataset.csv,TOURS_precipitation,bar,histogram
0.0865,0.0,1.0,316,50,0.0,0.0,0,0,0,0,3654,12.2058,6.4672,-0.0842,8.5; 7.9; 8.1; 8.6; 8.0; 7.1; 6.0; 8.2; 5.6; 1.8,weather_prediction_dataset.csv,TOURS_temp_mean,bar,histogram
0.0764,0.0,1.0,279,50,0.0,0.0,0,0,0,0,3654,7.8605,5.6923,-0.2187,7.2; 6.6; 6.4; 3.5; 3.3; 5.3; 3.7; -1.5; -2.0; -2.7,weather_prediction_dataset.csv,TOURS_temp_min,bar,histogram
0.1024,0.0,1.0,374,50,0.0,0.0,0,0,0,0,3654,16.5518,7.7149,0.0548,9.8; 9.2; 9.6; 10.8; 9.5; 10.7; 8.8; 11.0; 7.6; 5.0,weather_prediction_dataset.csv,TOURS_temp_max,bar,histogram
1.0,0.0,0.0,178258,50,19.0,1.0,0,0,0,0,178262,0.0,0.0,0.0,1998-12-31 01:00:00; 1998-12-31 02:00:00; 1998-12-31 03:00:00; 1998-12-31 04:00:00; 1998-12-31 05:00:00; 1998-12-31 06:00:00; 1998-12-31 07:00:00; 1998-12-31 08:00:00; 1998-12-31 09:00:00; 1998-12-31 10:00:00,pjm_hourly_est.csv,Datetime,line,none
0.1043,0.3197,1.0,12643,50,0.0,0.0,0,1,0,0,178262,15499.5137,2591.3991,0.379,13478.0; 12865.0; 12577.0; 12517.0; 12670.0; 13038.0; 13692.0; 14297.0; 14719.0; 14941.0,pjm_hourly_est.csv,AEP,bar,histogram
0.1577,0.627,1.0,10485,50,0.0,0.0,0,1,0,0,178262,11420.1521,2304.1395,1.1618,9970.0; 9428.0; 9059.0; 8817.0; 8743.0; 8735.0; 8993.0; 9363.0; 9545.0; 9676.0,pjm_hourly_est.csv,COMED,bar,histogram
0.0195,0.3197,1.0,2361,50,0.0,0.0,0,1,0,0,178262,2037.8511,393.4032,0.5238,1596.0; 1517.0; 1486.0; 1469.0; 1472.0; 1518.0; 1598.0; 1691.0; 1748.0; 1825.0,pjm_hourly_est.csv,DAYTON,bar,histogram
0.0553,0.6761,1.0,3192,50,0.0,0.0,0,1,0,0,178262,3105.0965,599.859,0.6766,2945.0; 2868.0; 2812.0; 2860.0; 2957.0; 3072.0; 3182.0; 3192.0; 3266.0; 3308.0,pjm_hourly_est.csv,DEOK,bar,histogram
0.1004,0.3482,1.0,11664,50,0.0,0.0,0,1,0,0,178262,10949.2036,2413.9466,0.6981,9389.0; 9070.0; 9001.0; 9042.0; 9132.0; 9353.0; 9722.0; 10193.0; 10586.0; 10916.0,pjm_hourly_est.csv,DOM,bar,histogram
0.0158,0.3321,1.0,1882,50,0.0,0.0,0,1,0,0,178262,1658.8203,301.7406,0.8513,1458.0; 1377.0; 1351.0; 1336.0; 1356.0; 1372.0; 1402.0; 1425.0; 1502.0; 1556.0,pjm_hourly_est.csv,DUQ,bar,histogram
0.0471,0.7457,1.0,2134,50,0.0,0.0,0,1,0,0,178262,1464.2184,378.8684,0.9486,1861.0; 1835.0; 1841.0; 1872.0; 1934.0; 1995.0; 2101.0; 2186.0; 2180.0; 2090.0,pjm_hourly_est.csv,EKPC,bar,histogram
0.107,0.6473,1.0,6725,50,0.0,0.0,0,1,0,0,178262,7792.1591,1331.268,0.6642,6222.0; 5973.0; 5778.0; 5707.0; 5691.0; 5803.0; 5995.0; 6307.0; 6548.0; 6786.0,pjm_hourly_est.csv,FE,bar,histogram
0.1784,0.6721,1.0,10428,50,0.0,0.0,0,1,0,0,178262,11701.6829,2371.4987,0.9724,9810.0; 9001.0; 8509.0; 8278.0; 8089.0; 8208.0; 8431.0; 8891.0; 9098.0; 9237.0,pjm_hourly_est.csv,NI,bar,histogram
0.1957,0.1845,1.0,28441,50,0.0,0.0,0,1,0,0,178262,32080.2228,6464.0122,0.739,26498.0; 25147.0; 24574.0; 24393.0; 24860.0; 26222.0; 28702.0; 30698.0; 31800.0; 32359.0,pjm_hourly_est.csv,PJME,bar,histogram
0.0373,0.1967,1.0,5343,50,0.0,0.0,0,1,0,0,178262,5602.3751,979.1429,0.3349,5077.0; 4939.0; 4885.0; 4857.0; 4930.0; 5126.0; 5493.0; 5824.0; 5962.0; 6019.0,pjm_hourly_est.csv,PJMW,bar,histogram
0.5127,0.8155,1.0,16865,50,0.0,0.0,0,1,0,0,178262,29766.4274,5849.77,0.5575,29309.0; 28236.0; 27692.0; 27596.0; 27888.0; 29382.0; 31373.0; 33272.0; 34133.0; 35232.0,pjm_hourly_est.csv,PJM_Load,histogram,histogram
0.0012,0.0,0.0,1085,50,10.0,1.0,0,0,0,0,878503,0.0,0.0,0.0,2020-07-01,annex2.csv,Date,line,line
0.9671,0.0,0.0,849632,50,11.98,1.0,0,0,0,0,878503,0.0,0.0,0.0,09:15:07.924; 09:17:27.295; 09:17:33.905; 09:19:45.450; 09:20:23.686; 09:21:55.556; 09:21:56.536; 09:22:01.274; 09:22:01.476; 09:22:15.998,annex2.csv,Time,line,none
0.0003,0.0,1.0,246,50,0.0,0.0,0,1,0,0,878503,103031278328503.3,717436816050.8367,5.2824,102900005117056; 102900005115960; 102900005115823; 102900005115908; 102900005115779; 102900011008522; 102900005118824; 102900005115984; 102900005116530; 102900005116226,annex2.csv,Item Code,bar,histogram
0.0032,0.0,1.0,2794,50,0.0,0.0,0,0,0,0,878503,0.5361,0.4001,75.8426,0.396; 0.849; 0.409; 0.421; 0.539; 0.277; 0.338; 0.132; 0.213; 0.514,annex2.csv,Quantity Sold (kilo),bar,histogram
0.0003,0.0,1.0,264,50,0.0,0.0,0,0,0,0,878503,8.9171,6.3113,3.0602,7.6; 3.2; 10.0; 8.0; 6.0; 18.0; 14.0; 9.0; 16.0; 39.8,annex2.csv,Unit Selling Price (RMB/kg),bar,histogram
0.0,0.0,0.0,2,2,4.0,0.0,1,0,0,0,878503,0.0,0.0,0.0,sale,annex2.csv,Sale or Return,pie,pie
0.0,0.0,0.0,2,2,2.05,0.0,1,0,0,0,878503,0.0,0.0,0.0,No,annex2.csv,Discount (Yes/No),pie,pie
1.0,0.0,1.0,384977,50,0.0,0.0,0,1,0,1,384977,7040982040.4677,8800376.3051,-1.0971,7049044568; 7049047186; 7043634882; 7049045324; 7049043759; 7046327064; 7049020738; 7049041899; 7049041451; 7049041434,housing.csv,id,none,none
1.0,0.0,0.0,384977,50,89.83,0.0,0,0,0,1,384977,0.0,0.0,0.0,https://reno.craigslist.org/apa/d/reno-beautiful-3x2-newly-renovated/7049044568.html; https://reno.craigslist.org/apa/d/reno-reduced-lovely-2bd-2ba-condo/7049047186.html; https://reno.craigslist.org/apa/d/sparks-state-of-the-art-fitness-center/7043634882.html; https://reno.craigslist.org/apa/d/reno-1x1-first-floor-washer-dryer-no/7049045324.html; https://reno.craigslist.org/apa/d/reno-no-long-term...,housing.csv,url,none,none
0.001,0.0,0.0,404,50,11.61,0.0,0,0,0,0,384977,0.0,0.0,0.0,reno / tahoe; sacramento; boulder; visalia-tulare,housing.csv,region,bar,bar
0.0011,0.0,0.0,413,50,31.27,0.0,0,0,0,0,384977,0.0,0.0,0.0,https://reno.craigslist.org; https://sacramento.craigslist.org; https://boulder.craigslist.org; https://visalia.craigslist.org,housing.csv,region_url,bar,none
0.0103,0.0,1.0,3961,50,0.0,0.5355,0,1,0,0,384977,8825.7223,4462199.8765,620.2416,1148; 1200; 1813; 1095; 289; 1093; 935; 1525; 1295; 1086,housing.csv,price,bar,line
0.0,0.0,0.0,12,12,8.57,0.0,0,0,0,0,384977,0.0,0.0,0.0,apartment; condo; house; duplex; townhouse,housing.csv,type,bar,bar
0.0085,0.0,1.0,3277,50,0.0,0.429,0,1,0,0,384977,1059.8996,19150.7572,409.9453,1078; 1001; 1683; 708; 250; 720; 661; 1053; 930; 3115,housing.csv,sqfeet,bar,line
0.0,0.0,1.0,11,11,0.0,0.0,0,1,0,0,384977,1.9053,3.4946,282.238,3; 2; 1; 0; 4; 5,housing.csv,beds,bar,bar
0.0001,0.0,1.0,20,20,0.0,0.0,0,0,0,0,384977,1.4807,0.6181,10.1019,2.0; 1.0; 3.0; 1.5; 2.5; 3.5,housing.csv,baths,bar,histogram
0.0,0.0,1.0,2,2,0.0,0.0,1,1,0,0,384977,0.7269,0.4456,-1.0185,1; 0,housing.csv,cats_allowed,bar,pie
0.0,0.0,1.0,2,2,0.0,0.0,1,1,0,0,384977,0.7079,0.4547,-0.9145,1; 0,housing.csv,dogs_allowed,bar,pie
0.0,0.0,1.0,2,2,0.0,0.0,1,1,0,0,384977,0.7318,0.443,-1.0463,0; 1,housing.csv,smoking_allowed,bar,pie
0.0,0.0,1.0,2,2,0.0,0.0,1,1,0,0,384977,0.0821,0.2745,3.0444,0; 1,housing.csv,wheelchair_access,bar,pie
0.0,0.0,1.0,2,2,0.0,0.0,1,1,0,0,384977,0.0129,0.1127,8.6434,0; 1,housing.csv,electric_vehicle_charge,bar,pie
0.0,0.0,1.0,2,2,0.0,0.0,1,1,0,0,384977,0.0481,0.214,4.2224,0; 1,housing.csv,comes_furnished,bar,pie
0.0,0.2053,0.0,5,5,12.32,0.0,0,0,0,0,384977,0.0,0.0,0.0,w/d in unit; w/d hookups; laundry on site; laundry in bldg; no laundry on site,housing.csv,laundry_options,bar,bar
0.0,0.3654,0.0,7,7,15.17,0.0,0,0,0,0,384977,0.0,0.0,0.0,carport; attached garage; off-street parking; detached garage; street parking; no parking,housing.csv,parking_options,bar,bar
0.4703,0.0,0.0,181068,50,58.95,0.0,0,0,0,0,384977,0.0,0.0,0.0,https://images.craigslist.org/01616_daghmBUvTCI_600x450.jpg; https://images.craigslist.org/00V0V_5va0MkgO9qu_600x450.jpg; https://images.craigslist.org/00t0t_erYqC6LgB8r_600x450.jpg; https://images.craigslist.org/00303_3HSJz75zlIf_600x450.jpg; https://images.craigslist.org/01616_fALAWFV8zQN_600x450.jpg; https://images.craigslist.org/00808_1EfWoZv4NXC_600x450.jpg; https://images.craigslist.org/00C0...,housing.csv,image_url,none,none
0.7295,0.0,0.0,280836,50,1157.34,0.0,0,0,0,0,384977,0.0,0.0,0.0,"Ridgeview by Vintage is where you will find all of your apartment living needs at a price you can afford!  Our spacious homes are located just off the freeway for easy access to shopping and entertainment, as well as a short drive from all the wonderful outdoor activities that the Truckee Meadows has to offer! Newly renovated homes and we have BRAND-NEW APPLIANCES! Some of the apartment features i...",housing.csv,description,none,none
0.1482,0.005,1.0,56772,50,0.0,0.0,0,0,0,0,384977,37.2335,5.5462,0.2538,39.5483; 39.5026; 39.6269; 39.4477; 39.5357; 39.4572; 39.5118; 39.6185; 39.5193; 39.5987,housing.csv,lat,bar,none
0.1411,0.005,1.0,54035,50,0.0,0.0,0,0,0,0,384977,-92.7006,16.532,-0.0459,-119.796; -119.789; -119.708; -119.771; -119.805; -119.776; -119.802; -119.672; -119.897; -119.693,housing.csv,long,bar,histogram
0.0001,0.0,0.0,51,50,2.0,0.0,0,0,0,0,384977,0.0,0.0,0.0,ca; co,housing.csv,state,bar,bar
1.0,0.0,1.0,955339,50,0.0,0.0,0,1,0,0,955339,219135544.3296,12615887.9092,0.0063,190326475; 200106753; 200320258; 200907217; 220614831; 231808869; 230110144; 220314085; 231309864; 211904005,Crime_Data_from_2020_to_Present.csv,DR_NO,histogram,none
0.0017,0.0,0.0,1637,50,22.0,1.0,0,0,0,0,955339,0.0,0.0,0.0,03/01/2020 12:00:00 AM; 02/09/2020 12:00:00 AM; 11/11/2020 12:00:00 AM; 05/10/2023 12:00:00 AM; 08/18/2022 12:00:00 AM; 04/04/2023 12:00:00 AM; 07/22/2022 12:00:00 AM; 04/28/2023 12:00:00 AM; 12/31/2020 12:00:00 AM; 01/21/2022 12:00:00 AM,Crime_Data_from_2020_to_Present.csv,Date Rptd,line,line
0.0015,0.0,1.0,1439,50,0.0,0.716,0,1,0,0,955339,1338.453,652.1865,-0.4342,2130; 1800; 1700; 2037; 1200; 2300; 900; 1110; 1400; 1220,Crime_Data_from_2020_to_Present.csv,TIME OCC,line,line
0.0,0.0,1.0,21,21,0.0,0.0,0,1,0,0,955339,10.718,6.1004,0.0087,7; 1; 3; 9; 6; 18; 13; 19; 2; 10,Crime_Data_from_2020_to_Present.csv,AREA,bar,histogram
0.0,0.0,0.0,21,21,8.29,0.0,0,0,0,0,955339,0.0,0.0,0.0,Wilshire; Central; Southwest; Van Nuys; Hollywood; Southeast; Newton; Mission; Rampart; West Valley,Crime_Data_from_2020_to_Present.csv,AREA NAME,bar,bar
0.0013,0.0,1.0,1209,50,0.0,0.541,0,1,0,0,955339,1118.2435,610.0982,0.0156,784; 182; 356; 964; 666; 1826; 303; 1375; 1974; 1822,Crime_Data_from_2020_to_Present.csv,Rpt Dist No,bar,line
0.0,0.0,1.0,2,2,0.0,0.0,1,1,0,0,955339,1.4078,0.4914,0.3752,1; 2,Crime_Data_from_2020_to_Present.csv,Part 1-2,bar,pie
0.0001,0.0,1.0,139,50,0.0,0.0,0,1,0,0,955339,500.6677,206.8678,0.5035,510; 330; 480; 343; 354; 624; 821; 812; 810; 230,Crime_Data_from_2020_to_Present.csv,Crm Cd,bar,histogram
0.0001,0.0,0.0,139,50,29.19,0.0,0,0,0,0,955339,0.0,0.0,0.0,"VEHICLE - STOLEN; BURGLARY FROM VEHICLE; BIKE - STOLEN; SHOPLIFTING-GRAND THEFT ($950.01 & OVER); THEFT OF IDENTITY; BATTERY - SIMPLE ASSAULT; SODOMY/SEXUAL CONTACT B/W PENIS OF ONE PERS TO ANUS OTH; CRM AGNST CHLD (13 OR UNDER) (14-15 & SUSP 10 YRS OLDER); SEX,UNLAWFUL(INC MUTUAL CONSENT, PENETRATION W/ FRGN OBJ; ASSAULT WITH DEADLY WEAPON, AGGRAVATED ASSAULT",Crime_Data_from_2020_to_Present.csv,Crm Cd Desc,bar,none
0.3756,0.1431,0.0,307531,50,16.55,0.161,0,0,0,0,955339,0.0,0.0,0.0,1822 1402 0344; 0344 1251; 0325 1501; 1822 1501 0930 2004; 1822 0100 0930 0929; 0930 0929; 0100; 0416; 1822 0930; 0913 2024 1817 0360 1258 0507,Crime_Data_from_2020_to_Present.csv,Mocodes,none,bar
0.0001,0.0,1.0,104,50,0.0,0.0,0,1,0,0,955339,29.3831,21.9097,0.1431,0; 47; 19; 28; 41; 25; 27; 24; 26; 8,Crime_Data_from_2020_to_Present.csv,Vict Age,bar,histogram
0.0,0.1361,0.0,5,5,1.0,0.0,0,0,0,0,955339,0.0,0.0,0.0,M; X; F,Crime_Data_from_2020_to_Present.csv,Vict Sex,bar,bar
0.0,0.1361,0.0,20,20,1.0,0.0,0,0,0,0,955339,0.0,0.0,0.0,O; X; H; B; W; A; C; K; J; F,Crime_Data_from_2020_to_Present.csv,Vict Descent,bar,bar
0.0003,0.0,1.0,314,50,0.0,0.0,0,1,0,0,955339,306.2552,217.8442,0.5468,101.0; 128.0; 502.0; 405.0; 102.0; 501.0; 248.0; 750.0; 751.0; 203.0,Crime_Data_from_2020_to_Present.csv,Premis Cd,bar,histogram
0.0003,0.0006,0.0,306,50,17.6,0.0,0,0,0,0,955339,0.0,0.0,0.0,"STREET; BUS STOP/LAYOVER (ALSO QUERY 124); MULTI-UNIT DWELLING (APARTMENT, DUPLEX, ETC); CLOTHING STORE; SIDEWALK; SINGLE FAMILY DWELLING; CELL PHONE STORE; CYBERSPACE; WEBSITE; OTHER BUSINESS",Crime_Data_from_2020_to_Present.csv,Premis Desc,bar,none
0.0002,0.6598,1.0,79,50,0.0,0.0,0,1,0,0,955339,363.7415,123.6061,-0.9936,400.0; 307.0; 500.0; 511.0; 301.0; 102.0; 106.0; 200.0; 305.0; 205.0,Crime_Data_from_2020_to_Present.csv,Weapon Used Cd,bar,histogram
0.0002,0.6598,0.0,79,50,32.65,0.0,0,0,0,0,955339,0.0,0.0,0.0,"STRONG-ARM (HANDS, FIST, FEET OR BODILY FORCE); VEHICLE; UNKNOWN WEAPON/OTHER WEAPON; VERBAL THREAT; BELT FLAILING INSTRUMENT/CHAIN; HAND GUN; UNKNOWN FIREARM; KNIFE WITH BLADE 6INCHES OR LESS; FIXED OBJECT; KITCHEN KNIFE",Crime_Data_from_2020_to_Present.csv,Weapon Desc,bar,none
0.0,0.0,0.0,6,6,2.0,0.0,0,0,0,0,955339,0.0,0.0,0.0,AA; IC; JA; AO,Crime_Data_from_2020_to_Present.csv,Status,bar,bar
0.0,0.0,0.0,6,6,11.08,0.0,0,0,0,0,955339,0.0,0.0,0.0,Adult Arrest; Invest Cont; Juv Arrest; Adult Other,Crime_Data_from_2020_to_Present.csv,Status Desc,bar,none
0.0001,0.0,1.0,141,50,0.0,0.0,0,1,0,0,955339,500.4158,206.6613,0.5046,510.0; 330.0; 480.0; 343.0; 354.0; 624.0; 812.0; 810.0; 230.0; 956.0,Crime_Data_from_2020_to_Present.csv,Crm Cd 1,bar,histogram
0.0018,0.9283,1.0,126,50,0.0,0.0,0,1,0,0,955339,958.1073,110.3168,-3.6877,998.0; 821.0; 860.0; 820.0; 813.0; 812.0; 815.0; 814.0; 946.0; 230.0,Crime_Data_from_2020_to_Present.csv,Crm Cd 2,bar,histogram
0.0161,0.9976,1.0,37,37,0.0,0.0,0,1,0,0,955339,984.102,51.6623,-5.2639,815.0; 998.0; 930.0; 910.0; 761.0; 933.0; 810.0; 860.0; 626.0; 740.0,Crime_Data_from_2020_to_Present.csv,Crm Cd 3,bar,none
0.0938,0.9999,1.0,6,6,0.0,0.0,0,1,0,0,955339,991.2188,27.0699,-4.8431,998.0; 930.0; 821.0; 910.0; 999.0; 946.0,Crime_Data_from_2020_to_Present.csv,Crm Cd 4,bar,none
0.0689,0.0,0.0,65865,50,35.89,0.036,0,0,0,0,955339,0.0,0.0,0.0,1900 S  LONGWOOD                     AV; 1000 S  FLOWER                       ST; 1400 W  37TH                         ST; 14000    RIVERSIDE                    DR; 1900    TRANSIENT; 9900    COMPTON                      AV; 1100 S  GRAND                        AV; 2500 S  SYCAMORE                     AV; 1300 E  57TH                         ST; 9000    CEDROS                       AV,Crime_Data_from_2020_to_Present.csv,LOCATION,bar,bar
0.0685,0.8441,0.0,10206,50,20.74,0.092,0,0,0,0,955339,0.0,0.0,0.0,VANOWEN                      AV; INGLEWOOD; GLADYS                       AV; WALL; 43RD                         ST; LEXINGTON; OSBORNE; ENCINO; ROSCOE                       BL; BLUFF CREEK                  DR,Crime_Data_from_2020_to_Present.csv,Cross Street,bar,none
0.0057,0.0,1.0,5422,50,0.0,0.0,0,0,0,0,955339,33.9934,1.6605,-20.3308,34.0375; 34.0444; 34.021; 34.1576; 34.0944; 33.9467; 34.0415; 34.0335; 33.9911; 34.2336,Crime_Data_from_2020_to_Present.csv,LAT,bar,none
0.0052,0.0,1.0,4979,50,0.0,0.0,0,0,0,0,955339,-118.0743,5.7557,20.4587,-118.3506; -118.2628; -118.3002; -118.4387; -118.3277; -118.2463; -118.262; -118.3537; -118.2521; -118.4535,Crime_Data_from_2020_to_Present.csv,LON,bar,none
1.0,0.0,0.0,2222742,50,10.0,0.0,0,0,0,1,2222742,0.0,0.0,0.0,B09B96TG33; B01HTH3C8S; B09B8YWXDF; B09B8T5VGV; B09WX6QD65; B09B97WSLF; B09B9615X2; B01MTB55WH; B016MO90GW; B09ZQF5GZW,amz_uk_processed_data.csv,asin,none,none
0.9327,0.0,0.0,2073245,50,118.81,0.0,0,0,0,0,2222742,0.0,0.0,0.0,"Echo Dot (5th generation, 2022 release) | Big vibrant sound Wi-Fi and Bluetooth smart speaker with Alexa | Charcoal; Anker Soundcore mini, Super-Portable Bluetooth Speaker with 15-Hour Playtime, 66-Foot Bluetooth Range, Wireless Speaker with Enhanced Bass, Noise-Cancelling Microphone, for Outdoor, Travel, Home; Echo Dot (5th generation, 2022 release) | Big vibrant sound Wi-Fi and Bluetooth smart s...",amz_uk_processed_data.csv,title,none,none
0.7964,0.0,0.0,1770232,50,62.08,0.0,0,0,0,0,2222742,0.0,0.0,0.0,https://m.media-amazon.com/images/I/71C3lbbeLsL._AC_UL320_.jpg; https://m.media-amazon.com/images/I/61c5rSxwP0L._AC_UL320_.jpg; https://m.media-amazon.com/images/I/61j3SEUjMJL._AC_UL320_.jpg; https://m.media-amazon.com/images/I/71yf6yTNWSL._AC_UL320_.jpg; https://m.media-amazon.com/images/I/613dEoF9-rL._AC_UL320_.jpg; https://m.media-amazon.com/images/I/71bnkM5q8CL._AC_UL320_.jpg; https://m.media-...,amz_uk_processed_data.csv,imgUrl,none,none
1.0,0.0,0.0,2222742,50,38.0,0.0,0,0,0,1,2222742,0.0,0.0,0.0,https://www.amazon.co.uk/dp/B09B96TG33; https://www.amazon.co.uk/dp/B01HTH3C8S; https://www.amazon.co.uk/dp/B09B8YWXDF; https://www.amazon.co.uk/dp/B09B8T5VGV; https://www.amazon.co.uk/dp/B09WX6QD65; https://www.amazon.co.uk/dp/B09B97WSLF; https://www.amazon.co.uk/dp/B09B9615X2; https://www.amazon.co.uk/dp/B01MTB55WH; https://www.amazon.co.uk/dp/B016MO90GW; https://www.amazon.co.uk/dp/B09ZQF5GZW,amz_uk_processed_data.csv,productURL,none,none
0.0,0.0,1.0,42,42,0.0,0.0,0,0,0,0,2222742,2.0319,2.1855,0.1879,4.7; 4.6; 4.5; 4.8; 0.0; 4.4; 4.3; 4.1; 4.9; 5.0,amz_uk_processed_data.csv,stars,bar,histogram
0.0077,0.0,1.0,17216,50,0.0,0.052,0,1,0,0,2222742,382.1617,5020.752,137.4579,15308; 98099; 7205; 1881; 103673; 29909; 16014; 11920; 726; 18333,amz_uk_processed_data.csv,reviews,bar,histogram
0.0372,0.0,1.0,82687,50,0.0,0.015,0,0,0,0,2222742,94.2574,360.6225,26.5362,21.99; 23.99; 31.99; 17.99; 39.99; 29.99; 139.0; 49.99; 64.99; 26.99,amz_uk_processed_data.csv,price,bar,histogram
0.0,0.0,1.0,2,2,0.0,0.0,1,1,0,0,2222742,0.0027,0.052,19.1403,False; True,amz_uk_processed_data.csv,isBestSeller,bar,pie
0.0,0.0,1.0,25,25,0.0,0.0035,0,1,0,0,2222742,18.569,191.903,53.2792,0; 600; 1000; 200,amz_uk_processed_data.csv,boughtInLastMonth,bar,histogram
0.0001,0.0,0.0,296,50,18.38,0.0,0,0,0,0,2222742,0.0,0.0,0.0,Hi-Fi Speakers,amz_uk_processed_data.csv,categoryName,bar,bar
0.9991,0.0,1.0,1478439,50,0.0,0.0325,0,1,0,1,1479775,932971.5273,495430.7436,-0.1202,27205; 157336; 155; 19995; 24428; 293660; 299536; 550; 118340; 680,TMDB_movie_dataset_v11.csv,id,none,none
0.8475,0.0,0.0,1254027,50,20.2,0.001,0,0,0,0,1479775,0.0,0.0,0.0,Inception; Interstellar; The Dark Knight; Avatar; The Avengers; Deadpool; Avengers: Infinity War; Fight Club; Guardians of the Galaxy; Pulp Fiction,TMDB_movie_dataset_v11.csv,title,none,none
0.0034,0.0,1.0,5025,50,0.0,0.0,0,0,0,0,1479775,1.5015,2.826,1.5794,8.364; 8.417; 8.512; 7.573; 7.71; 7.606; 8.255; 8.438; 7.906; 8.488,TMDB_movie_dataset_v11.csv,vote_average,bar,histogram
0.0024,0.0,1.0,3598,50,0.0,0.0015,0,1,1,0,1479775,14.5019,279.2629,46.7505,34495; 32571; 30619; 29815; 29166; 28894; 27713; 27238; 26638; 25893,TMDB_movie_dataset_v11.csv,vote_count,bar,histogram
0.0,0.0,0.0,6,6,8.16,0.0,0,0,0,0,1479775,0.0,0.0,0.0,Released,TMDB_movie_dataset_v11.csv,status,bar,bar
0.0386,0.233,0.0,43866,50,10.0,1.0,0,0,0,0,1479775,0.0,0.0,0.0,2010-07-15; 2014-11-05; 2008-07-16; 2009-12-15; 2012-04-25; 2016-02-09; 2018-04-25; 1999-10-15; 2014-07-30; 1994-09-10,TMDB_movie_dataset_v11.csv,release_date,line,line
0.0099,0.0,1.0,14714,50,0.0,0.0025,0,1,0,0,1479775,607522.0192,19551205.3146,97.1227,825532764; 701729206; 1004558444; 2923706026; 1518815515; 783100000; 2052415039; 100853753; 772776600; 213900000,TMDB_movie_dataset_v11.csv,revenue,bar,histogram
0.0006,0.0,1.0,833,50,0.0,0.0,0,1,0,0,1479775,43.287,60.423,29.5998,148; 169; 152; 162; 143; 108; 149; 139; 121; 154,TMDB_movie_dataset_v11.csv,runtime,bar,histogram
0.0,0.0,1.0,2,2,0.0,0.0,1,1,0,0,1479775,0.0991,0.2988,2.6831,False,TMDB_movie_dataset_v11.csv,adult,bar,pie
0.9893,0.7553,0.0,358182,50,31.97,0.0,0,0,0,1,1479775,0.0,0.0,0.0,/8ZTVqvKDQ8emSGUEMjsS4yHAwrp.jpg; /pbrkL804c8yAv3zBZR4QPEafpAR.jpg; /nMKdUUepR0i5zn0y1T4CsSB5chy.jpg; /vL5LR6WdxWPjLPFRLe133jXWsh5.jpg; /9BBTo63ANSmhC4e6r62OJFuK2GL.jpg; /en971MEXui9diirXlogOrPKmsEn.jpg; /mDfJG3LC3Dqb67AZ52x3Z0jU0uB.jpg; /hZkgoQYus5vegHoetLkCJzb17zJ.jpg; /uLtVbjvS1O7gXL8lUOwsFOH4man.jpg; /suaEOtk1N1sgg2MTM7oZd2cfVp3.jpg,TMDB_movie_dataset_v11.csv,backdrop_path,none,none
0.0046,0.0,1.0,6778,50,0.0,0.015,0,1,0,0,1479775,230764.3749,5172941.8705,63.1914,160000000; 165000000; 185000000; 237000000; 220000000; 58000000; 300000000; 63000000; 170000000; 8500000,TMDB_movie_dataset_v11.csv,budget,bar,histogram
0.9333,0.8976,0.0,141460,50,45.29,0.0,0,0,0,0,1479775,0.0,0.0,0.0,https://www.warnerbros.com/movies/inception; http://www.interstellarmovie.net/; https://www.warnerbros.com/movies/dark-knight/; https://www.avatar.com/movies/avatar; https://www.marvel.com/movies/the-avengers; https://www.20thcenturystudios.com/movies/deadpool; https://www.marvel.com/movies/avengers-infinity-war; http://www.foxmovies.com/movies/fight-club; http://marvel.com/guardians; https://www....,TMDB_movie_dataset_v11.csv,homepage,none,none
0.9928,0.5392,0.0,676917,50,9.24,0.0,0,0,0,1,1479775,0.0,0.0,0.0,tt1375666; tt0816692; tt0468569; tt0499549; tt0848228; tt1431045; tt4154756; tt0137523; tt2015381; tt0110912,TMDB_movie_dataset_v11.csv,imdb_id,none,none
0.0001,0.0,0.0,179,50,2.0,0.0,0,0,0,0,1479775,0.0,0.0,0.0,en; ko; fr; ja; it,TMDB_movie_dataset_v11.csv,original_language,bar,bar
0.8738,0.0,0.0,1293003,50,19.23,0.001,0,0,0,0,1479775,0.0,0.0,0.0,Inception; Interstellar; The Dark Knight; Avatar; The Avengers; Deadpool; Avengers: Infinity War; Fight Club; Guardians of the Galaxy; Pulp Fiction,TMDB_movie_dataset_v11.csv,original_title,none,none
0.9644,0.2321,0.0,1095767,50,264.24,0.0,0,0,0,1,1479775,0.0,0.0,0.0,"Cobb, a skilled thief who commits corporate espionage by infiltrating the subconscious of his targets is offered a chance to regain his old life as payment for a task considered to be impossible: ""inception"", the implantation of another person's idea into a target's subconscious.; The adventures of a group of explorers who make use of a newly discovered wormhole to surpass the limitations on human...",TMDB_movie_dataset_v11.csv,overview,none,none
0.0137,0.0,1.0,20225,50,0.0,0.0,0,0,0,0,1479775,0.9707,6.6681,196.409,83.952; 140.241; 130.643; 79.932; 98.082; 72.735; 154.34; 69.498; 33.255; 74.862,TMDB_movie_dataset_v11.csv,popularity,bar,histogram
0.9934,0.3626,0.0,936961,50,31.97,0.0,0,0,0,1,1479775,0.0,0.0,0.0,/oYuLEt3zVCKq57qu2F8dT7NIa6f.jpg; /gEU2QniE6E77NI6lCU6MxlNBvIx.jpg; /qJ2tW6WMUDux911r6m7haRef0WH.jpg; /kyeqWdyUXW608qlYkRqosgbbJyK.jpg; /RYMX2wcKCBAr24UyPD7xwmjaTn.jpg; /zq8Cl3PNIDGU3iWNRoc5nEZ6pCe.jpg; /7WsyChQLEftFiDOVTGkv3hFpyyt.jpg; /pB8BM7pdSp6B6Ih7QZ4DrQ3PmJK.jpg; /r7vmZjiyZw9rpJMQJdXpjgiCOk9.jpg; /d5iIlFn5s0ImszYzBPb8JPIfbXD.jpg,TMDB_movie_dataset_v11.csv,poster_path,none,none
0.9541,0.8601,0.0,197571,50,44.72,0.0005,0,0,0,1,1479775,0.0,0.0,0.0,Your mind is the scene of the crime.; Mankind was born on Earth. It was never meant to die here.; Welcome to a world without rules.; Enter the world of Pandora.; Some assembly required.; Witness the beginning of a happy ending.; An entire universe. Once and for all.; Mischief. Mayhem. Soap.; All heroes start somewhere.; Just because you are a character doesn't mean you have character.,TMDB_movie_dataset_v11.csv,tagline,none,none
0.0189,0.4466,0.0,15454,50,11.96,0.0,0,0,0,0,1479775,0.0,0.0,0.0,"Action, Science Fiction, Adventure; Adventure, Drama, Science Fiction; Drama, Action, Crime, Thriller; Action, Adventure, Fantasy, Science Fiction; Science Fiction, Action, Adventure; Action, Adventure, Comedy; Adventure, Action, Science Fiction; Drama; Thriller, Crime; Comedy, Drama, Romance",TMDB_movie_dataset_v11.csv,genres,bar,bar
0.3897,0.579,0.0,242749,50,23.93,0.0005,0,0,0,0,1479775,0.0,0.0,0.0,"Legendary Pictures, Syncopy, Warner Bros. Pictures; Legendary Pictures, Syncopy, Lynda Obst Productions; DC Comics, Legendary Pictures, Syncopy, Isobel Griffiths, Warner Bros. Pictures; Dune Entertainment, Lightstorm Entertainment, 20th Century Fox, Ingenious Media; Marvel Studios; 20th Century Fox, The Donners' Company, Genre Films; Regency Enterprises, Fox 2000 Pictures, Taurus Film, Atman Enter...",TMDB_movie_dataset_v11.csv,production_companies,none,bar
0.0149,0.4916,0.0,11245,50,13.29,0.0,0,0,0,0,1479775,0.0,0.0,0.0,"United Kingdom, United States of America; United States of America, United Kingdom; United States of America; Canada, United States of America; New Zealand, United States of America; Australia, United States of America, South Africa; France, Germany, United States of America; Canada, Hong Kong, Taiwan, United States of America; Canada, United Kingdom, United States of America; Canada, India, Unite...",TMDB_movie_dataset_v11.csv,production_countries,bar,bar
0.0098,0.4723,0.0,7674,50,8.18,0.0,0,0,0,0,1479775,0.0,0.0,0.0,"English, French, Japanese, Swahili; English; English, Mandarin; English, Spanish; English, Hindi, Russian; English, Xhosa; English, Spanish, French; English, Persian, Urdu, Arabic; English, French, German; English, Japanese, Xhosa",TMDB_movie_dataset_v11.csv,spoken_languages,bar,bar
0.5817,0.7564,0.0,209666,50,38.3,0.0005,0,0,0,0,1479775,0.0,0.0,0.0,"rescue, mission, dream, airplane, paris, france, virtual reality, kidnapping, philosophy, spy, allegory, manipulation, car crash, heist, memory, architecture, los angeles, california, dream world, subconscious; rescue, future, spacecraft, race against time, artificial intelligence (a.i.), nasa, time warp, dystopia, expedition, space travel, wormhole, famine, black hole, quantum mechanics, family r...",TMDB_movie_dataset_v11.csv,keywords,none,none
0.0,0.0,1.0,25,25,0.0,0.0,0,1,0,0,2237605,17.2684,10.649,1.0911,18; 14; 25; 35; 9; 17; 23; 77; 22; 1,crime.csv,Dc_Dist,bar,histogram
0.0,0.0,0.0,30,30,1.0,0.0,0,0,0,0,2237605,0.0,0.0,0.0,3; 1; J; D; R; K; A; L; P; 2,crime.csv,Psa,bar,bar
0.7778,0.0,0.0,1740489,50,19.0,1.0,0,0,0,0,2237605,0.0,0.0,0.0,2009-10-02 14:24:00; 2009-05-10 00:55:00; 2009-08-07 15:40:00; 2009-07-19 01:09:00; 2009-06-25 00:14:00; 2015-04-25 12:50:00; 2009-02-10 14:33:00; 2009-04-02 18:30:00; 2009-03-18 01:14:00; 2009-06-14 20:30:00,crime.csv,Dispatch_Date_Time,line,none
0.0018,0.0,0.0,4100,50,10.0,1.0,0,0,0,0,2237605,0.0,0.0,0.0,2009-10-02; 2009-05-10; 2009-08-07; 2009-07-19; 2009-06-25; 2015-04-25; 2009-02-10; 2009-04-02; 2009-03-18; 2009-06-14,crime.csv,Dispatch_Date,line,line
0.0006,0.0,0.0,1440,50,8.0,1.0,0,0,0,0,2237605,0.0,0.0,0.0,14:24:00; 00:55:00; 15:40:00; 01:09:00; 00:14:00; 12:50:00; 14:33:00; 18:30:00; 01:14:00; 20:30:00,crime.csv,Dispatch_Time,line,line
0.0,0.0,1.0,24,24,0.0,0.0,0,1,0,0,2237605,13.1599,6.8,-0.4629,14; 0; 15; 1; 12; 18; 20; 16; 22; 8,crime.csv,Hour,bar,histogram
1.0,0.0,1.0,2237605,50,0.0,0.04,0,1,0,1,2237605,201097527079.3349,323468416.9387,0.122,200918067518; 200914033994; 200925083199; 200935061008; 200909030511; 201517017705; 200923006310; 200977001770; 200935021299; 200923029129,crime.csv,Dc_Key,none,none
0.0521,0.0,0.0,116656,50,21.7,0.0,0,0,0,0,2237605,0.0,0.0,0.0,S 38TH ST  / MARKETUT ST; 8500 BLOCK MITCH; 6TH CAMBRIA; 5500 BLOCK N 5TH ST; 1800 BLOCK WYLIE ST; 800 BLOCK S BROAD ST; 2200 BLOCK RIDGE AVE; TERMINAL A W; N 5TH SOMMERVILLE; N 2828 W  MASTER STST,crime.csv,Location_Block,bar,bar
0.0,0.0003,1.0,26,26,0.0,0.0,0,1,0,0,2237605,1271.354,814.351,0.6215,800.0; 2600.0; 1500.0; 600.0; 500.0; 400.0; 2400.0; 1400.0; 900.0; 1100.0,crime.csv,UCR_General,bar,histogram
0.0,0.0003,0.0,33,33,18.44,0.0,0,0,0,0,2237605,0.0,0.0,0.0,Other Assaults; All Other Offenses; Weapon Violations; Thefts; Burglary Non-Residential; Aggravated Assault Firearm; Theft from Vehicle; Disorderly Conduct; Vandalism/Criminal Mischief; Arson,crime.csv,Text_General_Code,bar,bar
0.0,0.0089,1.0,22,22,0.0,0.0,0,1,0,0,2237605,12.064,5.7921,-0.2751,20.0; 8.0; 13.0; 16.0; 2.0; 17.0; 11.0; 15.0; 14.0; 10.0,crime.csv,Police_Districts,bar,histogram
0.0001,0.0,0.0,135,50,7.0,1.0,0,0,0,0,2237605,0.0,0.0,0.0,2009-10; 2009-05; 2009-08; 2009-07; 2009-06; 2015-04; 2009-02; 2009-04; 2009-03; 2009-01,crime.csv,Month,line,line
0.089,0.0078,1.0,197531,50,0.0,0.0,0,0,0,0,2237605,-75.1499,0.0597,0.5638,-75.130477; -75.16635; -75.166412; -75.171149; -75.160229; -75.163073; -75.075602; -75.122057; -75.178874; -75.069032,crime.csv,Lon,bar,none
0.0763,0.0078,1.0,169409,50,0.0,0.0,0,0,0,0,2237605,39.992,0.0453,0.2156,40.036389; 39.969532; 39.94007; 39.979586; 39.976134; 39.977872; 40.04127; 39.990907; 39.975724; 40.01243,crime.csv,Lat,bar,none
